ISO-10303-21;
HEADER;
/* Generated by software containing ST-Developer
 * from STEP Tools, Inc. (www.steptools.com) 
 */

FILE_DESCRIPTION(
/* description */ (''),
/* implementation_level */ '2;1');

FILE_NAME(
/* name */ 'ESP32-EVB(Rev.K).step',
/* time_stamp */ '2025-11-27T17:06:37+02:00',
/* author */ (''),
/* organization */ (''),
/* preprocessor_version */ 'ST-DEVELOPER v20.1',
/* originating_system */ 'Autodesk Translation Framework v14.21.0.0',
/* authorisation */ '');

FILE_SCHEMA (('AUTOMOTIVE_DESIGN { 1 0 10303 214 3 1 1 }'));
ENDSEC;

DATA;
#10=MECHANICAL_DESIGN_GEOMETRIC_PRESENTATION_REPRESENTATION('',(#321,#322),
#16244);
#11=SHAPE_REPRESENTATION_RELATIONSHIP('SRR','None',#16258,#12);
#12=ADVANCED_BREP_SHAPE_REPRESENTATION('',(#323,#324),#16242);
#13=ITEM_DEFINED_TRANSFORMATION($,$,#9155,#9756);
#14=ITEM_DEFINED_TRANSFORMATION($,$,#9154,#9757);
#15=(
REPRESENTATION_RELATIONSHIP($,$,#16259,#16258)
REPRESENTATION_RELATIONSHIP_WITH_TRANSFORMATION(#13)
SHAPE_REPRESENTATION_RELATIONSHIP()
);
#16=(
REPRESENTATION_RELATIONSHIP($,$,#16258,#16257)
REPRESENTATION_RELATIONSHIP_WITH_TRANSFORMATION(#14)
SHAPE_REPRESENTATION_RELATIONSHIP()
);
#17=CONTEXT_DEPENDENT_SHAPE_REPRESENTATION(#15,#16255);
#18=CONTEXT_DEPENDENT_SHAPE_REPRESENTATION(#16,#16256);
#19=NEXT_ASSEMBLY_USAGE_OCCURRENCE('lid:1','lid:1','lid:1',#16262,#16263,
'lid:1');
#20=NEXT_ASSEMBLY_USAGE_OCCURRENCE('base:1','base:1','base:1',#16261,#16262,
'base:1');
#21=B_SPLINE_SURFACE_WITH_KNOTS('',3,1,((#13031,#13032),(#13033,#13034),
(#13035,#13036),(#13037,#13038),(#13039,#13040)),.UNSPECIFIED.,.F.,.F.,
 .F.,(4,1,4),(2,2),(0.,0.0369727985347625,0.0630831545024492),(0.,0.02),
 .UNSPECIFIED.);
#22=B_SPLINE_SURFACE_WITH_KNOTS('',3,1,((#13048,#13049),(#13050,#13051),
(#13052,#13053),(#13054,#13055),(#13056,#13057)),.UNSPECIFIED.,.F.,.F.,
 .F.,(4,1,4),(2,2),(0.,0.0222676476972578,0.0475416727155104),(0.,0.02),
 .UNSPECIFIED.);
#23=B_SPLINE_SURFACE_WITH_KNOTS('',3,1,((#13065,#13066),(#13067,#13068),
(#13069,#13070),(#13071,#13072),(#13073,#13074)),.UNSPECIFIED.,.F.,.F.,
 .F.,(4,1,4),(2,2),(0.,0.023712075819889,0.0454375396877641),(0.,0.02),
 .UNSPECIFIED.);
#24=B_SPLINE_SURFACE_WITH_KNOTS('',3,1,((#13082,#13083),(#13084,#13085),
(#13086,#13087),(#13088,#13089),(#13090,#13091)),.UNSPECIFIED.,.F.,.F.,
 .F.,(4,1,4),(2,2),(0.,0.0257675535538074,0.0618186734820649),(0.,0.02),
 .UNSPECIFIED.);
#25=B_SPLINE_SURFACE_WITH_KNOTS('',3,1,((#13111,#13112),(#13113,#13114),
(#13115,#13116),(#13117,#13118),(#13119,#13120)),.UNSPECIFIED.,.F.,.F.,
 .F.,(4,1,4),(2,2),(0.,0.0410456039731326,0.0706335369542044),(0.,0.02),
 .UNSPECIFIED.);
#26=B_SPLINE_SURFACE_WITH_KNOTS('',3,1,((#13128,#13129),(#13130,#13131),
(#13132,#13133),(#13134,#13135),(#13136,#13137)),.UNSPECIFIED.,.F.,.F.,
 .F.,(4,1,4),(2,2),(0.,0.0247619125618772,0.0509597062796029),(0.,0.02),
 .UNSPECIFIED.);
#27=B_SPLINE_SURFACE_WITH_KNOTS('',3,1,((#13145,#13146),(#13147,#13148),
(#13149,#13150),(#13151,#13152),(#13153,#13154)),.UNSPECIFIED.,.F.,.F.,
 .F.,(4,1,4),(2,2),(0.,0.0244810884234081,0.0482533428407471),(0.,0.02),
 .UNSPECIFIED.);
#28=B_SPLINE_SURFACE_WITH_KNOTS('',3,1,((#13162,#13163),(#13164,#13165),
(#13166,#13167),(#13168,#13169),(#13170,#13171)),.UNSPECIFIED.,.F.,.F.,
 .F.,(4,1,4),(2,2),(0.,0.029375338850209,0.0709607151981268),(0.,0.02),
 .UNSPECIFIED.);
#29=B_SPLINE_SURFACE_WITH_KNOTS('',3,1,((#13191,#13192),(#13193,#13194),
(#13195,#13196),(#13197,#13198),(#13199,#13200)),.UNSPECIFIED.,.F.,.F.,
 .F.,(4,1,4),(2,2),(0.,0.0458711306265292,0.0786663946923037),(0.,0.02),
 .UNSPECIFIED.);
#30=B_SPLINE_SURFACE_WITH_KNOTS('',3,1,((#13208,#13209),(#13210,#13211),
(#13212,#13213),(#13214,#13215),(#13216,#13217)),.UNSPECIFIED.,.F.,.F.,
 .F.,(4,1,4),(2,2),(0.,0.0267476518861906,0.0537474235116533),(0.,0.02),
 .UNSPECIFIED.);
#31=B_SPLINE_SURFACE_WITH_KNOTS('',3,1,((#13225,#13226),(#13227,#13228),
(#13229,#13230),(#13231,#13232),(#13233,#13234)),.UNSPECIFIED.,.F.,.F.,
 .F.,(4,1,4),(2,2),(0.,0.0265125115796937,0.052480839162131),(0.,0.02),
 .UNSPECIFIED.);
#32=B_SPLINE_SURFACE_WITH_KNOTS('',3,1,((#13242,#13243),(#13244,#13245),
(#13246,#13247),(#13248,#13249),(#13250,#13251)),.UNSPECIFIED.,.F.,.F.,
 .F.,(4,1,4),(2,2),(0.,0.0308592453417968,0.0748247499032676),(0.,0.02),
 .UNSPECIFIED.);
#33=B_SPLINE_SURFACE_WITH_KNOTS('',3,1,((#14338,#14339),(#14340,#14341),
(#14342,#14343),(#14344,#14345),(#14346,#14347)),.UNSPECIFIED.,.F.,.F.,
 .F.,(4,1,4),(2,2),(0.,0.0674631559162415,0.147417833031265),(0.,0.02),
 .UNSPECIFIED.);
#34=B_SPLINE_SURFACE_WITH_KNOTS('',3,1,((#14357,#14358),(#14359,#14360),
(#14361,#14362),(#14363,#14364),(#14365,#14366)),.UNSPECIFIED.,.F.,.F.,
 .F.,(4,1,4),(2,2),(0.,0.0574281583831846,0.117100284190896),(0.,0.02),
 .UNSPECIFIED.);
#35=B_SPLINE_SURFACE_WITH_KNOTS('',3,1,((#14374,#14375),(#14376,#14377),
(#14378,#14379),(#14380,#14381),(#14382,#14383)),.UNSPECIFIED.,.F.,.F.,
 .F.,(4,1,4),(2,2),(0.,0.0560284317766981,0.112328156578217),(0.,0.02),
 .UNSPECIFIED.);
#36=B_SPLINE_SURFACE_WITH_KNOTS('',3,1,((#14391,#14392),(#14393,#14394),
(#14395,#14396),(#14397,#14398),(#14399,#14400)),.UNSPECIFIED.,.F.,.F.,
 .F.,(4,1,4),(2,2),(0.,0.0457266485058038,0.092868053239435),(0.,0.02),
 .UNSPECIFIED.);
#37=B_SPLINE_SURFACE_WITH_KNOTS('',3,1,((#14408,#14409),(#14410,#14411),
(#14412,#14413),(#14414,#14415),(#14416,#14417)),.UNSPECIFIED.,.F.,.F.,
 .F.,(4,1,4),(2,2),(0.,0.0544582668353834,0.102396604625326),(0.,0.02),
 .UNSPECIFIED.);
#38=B_SPLINE_SURFACE_WITH_KNOTS('',3,1,((#14425,#14426),(#14427,#14428),
(#14429,#14430),(#14431,#14432),(#14433,#14434)),.UNSPECIFIED.,.F.,.F.,
 .F.,(4,1,4),(2,2),(0.,0.107590318318924,0.182337085468994),(0.,0.02),
 .UNSPECIFIED.);
#39=B_SPLINE_SURFACE_WITH_KNOTS('',3,1,((#14442,#14443),(#14444,#14445),
(#14446,#14447),(#14448,#14449),(#14450,#14451)),.UNSPECIFIED.,.F.,.F.,
 .F.,(4,1,4),(2,2),(0.,0.0248953245410229,0.0663920716970009),(0.,0.02),
 .UNSPECIFIED.);
#40=B_SPLINE_SURFACE_WITH_KNOTS('',3,1,((#14459,#14460),(#14461,#14462),
(#14463,#14464),(#14465,#14466),(#14467,#14468)),.UNSPECIFIED.,.F.,.F.,
 .F.,(4,1,4),(2,2),(0.,0.0140211241588486,0.0298598058244307),(0.,0.02),
 .UNSPECIFIED.);
#41=B_SPLINE_SURFACE_WITH_KNOTS('',3,1,((#14476,#14477),(#14478,#14479),
(#14480,#14481),(#14482,#14483),(#14484,#14485)),.UNSPECIFIED.,.F.,.F.,
 .F.,(4,1,4),(2,2),(0.,0.0195352855582291,0.0381523830695964),(0.,0.02),
 .UNSPECIFIED.);
#42=B_SPLINE_SURFACE_WITH_KNOTS('',3,1,((#14493,#14494),(#14495,#14496),
(#14497,#14498),(#14499,#14500),(#14501,#14502)),.UNSPECIFIED.,.F.,.F.,
 .F.,(4,1,4),(2,2),(0.,0.0285490017327644,0.0513597839248176),(0.,0.02),
 .UNSPECIFIED.);
#43=B_SPLINE_SURFACE_WITH_KNOTS('',3,1,((#14510,#14511),(#14512,#14513),
(#14514,#14515),(#14516,#14517),(#14518,#14519)),.UNSPECIFIED.,.F.,.F.,
 .F.,(4,1,4),(2,2),(0.,0.0299299567075149,0.0652754483598032),(0.,0.02),
 .UNSPECIFIED.);
#44=B_SPLINE_SURFACE_WITH_KNOTS('',3,1,((#14527,#14528),(#14529,#14530),
(#14531,#14532),(#14533,#14534),(#14535,#14536)),.UNSPECIFIED.,.F.,.F.,
 .F.,(4,1,4),(2,2),(0.,0.0366203342766989,0.0668584187237703),(0.,0.02),
 .UNSPECIFIED.);
#45=B_SPLINE_SURFACE_WITH_KNOTS('',3,1,((#14548,#14549),(#14550,#14551),
(#14552,#14553),(#14554,#14555),(#14556,#14557)),.UNSPECIFIED.,.F.,.F.,
 .F.,(4,1,4),(2,2),(0.,0.0733988500090587,0.157482864067696),(0.,0.02),
 .UNSPECIFIED.);
#46=B_SPLINE_SURFACE_WITH_KNOTS('',3,1,((#14565,#14566),(#14567,#14568),
(#14569,#14570),(#14571,#14572),(#14573,#14574)),.UNSPECIFIED.,.F.,.F.,
 .F.,(4,1,4),(2,2),(0.,0.101909681061392,0.182588586016463),(0.,0.02),
 .UNSPECIFIED.);
#47=B_SPLINE_SURFACE_WITH_KNOTS('',3,1,((#14582,#14583),(#14584,#14585),
(#14586,#14587),(#14588,#14589),(#14590,#14591)),.UNSPECIFIED.,.F.,.F.,
 .F.,(4,1,4),(2,2),(0.,0.0661925981250836,0.150147337107786),(0.,0.02),
 .UNSPECIFIED.);
#48=B_SPLINE_SURFACE_WITH_KNOTS('',3,1,((#14599,#14600),(#14601,#14602),
(#14603,#14604),(#14605,#14606),(#14607,#14608)),.UNSPECIFIED.,.F.,.F.,
 .F.,(4,1,4),(2,2),(0.,0.0497554526318467,0.104487042732562),(0.,0.02),
 .UNSPECIFIED.);
#49=B_SPLINE_SURFACE_WITH_KNOTS('',3,1,((#14616,#14617),(#14618,#14619),
(#14620,#14621),(#14622,#14623),(#14624,#14625)),.UNSPECIFIED.,.F.,.F.,
 .F.,(4,1,4),(2,2),(0.,0.0454659561789788,0.0924016368492447),(0.,0.02),
 .UNSPECIFIED.);
#50=B_SPLINE_SURFACE_WITH_KNOTS('',3,1,((#14633,#14634),(#14635,#14636),
(#14637,#14638),(#14639,#14640),(#14641,#14642)),.UNSPECIFIED.,.F.,.F.,
 .F.,(4,1,4),(2,2),(0.,0.0649127524011672,0.130390097308076),(0.,0.02),
 .UNSPECIFIED.);
#51=B_SPLINE_SURFACE_WITH_KNOTS('',3,1,((#14650,#14651),(#14652,#14653),
(#14654,#14655),(#14656,#14657),(#14658,#14659)),.UNSPECIFIED.,.F.,.F.,
 .F.,(4,1,4),(2,2),(0.,0.109236750243442,0.189870608611421),(0.,0.02),
 .UNSPECIFIED.);
#52=B_SPLINE_SURFACE_WITH_KNOTS('',3,1,((#14667,#14668),(#14669,#14670),
(#14671,#14672),(#14673,#14674),(#14675,#14676)),.UNSPECIFIED.,.F.,.F.,
 .F.,(4,1,4),(2,2),(0.,0.0384002827980454,0.10167637196709),(0.,0.02),
 .UNSPECIFIED.);
#53=B_SPLINE_SURFACE_WITH_KNOTS('',3,1,((#14684,#14685),(#14686,#14687),
(#14688,#14689),(#14690,#14691),(#14692,#14693)),.UNSPECIFIED.,.F.,.F.,
 .F.,(4,1,4),(2,2),(0.,0.0226853304356756,0.0476151371675119),(0.,0.02),
 .UNSPECIFIED.);
#54=B_SPLINE_SURFACE_WITH_KNOTS('',3,1,((#14701,#14702),(#14703,#14704),
(#14705,#14706),(#14707,#14708),(#14709,#14710)),.UNSPECIFIED.,.F.,.F.,
 .F.,(4,1,4),(2,2),(0.,0.025767093453174,0.049457114182466),(0.,0.02),
 .UNSPECIFIED.);
#55=B_SPLINE_SURFACE_WITH_KNOTS('',3,1,((#14718,#14719),(#14720,#14721),
(#14722,#14723),(#14724,#14725),(#14726,#14727)),.UNSPECIFIED.,.F.,.F.,
 .F.,(4,1,4),(2,2),(0.,0.0354536502428262,0.0650029267510489),(0.,0.02),
 .UNSPECIFIED.);
#56=B_SPLINE_SURFACE_WITH_KNOTS('',3,1,((#14735,#14736),(#14737,#14738),
(#14739,#14740),(#14741,#14742),(#14743,#14744)),.UNSPECIFIED.,.F.,.F.,
 .F.,(4,1,4),(2,2),(0.,0.0442332147898138,0.0921729432582874),(0.,0.02),
 .UNSPECIFIED.);
#57=B_SPLINE_SURFACE_WITH_KNOTS('',3,1,((#14752,#14753),(#14754,#14755),
(#14756,#14757),(#14758,#14759),(#14760,#14761)),.UNSPECIFIED.,.F.,.F.,
 .F.,(4,1,4),(2,2),(0.,0.0388442833945881,0.070105906942127),(0.,0.02),
 .UNSPECIFIED.);
#58=B_SPLINE_SURFACE_WITH_KNOTS('',3,1,((#14773,#14774),(#14775,#14776),
(#14777,#14778),(#14779,#14780),(#14781,#14782)),.UNSPECIFIED.,.F.,.F.,
 .F.,(4,1,4),(2,2),(0.,0.0812853267093949,0.166677526471914),(0.,0.02),
 .UNSPECIFIED.);
#59=B_SPLINE_SURFACE_WITH_KNOTS('',3,1,((#14790,#14791),(#14792,#14793),
(#14794,#14795),(#14796,#14797),(#14798,#14799)),.UNSPECIFIED.,.F.,.F.,
 .F.,(4,1,4),(2,2),(0.,0.130371409911299,0.223939575513752),(0.,0.02),
 .UNSPECIFIED.);
#60=B_SPLINE_SURFACE_WITH_KNOTS('',3,1,((#14805,#14806),(#14807,#14808),
(#14809,#14810),(#14811,#14812),(#14813,#14814)),.UNSPECIFIED.,.F.,.F.,
 .F.,(4,1,4),(2,2),(0.,0.0229933906118024,0.0488986683022289),(0.,0.02),
 .UNSPECIFIED.);
#61=B_SPLINE_SURFACE_WITH_KNOTS('',3,1,((#14824,#14825),(#14826,#14827),
(#14828,#14829),(#14830,#14831),(#14832,#14833)),.UNSPECIFIED.,.F.,.F.,
 .F.,(4,1,4),(2,2),(0.,0.0249963064065,0.0477307534376607),(0.,0.02),
 .UNSPECIFIED.);
#62=B_SPLINE_SURFACE_WITH_KNOTS('',3,1,((#14841,#14842),(#14843,#14844),
(#14845,#14846),(#14847,#14848),(#14849,#14850)),.UNSPECIFIED.,.F.,.F.,
 .F.,(4,1,4),(2,2),(0.,0.0281125482984703,0.0553731431615309),(0.,0.02),
 .UNSPECIFIED.);
#63=B_SPLINE_SURFACE_WITH_KNOTS('',3,1,((#14858,#14859),(#14860,#14861),
(#14862,#14863),(#14864,#14865),(#14866,#14867)),.UNSPECIFIED.,.F.,.F.,
 .F.,(4,1,4),(2,2),(0.,0.0304807300182333,0.0596459436640555),(0.,0.02),
 .UNSPECIFIED.);
#64=B_SPLINE_SURFACE_WITH_KNOTS('',3,1,((#14875,#14876),(#14877,#14878),
(#14879,#14880),(#14881,#14882),(#14883,#14884)),.UNSPECIFIED.,.F.,.F.,
 .F.,(4,1,4),(2,2),(0.,0.0124753654859457,0.0218006081766149),(0.,0.02),
 .UNSPECIFIED.);
#65=B_SPLINE_SURFACE_WITH_KNOTS('',3,1,((#14896,#14897),(#14898,#14899),
(#14900,#14901),(#14902,#14903),(#14904,#14905)),.UNSPECIFIED.,.F.,.F.,
 .F.,(4,1,4),(2,2),(0.,0.0234576694170955,0.0550250177812746),(0.,0.02),
 .UNSPECIFIED.);
#66=B_SPLINE_SURFACE_WITH_KNOTS('',3,1,((#14913,#14914),(#14915,#14916),
(#14917,#14918),(#14919,#14920),(#14921,#14922)),.UNSPECIFIED.,.F.,.F.,
 .F.,(4,1,4),(2,2),(0.,0.0306069180308283,0.0640987803738473),(0.,0.02),
 .UNSPECIFIED.);
#67=B_SPLINE_SURFACE_WITH_KNOTS('',3,1,((#14930,#14931),(#14932,#14933),
(#14934,#14935),(#14936,#14937),(#14938,#14939)),.UNSPECIFIED.,.F.,.F.,
 .F.,(4,1,4),(2,2),(0.,0.0374270846783549,0.0694100727793601),(0.,0.02),
 .UNSPECIFIED.);
#68=B_SPLINE_SURFACE_WITH_KNOTS('',3,1,((#14947,#14948),(#14949,#14950),
(#14951,#14952),(#14953,#14954),(#14955,#14956)),.UNSPECIFIED.,.F.,.F.,
 .F.,(4,1,4),(2,2),(0.,0.0331761789040066,0.070430841055769),(0.,0.02),
 .UNSPECIFIED.);
#69=B_SPLINE_SURFACE_WITH_KNOTS('',3,1,((#14964,#14965),(#14966,#14967),
(#14968,#14969),(#14970,#14971),(#14972,#14973)),.UNSPECIFIED.,.F.,.F.,
 .F.,(4,1,4),(2,2),(0.,0.031353841840844,0.0625015665145751),(0.,0.02),
 .UNSPECIFIED.);
#70=B_SPLINE_SURFACE_WITH_KNOTS('',3,1,((#14981,#14982),(#14983,#14984),
(#14985,#14986),(#14987,#14988),(#14989,#14990)),.UNSPECIFIED.,.F.,.F.,
 .F.,(4,1,4),(2,2),(0.,0.02764073290177,0.0571533873333161),(0.,0.02),
 .UNSPECIFIED.);
#71=B_SPLINE_SURFACE_WITH_KNOTS('',3,1,((#14998,#14999),(#15000,#15001),
(#15002,#15003),(#15004,#15005),(#15006,#15007)),.UNSPECIFIED.,.F.,.F.,
 .F.,(4,1,4),(2,2),(0.,0.0444209849927852,0.0769852589187286),(0.,0.02),
 .UNSPECIFIED.);
#72=B_SPLINE_SURFACE_WITH_KNOTS('',3,1,((#15019,#15020),(#15021,#15022),
(#15023,#15024),(#15025,#15026),(#15027,#15028)),.UNSPECIFIED.,.F.,.F.,
 .F.,(4,1,4),(2,2),(0.,0.0497385452399497,0.104775718942013),(0.,0.02),
 .UNSPECIFIED.);
#73=B_SPLINE_SURFACE_WITH_KNOTS('',3,1,((#15036,#15037),(#15038,#15039),
(#15040,#15041),(#15042,#15043),(#15044,#15045)),.UNSPECIFIED.,.F.,.F.,
 .F.,(4,1,4),(2,2),(0.,0.0491593780662005,0.0967530101705304),(0.,0.02),
 .UNSPECIFIED.);
#74=B_SPLINE_SURFACE_WITH_KNOTS('',3,1,((#15053,#15054),(#15055,#15056),
(#15057,#15058),(#15059,#15060),(#15061,#15062)),.UNSPECIFIED.,.F.,.F.,
 .F.,(4,1,4),(2,2),(0.,0.073367060979873,0.131115716352829),(0.,0.02),
 .UNSPECIFIED.);
#75=B_SPLINE_SURFACE_WITH_KNOTS('',3,1,((#15070,#15071),(#15072,#15073),
(#15074,#15075),(#15076,#15077),(#15078,#15079)),.UNSPECIFIED.,.F.,.F.,
 .F.,(4,1,4),(2,2),(0.,0.0627558905178657,0.138852311220211),(0.,0.02),
 .UNSPECIFIED.);
#76=B_SPLINE_SURFACE_WITH_KNOTS('',3,1,((#15087,#15088),(#15089,#15090),
(#15091,#15092),(#15093,#15094),(#15095,#15096)),.UNSPECIFIED.,.F.,.F.,
 .F.,(4,1,4),(2,2),(0.,0.0541407087142084,0.109515230809999),(0.,0.02),
 .UNSPECIFIED.);
#77=B_SPLINE_SURFACE_WITH_KNOTS('',3,1,((#15104,#15105),(#15106,#15107),
(#15108,#15109),(#15110,#15111),(#15112,#15113)),.UNSPECIFIED.,.F.,.F.,
 .F.,(4,1,4),(2,2),(0.,0.051769086261395,0.105061706725214),(0.,0.02),
 .UNSPECIFIED.);
#78=B_SPLINE_SURFACE_WITH_KNOTS('',3,1,((#15121,#15122),(#15123,#15124),
(#15125,#15126),(#15127,#15128),(#15129,#15130)),.UNSPECIFIED.,.F.,.F.,
 .F.,(4,1,4),(2,2),(0.,0.0352621169258313,0.0743127732555769),(0.,0.02),
 .UNSPECIFIED.);
#79=B_SPLINE_SURFACE_WITH_KNOTS('',3,1,((#15138,#15139),(#15140,#15141),
(#15142,#15143),(#15144,#15145),(#15146,#15147)),.UNSPECIFIED.,.F.,.F.,
 .F.,(4,1,4),(2,2),(0.,0.0340604302601456,0.0677357976791764),(0.,0.02),
 .UNSPECIFIED.);
#80=B_SPLINE_SURFACE_WITH_KNOTS('',3,1,((#15155,#15156),(#15157,#15158),
(#15159,#15160),(#15161,#15162),(#15163,#15164)),.UNSPECIFIED.,.F.,.F.,
 .F.,(4,1,4),(2,2),(0.,0.0320767778126323,0.0570196457865364),(0.,0.02),
 .UNSPECIFIED.);
#81=B_SPLINE_SURFACE_WITH_KNOTS('',3,1,((#15172,#15173),(#15174,#15175),
(#15176,#15177),(#15178,#15179),(#15180,#15181)),.UNSPECIFIED.,.F.,.F.,
 .F.,(4,1,4),(2,2),(0.,0.0398443120709016,0.0853378931863094),(0.,0.02),
 .UNSPECIFIED.);
#82=B_SPLINE_SURFACE_WITH_KNOTS('',3,1,((#15189,#15190),(#15191,#15192),
(#15193,#15194),(#15195,#15196),(#15197,#15198)),.UNSPECIFIED.,.F.,.F.,
 .F.,(4,1,4),(2,2),(0.,0.0374197662562161,0.0743981601702691),(0.,0.02),
 .UNSPECIFIED.);
#83=B_SPLINE_SURFACE_WITH_KNOTS('',3,1,((#15206,#15207),(#15208,#15209),
(#15210,#15211),(#15212,#15213),(#15214,#15215)),.UNSPECIFIED.,.F.,.F.,
 .F.,(4,1,4),(2,2),(0.,0.063135697976224,0.125208378133445),(0.,0.02),
 .UNSPECIFIED.);
#84=B_SPLINE_SURFACE_WITH_KNOTS('',3,1,((#15223,#15224),(#15225,#15226),
(#15227,#15228),(#15229,#15230),(#15231,#15232)),.UNSPECIFIED.,.F.,.F.,
 .F.,(4,1,4),(2,2),(0.,0.101784421215525,0.17789223989648),(0.,0.02),
 .UNSPECIFIED.);
#85=B_SPLINE_SURFACE_WITH_KNOTS('',3,1,((#15240,#15241),(#15242,#15243),
(#15244,#15245),(#15246,#15247),(#15248,#15249)),.UNSPECIFIED.,.F.,.F.,
 .F.,(4,1,4),(2,2),(0.,0.0738809889611327,0.165139540877966),(0.,0.02),
 .UNSPECIFIED.);
#86=B_SPLINE_SURFACE_WITH_KNOTS('',3,1,((#15257,#15258),(#15259,#15260),
(#15261,#15262),(#15263,#15264),(#15265,#15266)),.UNSPECIFIED.,.F.,.F.,
 .F.,(4,1,4),(2,2),(0.,0.0724359237976267,0.140136217304977),(0.,0.02),
 .UNSPECIFIED.);
#87=B_SPLINE_SURFACE_WITH_KNOTS('',3,1,((#15278,#15279),(#15280,#15281),
(#15282,#15283),(#15284,#15285),(#15286,#15287)),.UNSPECIFIED.,.F.,.F.,
 .F.,(4,1,4),(2,2),(0.,0.028969300964466,0.0680546234533136),(0.,0.02),
 .UNSPECIFIED.);
#88=B_SPLINE_SURFACE_WITH_KNOTS('',3,1,((#15295,#15296),(#15297,#15298),
(#15299,#15300),(#15301,#15302),(#15303,#15304)),.UNSPECIFIED.,.F.,.F.,
 .F.,(4,1,4),(2,2),(0.,0.0270736325628954,0.0521114692030327),(0.,0.02),
 .UNSPECIFIED.);
#89=B_SPLINE_SURFACE_WITH_KNOTS('',3,1,((#15310,#15311),(#15312,#15313),
(#15314,#15315),(#15316,#15317),(#15318,#15319)),.UNSPECIFIED.,.F.,.F.,
 .F.,(4,1,4),(2,2),(0.,0.0244774470172684,0.0540425191376941),(0.,0.02),
 .UNSPECIFIED.);
#90=B_SPLINE_SURFACE_WITH_KNOTS('',3,1,((#15329,#15330),(#15331,#15332),
(#15333,#15334),(#15335,#15336),(#15337,#15338)),.UNSPECIFIED.,.F.,.F.,
 .F.,(4,1,4),(2,2),(0.,0.0513669778725398,0.0831066743836193),(0.,0.02),
 .UNSPECIFIED.);
#91=B_SPLINE_SURFACE_WITH_KNOTS('',3,1,((#15346,#15347),(#15348,#15349),
(#15350,#15351),(#15352,#15353),(#15354,#15355)),.UNSPECIFIED.,.F.,.F.,
 .F.,(4,1,4),(2,2),(0.,0.0692414074889182,0.160924256473869),(0.,0.02),
 .UNSPECIFIED.);
#92=B_SPLINE_SURFACE_WITH_KNOTS('',3,1,((#15363,#15364),(#15365,#15366),
(#15367,#15368),(#15369,#15370),(#15371,#15372)),.UNSPECIFIED.,.F.,.F.,
 .F.,(4,1,4),(2,2),(0.,0.0542136049135949,0.110763901442516),(0.,0.02),
 .UNSPECIFIED.);
#93=B_SPLINE_SURFACE_WITH_KNOTS('',3,1,((#15380,#15381),(#15382,#15383),
(#15384,#15385),(#15386,#15387),(#15388,#15389)),.UNSPECIFIED.,.F.,.F.,
 .F.,(4,1,4),(2,2),(0.,0.0488096551963614,0.0983698519765013),(0.,0.02),
 .UNSPECIFIED.);
#94=B_SPLINE_SURFACE_WITH_KNOTS('',3,1,((#15397,#15398),(#15399,#15400),
(#15401,#15402),(#15403,#15404),(#15405,#15406)),.UNSPECIFIED.,.F.,.F.,
 .F.,(4,1,4),(2,2),(0.,0.050550499283082,0.0996836137292169),(0.,0.02),
 .UNSPECIFIED.);
#95=B_SPLINE_SURFACE_WITH_KNOTS('',3,1,((#15414,#15415),(#15416,#15417),
(#15418,#15419),(#15420,#15421),(#15422,#15423)),.UNSPECIFIED.,.F.,.F.,
 .F.,(4,1,4),(2,2),(0.,0.0783834982844244,0.138960547151025),(0.,0.02),
 .UNSPECIFIED.);
#96=B_SPLINE_SURFACE_WITH_KNOTS('',3,1,((#15431,#15432),(#15433,#15434),
(#15435,#15436),(#15437,#15438),(#15439,#15440)),.UNSPECIFIED.,.F.,.F.,
 .F.,(4,1,4),(2,2),(0.,0.0589956963324038,0.134333793959636),(0.,0.02),
 .UNSPECIFIED.);
#97=B_SPLINE_SURFACE_WITH_KNOTS('',3,1,((#15448,#15449),(#15450,#15451),
(#15452,#15453),(#15454,#15455),(#15456,#15457)),.UNSPECIFIED.,.F.,.F.,
 .F.,(4,1,4),(2,2),(0.,0.0470504653016001,0.0965441846213059),(0.,0.02),
 .UNSPECIFIED.);
#98=B_SPLINE_SURFACE_WITH_KNOTS('',3,1,((#15465,#15466),(#15467,#15468),
(#15469,#15470),(#15471,#15472),(#15473,#15474)),.UNSPECIFIED.,.F.,.F.,
 .F.,(4,1,4),(2,2),(0.,0.064196864494659,0.116333342076877),(0.,0.02),
 .UNSPECIFIED.);
#99=B_SPLINE_SURFACE_WITH_KNOTS('',3,1,((#15486,#15487),(#15488,#15489),
(#15490,#15491),(#15492,#15493),(#15494,#15495)),.UNSPECIFIED.,.F.,.F.,
 .F.,(4,1,4),(2,2),(0.,0.032490442162169,0.0767772168297765),(0.,0.02),
 .UNSPECIFIED.);
#100=B_SPLINE_SURFACE_WITH_KNOTS('',3,1,((#15503,#15504),(#15505,#15506),
(#15507,#15508),(#15509,#15510),(#15511,#15512)),.UNSPECIFIED.,.F.,.F.,
 .F.,(4,1,4),(2,2),(0.,0.0294375255314666,0.0570657815471477),(0.,0.02),
 .UNSPECIFIED.);
#101=B_SPLINE_SURFACE_WITH_KNOTS('',3,1,((#15520,#15521),(#15522,#15523),
(#15524,#15525),(#15526,#15527),(#15528,#15529)),.UNSPECIFIED.,.F.,.F.,
 .F.,(4,1,4),(2,2),(0.,0.0271211009988056,0.0556251670340643),(0.,0.02),
 .UNSPECIFIED.);
#102=B_SPLINE_SURFACE_WITH_KNOTS('',3,1,((#15537,#15538),(#15539,#15540),
(#15541,#15542),(#15543,#15544),(#15545,#15546)),.UNSPECIFIED.,.F.,.F.,
 .F.,(4,1,4),(2,2),(0.,0.0259259241621589,0.052200607630265),(0.,0.02),
 .UNSPECIFIED.);
#103=B_SPLINE_SURFACE_WITH_KNOTS('',3,1,((#15554,#15555),(#15556,#15557),
(#15558,#15559),(#15560,#15561),(#15562,#15563)),.UNSPECIFIED.,.F.,.F.,
 .F.,(4,1,4),(2,2),(0.,0.0315137460871763,0.0581019821860758),(0.,0.02),
 .UNSPECIFIED.);
#104=B_SPLINE_SURFACE_WITH_KNOTS('',3,1,((#15571,#15572),(#15573,#15574),
(#15575,#15576),(#15577,#15578),(#15579,#15580)),.UNSPECIFIED.,.F.,.F.,
 .F.,(4,1,4),(2,2),(0.,0.0768140065389263,0.125223127843097),(0.,0.02),
 .UNSPECIFIED.);
#105=B_SPLINE_SURFACE_WITH_KNOTS('',3,1,((#15588,#15589),(#15590,#15591),
(#15592,#15593),(#15594,#15595),(#15596,#15597)),.UNSPECIFIED.,.F.,.F.,
 .F.,(4,1,4),(2,2),(0.,0.0948248917789369,0.225381970103582),(0.,0.02),
 .UNSPECIFIED.);
#106=B_SPLINE_SURFACE_WITH_KNOTS('',3,1,((#15605,#15606),(#15607,#15608),
(#15609,#15610),(#15611,#15612),(#15613,#15614)),.UNSPECIFIED.,.F.,.F.,
 .F.,(4,1,4),(2,2),(0.,0.0739419967111551,0.149884726300273),(0.,0.02),
 .UNSPECIFIED.);
#107=B_SPLINE_SURFACE_WITH_KNOTS('',3,1,((#15724,#15725),(#15726,#15727),
(#15728,#15729),(#15730,#15731),(#15732,#15733)),.UNSPECIFIED.,.F.,.F.,
 .F.,(4,1,4),(2,2),(0.,0.0524407522053614,0.0835112115114013),(0.,0.02),
 .UNSPECIFIED.);
#108=B_SPLINE_SURFACE_WITH_KNOTS('',3,1,((#15743,#15744),(#15745,#15746),
(#15747,#15748),(#15749,#15750),(#15751,#15752)),.UNSPECIFIED.,.F.,.F.,
 .F.,(4,1,4),(2,2),(0.,0.0315025432103291,0.0734021010473419),(0.,0.02),
 .UNSPECIFIED.);
#109=B_SPLINE_SURFACE_WITH_KNOTS('',3,1,((#15760,#15761),(#15762,#15763),
(#15764,#15765),(#15766,#15767),(#15768,#15769)),.UNSPECIFIED.,.F.,.F.,
 .F.,(4,1,4),(2,2),(0.,0.0420974007762187,0.0843763615350351),(0.,0.02),
 .UNSPECIFIED.);
#110=B_SPLINE_SURFACE_WITH_KNOTS('',3,1,((#15777,#15778),(#15779,#15780),
(#15781,#15782),(#15783,#15784),(#15785,#15786)),.UNSPECIFIED.,.F.,.F.,
 .F.,(4,1,4),(2,2),(0.,0.044634923473602,0.0874442037947657),(0.,0.02),
 .UNSPECIFIED.);
#111=B_SPLINE_SURFACE_WITH_KNOTS('',3,1,((#15794,#15795),(#15796,#15797),
(#15798,#15799),(#15800,#15801),(#15802,#15803)),.UNSPECIFIED.,.F.,.F.,
 .F.,(4,1,4),(2,2),(0.,0.0484541534727276,0.101443910681086),(0.,0.02),
 .UNSPECIFIED.);
#112=B_SPLINE_SURFACE_WITH_KNOTS('',3,1,((#15811,#15812),(#15813,#15814),
(#15815,#15816),(#15817,#15818),(#15819,#15820)),.UNSPECIFIED.,.F.,.F.,
 .F.,(4,1,4),(2,2),(0.,0.0599678498043455,0.110621880237268),(0.,0.02),
 .UNSPECIFIED.);
#113=B_SPLINE_SURFACE_WITH_KNOTS('',3,1,((#15828,#15829),(#15830,#15831),
(#15832,#15833),(#15834,#15835),(#15836,#15837)),.UNSPECIFIED.,.F.,.F.,
 .F.,(4,1,4),(2,2),(0.,0.0354503530199896,0.0767417394081936),(0.,0.02),
 .UNSPECIFIED.);
#114=B_SPLINE_SURFACE_WITH_KNOTS('',3,1,((#15845,#15846),(#15847,#15848),
(#15849,#15850),(#15851,#15852),(#15853,#15854)),.UNSPECIFIED.,.F.,.F.,
 .F.,(4,1,4),(2,2),(0.,0.0501103121509489,0.0987878726384521),(0.,0.02),
 .UNSPECIFIED.);
#115=B_SPLINE_SURFACE_WITH_KNOTS('',3,1,((#15862,#15863),(#15864,#15865),
(#15866,#15867),(#15868,#15869),(#15870,#15871)),.UNSPECIFIED.,.F.,.F.,
 .F.,(4,1,4),(2,2),(0.,0.0593839358778725,0.118850905869374),(0.,0.02),
 .UNSPECIFIED.);
#116=B_SPLINE_SURFACE_WITH_KNOTS('',3,1,((#15879,#15880),(#15881,#15882),
(#15883,#15884),(#15885,#15886),(#15887,#15888)),.UNSPECIFIED.,.F.,.F.,
 .F.,(4,1,4),(2,2),(0.,0.0774371821229465,0.142511087488618),(0.,0.02),
 .UNSPECIFIED.);
#117=B_SPLINE_SURFACE_WITH_KNOTS('',3,1,((#15916,#15917),(#15918,#15919),
(#15920,#15921),(#15922,#15923),(#15924,#15925)),.UNSPECIFIED.,.F.,.F.,
 .F.,(4,1,4),(2,2),(0.,0.0789633468506977,0.177562437071168),(0.,0.02),
 .UNSPECIFIED.);
#118=B_SPLINE_SURFACE_WITH_KNOTS('',3,1,((#15933,#15934),(#15935,#15936),
(#15937,#15938),(#15939,#15940),(#15941,#15942)),.UNSPECIFIED.,.F.,.F.,
 .F.,(4,1,4),(2,2),(0.,0.0820790995332731,0.155635849420197),(0.,0.02),
 .UNSPECIFIED.);
#119=B_SPLINE_SURFACE_WITH_KNOTS('',3,1,((#15950,#15951),(#15952,#15953),
(#15954,#15955),(#15956,#15957),(#15958,#15959)),.UNSPECIFIED.,.F.,.F.,
 .F.,(4,1,4),(2,2),(0.,0.0691351343542984,0.148406555790337),(0.,0.02),
 .UNSPECIFIED.);
#120=B_SPLINE_SURFACE_WITH_KNOTS('',3,1,((#15967,#15968),(#15969,#15970),
(#15971,#15972),(#15973,#15974),(#15975,#15976)),.UNSPECIFIED.,.F.,.F.,
 .F.,(4,1,4),(2,2),(0.,0.0888558466532051,0.161176335933899),(0.,0.02),
 .UNSPECIFIED.);
#121=B_SPLINE_CURVE_WITH_KNOTS('',3,(#12816,#12817,#12818,#12819,#12820),
 .UNSPECIFIED.,.F.,.F.,(4,1,4),(0.,0.0369727985347625,0.0630831545024492),
 .UNSPECIFIED.);
#122=B_SPLINE_CURVE_WITH_KNOTS('',3,(#12822,#12823,#12824,#12825,#12826),
 .UNSPECIFIED.,.F.,.F.,(4,1,4),(0.,0.0222676476972578,0.0475416727155104),
 .UNSPECIFIED.);
#123=B_SPLINE_CURVE_WITH_KNOTS('',3,(#12828,#12829,#12830,#12831,#12832),
 .UNSPECIFIED.,.F.,.F.,(4,1,4),(0.,0.023712075819889,0.0454375396877641),
 .UNSPECIFIED.);
#124=B_SPLINE_CURVE_WITH_KNOTS('',3,(#12833,#12834,#12835,#12836,#12837),
 .UNSPECIFIED.,.F.,.F.,(4,1,4),(0.,0.0257675535538074,0.0618186734820649),
 .UNSPECIFIED.);
#125=B_SPLINE_CURVE_WITH_KNOTS('',3,(#12847,#12848,#12849,#12850,#12851),
 .UNSPECIFIED.,.F.,.F.,(4,1,4),(0.,0.0410456039731326,0.0706335369542044),
 .UNSPECIFIED.);
#126=B_SPLINE_CURVE_WITH_KNOTS('',3,(#12853,#12854,#12855,#12856,#12857),
 .UNSPECIFIED.,.F.,.F.,(4,1,4),(0.,0.0247619125618772,0.0509597062796029),
 .UNSPECIFIED.);
#127=B_SPLINE_CURVE_WITH_KNOTS('',3,(#12859,#12860,#12861,#12862,#12863),
 .UNSPECIFIED.,.F.,.F.,(4,1,4),(0.,0.0244810884234081,0.0482533428407471),
 .UNSPECIFIED.);
#128=B_SPLINE_CURVE_WITH_KNOTS('',3,(#12864,#12865,#12866,#12867,#12868),
 .UNSPECIFIED.,.F.,.F.,(4,1,4),(0.,0.029375338850209,0.0709607151981268),
 .UNSPECIFIED.);
#129=B_SPLINE_CURVE_WITH_KNOTS('',3,(#12878,#12879,#12880,#12881,#12882),
 .UNSPECIFIED.,.F.,.F.,(4,1,4),(0.,0.0458711306265292,0.0786663946923037),
 .UNSPECIFIED.);
#130=B_SPLINE_CURVE_WITH_KNOTS('',3,(#12884,#12885,#12886,#12887,#12888),
 .UNSPECIFIED.,.F.,.F.,(4,1,4),(0.,0.0267476518861906,0.0537474235116533),
 .UNSPECIFIED.);
#131=B_SPLINE_CURVE_WITH_KNOTS('',3,(#12890,#12891,#12892,#12893,#12894),
 .UNSPECIFIED.,.F.,.F.,(4,1,4),(0.,0.0265125115796937,0.052480839162131),
 .UNSPECIFIED.);
#132=B_SPLINE_CURVE_WITH_KNOTS('',3,(#12895,#12896,#12897,#12898,#12899),
 .UNSPECIFIED.,.F.,.F.,(4,1,4),(0.,0.0308592453417968,0.0748247499032676),
 .UNSPECIFIED.);
#133=B_SPLINE_CURVE_WITH_KNOTS('',3,(#13042,#13043,#13044,#13045,#13046),
 .UNSPECIFIED.,.F.,.F.,(4,1,4),(0.,0.0369727985347625,0.0630831545024492),
 .UNSPECIFIED.);
#134=B_SPLINE_CURVE_WITH_KNOTS('',3,(#13059,#13060,#13061,#13062,#13063),
 .UNSPECIFIED.,.F.,.F.,(4,1,4),(0.,0.0222676476972578,0.0475416727155104),
 .UNSPECIFIED.);
#135=B_SPLINE_CURVE_WITH_KNOTS('',3,(#13076,#13077,#13078,#13079,#13080),
 .UNSPECIFIED.,.F.,.F.,(4,1,4),(0.,0.023712075819889,0.0454375396877641),
 .UNSPECIFIED.);
#136=B_SPLINE_CURVE_WITH_KNOTS('',3,(#13093,#13094,#13095,#13096,#13097),
 .UNSPECIFIED.,.F.,.F.,(4,1,4),(0.,0.0257675535538074,0.0618186734820649),
 .UNSPECIFIED.);
#137=B_SPLINE_CURVE_WITH_KNOTS('',3,(#13122,#13123,#13124,#13125,#13126),
 .UNSPECIFIED.,.F.,.F.,(4,1,4),(0.,0.0410456039731326,0.0706335369542044),
 .UNSPECIFIED.);
#138=B_SPLINE_CURVE_WITH_KNOTS('',3,(#13139,#13140,#13141,#13142,#13143),
 .UNSPECIFIED.,.F.,.F.,(4,1,4),(0.,0.0247619125618772,0.0509597062796029),
 .UNSPECIFIED.);
#139=B_SPLINE_CURVE_WITH_KNOTS('',3,(#13156,#13157,#13158,#13159,#13160),
 .UNSPECIFIED.,.F.,.F.,(4,1,4),(0.,0.0244810884234081,0.0482533428407471),
 .UNSPECIFIED.);
#140=B_SPLINE_CURVE_WITH_KNOTS('',3,(#13173,#13174,#13175,#13176,#13177),
 .UNSPECIFIED.,.F.,.F.,(4,1,4),(0.,0.029375338850209,0.0709607151981268),
 .UNSPECIFIED.);
#141=B_SPLINE_CURVE_WITH_KNOTS('',3,(#13202,#13203,#13204,#13205,#13206),
 .UNSPECIFIED.,.F.,.F.,(4,1,4),(0.,0.0458711306265292,0.0786663946923037),
 .UNSPECIFIED.);
#142=B_SPLINE_CURVE_WITH_KNOTS('',3,(#13219,#13220,#13221,#13222,#13223),
 .UNSPECIFIED.,.F.,.F.,(4,1,4),(0.,0.0267476518861906,0.0537474235116533),
 .UNSPECIFIED.);
#143=B_SPLINE_CURVE_WITH_KNOTS('',3,(#13236,#13237,#13238,#13239,#13240),
 .UNSPECIFIED.,.F.,.F.,(4,1,4),(0.,0.0265125115796937,0.052480839162131),
 .UNSPECIFIED.);
#144=B_SPLINE_CURVE_WITH_KNOTS('',3,(#13253,#13254,#13255,#13256,#13257),
 .UNSPECIFIED.,.F.,.F.,(4,1,4),(0.,0.0308592453417968,0.0748247499032676),
 .UNSPECIFIED.);
#145=B_SPLINE_CURVE_WITH_KNOTS('',3,(#13428,#13429,#13430,#13431,#13432),
 .UNSPECIFIED.,.F.,.F.,(4,1,4),(0.,0.0812853267093949,0.166677526471914),
 .UNSPECIFIED.);
#146=B_SPLINE_CURVE_WITH_KNOTS('',3,(#13434,#13435,#13436,#13437,#13438),
 .UNSPECIFIED.,.F.,.F.,(4,1,4),(0.,0.130371409911299,0.223939575513752),
 .UNSPECIFIED.);
#147=B_SPLINE_CURVE_WITH_KNOTS('',3,(#13440,#13441,#13442,#13443,#13444),
 .UNSPECIFIED.,.F.,.F.,(4,1,4),(0.,0.0674631559162415,0.147417833031265),
 .UNSPECIFIED.);
#148=B_SPLINE_CURVE_WITH_KNOTS('',3,(#13446,#13447,#13448,#13449,#13450),
 .UNSPECIFIED.,.F.,.F.,(4,1,4),(0.,0.0574281583831846,0.117100284190896),
 .UNSPECIFIED.);
#149=B_SPLINE_CURVE_WITH_KNOTS('',3,(#13452,#13453,#13454,#13455,#13456),
 .UNSPECIFIED.,.F.,.F.,(4,1,4),(0.,0.0560284317766981,0.112328156578217),
 .UNSPECIFIED.);
#150=B_SPLINE_CURVE_WITH_KNOTS('',3,(#13458,#13459,#13460,#13461,#13462),
 .UNSPECIFIED.,.F.,.F.,(4,1,4),(0.,0.0457266485058038,0.092868053239435),
 .UNSPECIFIED.);
#151=B_SPLINE_CURVE_WITH_KNOTS('',3,(#13464,#13465,#13466,#13467,#13468),
 .UNSPECIFIED.,.F.,.F.,(4,1,4),(0.,0.0544582668353834,0.102396604625326),
 .UNSPECIFIED.);
#152=B_SPLINE_CURVE_WITH_KNOTS('',3,(#13470,#13471,#13472,#13473,#13474),
 .UNSPECIFIED.,.F.,.F.,(4,1,4),(0.,0.107590318318924,0.182337085468994),
 .UNSPECIFIED.);
#153=B_SPLINE_CURVE_WITH_KNOTS('',3,(#13476,#13477,#13478,#13479,#13480),
 .UNSPECIFIED.,.F.,.F.,(4,1,4),(0.,0.0248953245410229,0.0663920716970009),
 .UNSPECIFIED.);
#154=B_SPLINE_CURVE_WITH_KNOTS('',3,(#13482,#13483,#13484,#13485,#13486),
 .UNSPECIFIED.,.F.,.F.,(4,1,4),(0.,0.0140211241588486,0.0298598058244307),
 .UNSPECIFIED.);
#155=B_SPLINE_CURVE_WITH_KNOTS('',3,(#13488,#13489,#13490,#13491,#13492),
 .UNSPECIFIED.,.F.,.F.,(4,1,4),(0.,0.0195352855582291,0.0381523830695964),
 .UNSPECIFIED.);
#156=B_SPLINE_CURVE_WITH_KNOTS('',3,(#13494,#13495,#13496,#13497,#13498),
 .UNSPECIFIED.,.F.,.F.,(4,1,4),(0.,0.0285490017327644,0.0513597839248176),
 .UNSPECIFIED.);
#157=B_SPLINE_CURVE_WITH_KNOTS('',3,(#13500,#13501,#13502,#13503,#13504),
 .UNSPECIFIED.,.F.,.F.,(4,1,4),(0.,0.0299299567075149,0.0652754483598032),
 .UNSPECIFIED.);
#158=B_SPLINE_CURVE_WITH_KNOTS('',3,(#13506,#13507,#13508,#13509,#13510),
 .UNSPECIFIED.,.F.,.F.,(4,1,4),(0.,0.0366203342766989,0.0668584187237703),
 .UNSPECIFIED.);
#159=B_SPLINE_CURVE_WITH_KNOTS('',3,(#13514,#13515,#13516,#13517,#13518),
 .UNSPECIFIED.,.F.,.F.,(4,1,4),(0.,0.0733988500090587,0.157482864067696),
 .UNSPECIFIED.);
#160=B_SPLINE_CURVE_WITH_KNOTS('',3,(#13520,#13521,#13522,#13523,#13524),
 .UNSPECIFIED.,.F.,.F.,(4,1,4),(0.,0.101909681061392,0.182588586016463),
 .UNSPECIFIED.);
#161=B_SPLINE_CURVE_WITH_KNOTS('',3,(#13526,#13527,#13528,#13529,#13530),
 .UNSPECIFIED.,.F.,.F.,(4,1,4),(0.,0.0661925981250836,0.150147337107786),
 .UNSPECIFIED.);
#162=B_SPLINE_CURVE_WITH_KNOTS('',3,(#13532,#13533,#13534,#13535,#13536),
 .UNSPECIFIED.,.F.,.F.,(4,1,4),(0.,0.0497554526318467,0.104487042732562),
 .UNSPECIFIED.);
#163=B_SPLINE_CURVE_WITH_KNOTS('',3,(#13538,#13539,#13540,#13541,#13542),
 .UNSPECIFIED.,.F.,.F.,(4,1,4),(0.,0.0454659561789788,0.0924016368492447),
 .UNSPECIFIED.);
#164=B_SPLINE_CURVE_WITH_KNOTS('',3,(#13544,#13545,#13546,#13547,#13548),
 .UNSPECIFIED.,.F.,.F.,(4,1,4),(0.,0.0649127524011672,0.130390097308076),
 .UNSPECIFIED.);
#165=B_SPLINE_CURVE_WITH_KNOTS('',3,(#13550,#13551,#13552,#13553,#13554),
 .UNSPECIFIED.,.F.,.F.,(4,1,4),(0.,0.109236750243442,0.189870608611421),
 .UNSPECIFIED.);
#166=B_SPLINE_CURVE_WITH_KNOTS('',3,(#13556,#13557,#13558,#13559,#13560),
 .UNSPECIFIED.,.F.,.F.,(4,1,4),(0.,0.0384002827980454,0.10167637196709),
 .UNSPECIFIED.);
#167=B_SPLINE_CURVE_WITH_KNOTS('',3,(#13562,#13563,#13564,#13565,#13566),
 .UNSPECIFIED.,.F.,.F.,(4,1,4),(0.,0.0226853304356756,0.0476151371675119),
 .UNSPECIFIED.);
#168=B_SPLINE_CURVE_WITH_KNOTS('',3,(#13568,#13569,#13570,#13571,#13572),
 .UNSPECIFIED.,.F.,.F.,(4,1,4),(0.,0.025767093453174,0.049457114182466),
 .UNSPECIFIED.);
#169=B_SPLINE_CURVE_WITH_KNOTS('',3,(#13574,#13575,#13576,#13577,#13578),
 .UNSPECIFIED.,.F.,.F.,(4,1,4),(0.,0.0354536502428262,0.0650029267510489),
 .UNSPECIFIED.);
#170=B_SPLINE_CURVE_WITH_KNOTS('',3,(#13580,#13581,#13582,#13583,#13584),
 .UNSPECIFIED.,.F.,.F.,(4,1,4),(0.,0.0442332147898138,0.0921729432582874),
 .UNSPECIFIED.);
#171=B_SPLINE_CURVE_WITH_KNOTS('',3,(#13586,#13587,#13588,#13589,#13590),
 .UNSPECIFIED.,.F.,.F.,(4,1,4),(0.,0.0388442833945881,0.070105906942127),
 .UNSPECIFIED.);
#172=B_SPLINE_CURVE_WITH_KNOTS('',3,(#13595,#13596,#13597,#13598,#13599),
 .UNSPECIFIED.,.F.,.F.,(4,1,4),(0.,0.028969300964466,0.0680546234533136),
 .UNSPECIFIED.);
#173=B_SPLINE_CURVE_WITH_KNOTS('',3,(#13601,#13602,#13603,#13604,#13605),
 .UNSPECIFIED.,.F.,.F.,(4,1,4),(0.,0.0270736325628954,0.0521114692030327),
 .UNSPECIFIED.);
#174=B_SPLINE_CURVE_WITH_KNOTS('',3,(#13607,#13608,#13609,#13610,#13611),
 .UNSPECIFIED.,.F.,.F.,(4,1,4),(0.,0.0229933906118024,0.0488986683022289),
 .UNSPECIFIED.);
#175=B_SPLINE_CURVE_WITH_KNOTS('',3,(#13613,#13614,#13615,#13616,#13617),
 .UNSPECIFIED.,.F.,.F.,(4,1,4),(0.,0.0249963064065,0.0477307534376607),
 .UNSPECIFIED.);
#176=B_SPLINE_CURVE_WITH_KNOTS('',3,(#13619,#13620,#13621,#13622,#13623),
 .UNSPECIFIED.,.F.,.F.,(4,1,4),(0.,0.0281125482984703,0.0553731431615309),
 .UNSPECIFIED.);
#177=B_SPLINE_CURVE_WITH_KNOTS('',3,(#13625,#13626,#13627,#13628,#13629),
 .UNSPECIFIED.,.F.,.F.,(4,1,4),(0.,0.0304807300182333,0.0596459436640555),
 .UNSPECIFIED.);
#178=B_SPLINE_CURVE_WITH_KNOTS('',3,(#13631,#13632,#13633,#13634,#13635),
 .UNSPECIFIED.,.F.,.F.,(4,1,4),(0.,0.0124753654859457,0.0218006081766149),
 .UNSPECIFIED.);
#179=B_SPLINE_CURVE_WITH_KNOTS('',3,(#13639,#13640,#13641,#13642,#13643),
 .UNSPECIFIED.,.F.,.F.,(4,1,4),(0.,0.0234576694170955,0.0550250177812746),
 .UNSPECIFIED.);
#180=B_SPLINE_CURVE_WITH_KNOTS('',3,(#13645,#13646,#13647,#13648,#13649),
 .UNSPECIFIED.,.F.,.F.,(4,1,4),(0.,0.0306069180308283,0.0640987803738473),
 .UNSPECIFIED.);
#181=B_SPLINE_CURVE_WITH_KNOTS('',3,(#13651,#13652,#13653,#13654,#13655),
 .UNSPECIFIED.,.F.,.F.,(4,1,4),(0.,0.0374270846783549,0.0694100727793601),
 .UNSPECIFIED.);
#182=B_SPLINE_CURVE_WITH_KNOTS('',3,(#13657,#13658,#13659,#13660,#13661),
 .UNSPECIFIED.,.F.,.F.,(4,1,4),(0.,0.0331761789040066,0.070430841055769),
 .UNSPECIFIED.);
#183=B_SPLINE_CURVE_WITH_KNOTS('',3,(#13663,#13664,#13665,#13666,#13667),
 .UNSPECIFIED.,.F.,.F.,(4,1,4),(0.,0.031353841840844,0.0625015665145751),
 .UNSPECIFIED.);
#184=B_SPLINE_CURVE_WITH_KNOTS('',3,(#13669,#13670,#13671,#13672,#13673),
 .UNSPECIFIED.,.F.,.F.,(4,1,4),(0.,0.02764073290177,0.0571533873333161),
 .UNSPECIFIED.);
#185=B_SPLINE_CURVE_WITH_KNOTS('',3,(#13675,#13676,#13677,#13678,#13679),
 .UNSPECIFIED.,.F.,.F.,(4,1,4),(0.,0.0444209849927852,0.0769852589187286),
 .UNSPECIFIED.);
#186=B_SPLINE_CURVE_WITH_KNOTS('',3,(#13683,#13684,#13685,#13686,#13687),
 .UNSPECIFIED.,.F.,.F.,(4,1,4),(0.,0.0497385452399497,0.104775718942013),
 .UNSPECIFIED.);
#187=B_SPLINE_CURVE_WITH_KNOTS('',3,(#13689,#13690,#13691,#13692,#13693),
 .UNSPECIFIED.,.F.,.F.,(4,1,4),(0.,0.0491593780662005,0.0967530101705304),
 .UNSPECIFIED.);
#188=B_SPLINE_CURVE_WITH_KNOTS('',3,(#13695,#13696,#13697,#13698,#13699),
 .UNSPECIFIED.,.F.,.F.,(4,1,4),(0.,0.073367060979873,0.131115716352829),
 .UNSPECIFIED.);
#189=B_SPLINE_CURVE_WITH_KNOTS('',3,(#13701,#13702,#13703,#13704,#13705),
 .UNSPECIFIED.,.F.,.F.,(4,1,4),(0.,0.0627558905178657,0.138852311220211),
 .UNSPECIFIED.);
#190=B_SPLINE_CURVE_WITH_KNOTS('',3,(#13707,#13708,#13709,#13710,#13711),
 .UNSPECIFIED.,.F.,.F.,(4,1,4),(0.,0.0541407087142084,0.109515230809999),
 .UNSPECIFIED.);
#191=B_SPLINE_CURVE_WITH_KNOTS('',3,(#13713,#13714,#13715,#13716,#13717),
 .UNSPECIFIED.,.F.,.F.,(4,1,4),(0.,0.051769086261395,0.105061706725214),
 .UNSPECIFIED.);
#192=B_SPLINE_CURVE_WITH_KNOTS('',3,(#13719,#13720,#13721,#13722,#13723),
 .UNSPECIFIED.,.F.,.F.,(4,1,4),(0.,0.0352621169258313,0.0743127732555769),
 .UNSPECIFIED.);
#193=B_SPLINE_CURVE_WITH_KNOTS('',3,(#13725,#13726,#13727,#13728,#13729),
 .UNSPECIFIED.,.F.,.F.,(4,1,4),(0.,0.0340604302601456,0.0677357976791764),
 .UNSPECIFIED.);
#194=B_SPLINE_CURVE_WITH_KNOTS('',3,(#13731,#13732,#13733,#13734,#13735),
 .UNSPECIFIED.,.F.,.F.,(4,1,4),(0.,0.0320767778126323,0.0570196457865364),
 .UNSPECIFIED.);
#195=B_SPLINE_CURVE_WITH_KNOTS('',3,(#13737,#13738,#13739,#13740,#13741),
 .UNSPECIFIED.,.F.,.F.,(4,1,4),(0.,0.0398443120709016,0.0853378931863094),
 .UNSPECIFIED.);
#196=B_SPLINE_CURVE_WITH_KNOTS('',3,(#13743,#13744,#13745,#13746,#13747),
 .UNSPECIFIED.,.F.,.F.,(4,1,4),(0.,0.0374197662562161,0.0743981601702691),
 .UNSPECIFIED.);
#197=B_SPLINE_CURVE_WITH_KNOTS('',3,(#13749,#13750,#13751,#13752,#13753),
 .UNSPECIFIED.,.F.,.F.,(4,1,4),(0.,0.063135697976224,0.125208378133445),
 .UNSPECIFIED.);
#198=B_SPLINE_CURVE_WITH_KNOTS('',3,(#13755,#13756,#13757,#13758,#13759),
 .UNSPECIFIED.,.F.,.F.,(4,1,4),(0.,0.101784421215525,0.17789223989648),
 .UNSPECIFIED.);
#199=B_SPLINE_CURVE_WITH_KNOTS('',3,(#13761,#13762,#13763,#13764,#13765),
 .UNSPECIFIED.,.F.,.F.,(4,1,4),(0.,0.0738809889611327,0.165139540877966),
 .UNSPECIFIED.);
#200=B_SPLINE_CURVE_WITH_KNOTS('',3,(#13767,#13768,#13769,#13770,#13771),
 .UNSPECIFIED.,.F.,.F.,(4,1,4),(0.,0.0724359237976267,0.140136217304977),
 .UNSPECIFIED.);
#201=B_SPLINE_CURVE_WITH_KNOTS('',3,(#13780,#13781,#13782,#13783,#13784),
 .UNSPECIFIED.,.F.,.F.,(4,1,4),(0.,0.0244774470172684,0.0540425191376941),
 .UNSPECIFIED.);
#202=B_SPLINE_CURVE_WITH_KNOTS('',3,(#13786,#13787,#13788,#13789,#13790),
 .UNSPECIFIED.,.F.,.F.,(4,1,4),(0.,0.0513669778725398,0.0831066743836193),
 .UNSPECIFIED.);
#203=B_SPLINE_CURVE_WITH_KNOTS('',3,(#13792,#13793,#13794,#13795,#13796),
 .UNSPECIFIED.,.F.,.F.,(4,1,4),(0.,0.0692414074889182,0.160924256473869),
 .UNSPECIFIED.);
#204=B_SPLINE_CURVE_WITH_KNOTS('',3,(#13798,#13799,#13800,#13801,#13802),
 .UNSPECIFIED.,.F.,.F.,(4,1,4),(0.,0.0542136049135949,0.110763901442516),
 .UNSPECIFIED.);
#205=B_SPLINE_CURVE_WITH_KNOTS('',3,(#13804,#13805,#13806,#13807,#13808),
 .UNSPECIFIED.,.F.,.F.,(4,1,4),(0.,0.0488096551963614,0.0983698519765013),
 .UNSPECIFIED.);
#206=B_SPLINE_CURVE_WITH_KNOTS('',3,(#13810,#13811,#13812,#13813,#13814),
 .UNSPECIFIED.,.F.,.F.,(4,1,4),(0.,0.050550499283082,0.0996836137292169),
 .UNSPECIFIED.);
#207=B_SPLINE_CURVE_WITH_KNOTS('',3,(#13816,#13817,#13818,#13819,#13820),
 .UNSPECIFIED.,.F.,.F.,(4,1,4),(0.,0.0783834982844244,0.138960547151025),
 .UNSPECIFIED.);
#208=B_SPLINE_CURVE_WITH_KNOTS('',3,(#13822,#13823,#13824,#13825,#13826),
 .UNSPECIFIED.,.F.,.F.,(4,1,4),(0.,0.0589956963324038,0.134333793959636),
 .UNSPECIFIED.);
#209=B_SPLINE_CURVE_WITH_KNOTS('',3,(#13828,#13829,#13830,#13831,#13832),
 .UNSPECIFIED.,.F.,.F.,(4,1,4),(0.,0.0470504653016001,0.0965441846213059),
 .UNSPECIFIED.);
#210=B_SPLINE_CURVE_WITH_KNOTS('',3,(#13834,#13835,#13836,#13837,#13838),
 .UNSPECIFIED.,.F.,.F.,(4,1,4),(0.,0.064196864494659,0.116333342076877),
 .UNSPECIFIED.);
#211=B_SPLINE_CURVE_WITH_KNOTS('',3,(#13842,#13843,#13844,#13845,#13846),
 .UNSPECIFIED.,.F.,.F.,(4,1,4),(0.,0.032490442162169,0.0767772168297765),
 .UNSPECIFIED.);
#212=B_SPLINE_CURVE_WITH_KNOTS('',3,(#13848,#13849,#13850,#13851,#13852),
 .UNSPECIFIED.,.F.,.F.,(4,1,4),(0.,0.0294375255314666,0.0570657815471477),
 .UNSPECIFIED.);
#213=B_SPLINE_CURVE_WITH_KNOTS('',3,(#13854,#13855,#13856,#13857,#13858),
 .UNSPECIFIED.,.F.,.F.,(4,1,4),(0.,0.0271211009988056,0.0556251670340643),
 .UNSPECIFIED.);
#214=B_SPLINE_CURVE_WITH_KNOTS('',3,(#13860,#13861,#13862,#13863,#13864),
 .UNSPECIFIED.,.F.,.F.,(4,1,4),(0.,0.0259259241621589,0.052200607630265),
 .UNSPECIFIED.);
#215=B_SPLINE_CURVE_WITH_KNOTS('',3,(#13866,#13867,#13868,#13869,#13870),
 .UNSPECIFIED.,.F.,.F.,(4,1,4),(0.,0.0315137460871763,0.0581019821860758),
 .UNSPECIFIED.);
#216=B_SPLINE_CURVE_WITH_KNOTS('',3,(#13872,#13873,#13874,#13875,#13876),
 .UNSPECIFIED.,.F.,.F.,(4,1,4),(0.,0.0768140065389263,0.125223127843097),
 .UNSPECIFIED.);
#217=B_SPLINE_CURVE_WITH_KNOTS('',3,(#13878,#13879,#13880,#13881,#13882),
 .UNSPECIFIED.,.F.,.F.,(4,1,4),(0.,0.0948248917789369,0.225381970103582),
 .UNSPECIFIED.);
#218=B_SPLINE_CURVE_WITH_KNOTS('',3,(#13884,#13885,#13886,#13887,#13888),
 .UNSPECIFIED.,.F.,.F.,(4,1,4),(0.,0.0739419967111551,0.149884726300273),
 .UNSPECIFIED.);
#219=B_SPLINE_CURVE_WITH_KNOTS('',3,(#13946,#13947,#13948,#13949,#13950),
 .UNSPECIFIED.,.F.,.F.,(4,1,4),(0.,0.0524407522053614,0.0835112115114013),
 .UNSPECIFIED.);
#220=B_SPLINE_CURVE_WITH_KNOTS('',3,(#13952,#13953,#13954,#13955,#13956),
 .UNSPECIFIED.,.F.,.F.,(4,1,4),(0.,0.0315025432103291,0.0734021010473419),
 .UNSPECIFIED.);
#221=B_SPLINE_CURVE_WITH_KNOTS('',3,(#13958,#13959,#13960,#13961,#13962),
 .UNSPECIFIED.,.F.,.F.,(4,1,4),(0.,0.0420974007762187,0.0843763615350351),
 .UNSPECIFIED.);
#222=B_SPLINE_CURVE_WITH_KNOTS('',3,(#13964,#13965,#13966,#13967,#13968),
 .UNSPECIFIED.,.F.,.F.,(4,1,4),(0.,0.044634923473602,0.0874442037947657),
 .UNSPECIFIED.);
#223=B_SPLINE_CURVE_WITH_KNOTS('',3,(#13970,#13971,#13972,#13973,#13974),
 .UNSPECIFIED.,.F.,.F.,(4,1,4),(0.,0.0484541534727276,0.101443910681086),
 .UNSPECIFIED.);
#224=B_SPLINE_CURVE_WITH_KNOTS('',3,(#13976,#13977,#13978,#13979,#13980),
 .UNSPECIFIED.,.F.,.F.,(4,1,4),(0.,0.0599678498043455,0.110621880237268),
 .UNSPECIFIED.);
#225=B_SPLINE_CURVE_WITH_KNOTS('',3,(#13982,#13983,#13984,#13985,#13986),
 .UNSPECIFIED.,.F.,.F.,(4,1,4),(0.,0.0354503530199896,0.0767417394081936),
 .UNSPECIFIED.);
#226=B_SPLINE_CURVE_WITH_KNOTS('',3,(#13988,#13989,#13990,#13991,#13992),
 .UNSPECIFIED.,.F.,.F.,(4,1,4),(0.,0.0501103121509489,0.0987878726384521),
 .UNSPECIFIED.);
#227=B_SPLINE_CURVE_WITH_KNOTS('',3,(#13994,#13995,#13996,#13997,#13998),
 .UNSPECIFIED.,.F.,.F.,(4,1,4),(0.,0.0593839358778725,0.118850905869374),
 .UNSPECIFIED.);
#228=B_SPLINE_CURVE_WITH_KNOTS('',3,(#14000,#14001,#14002,#14003,#14004),
 .UNSPECIFIED.,.F.,.F.,(4,1,4),(0.,0.0774371821229465,0.142511087488618),
 .UNSPECIFIED.);
#229=B_SPLINE_CURVE_WITH_KNOTS('',3,(#14017,#14018,#14019,#14020,#14021),
 .UNSPECIFIED.,.F.,.F.,(4,1,4),(0.,0.0789633468506977,0.177562437071168),
 .UNSPECIFIED.);
#230=B_SPLINE_CURVE_WITH_KNOTS('',3,(#14023,#14024,#14025,#14026,#14027),
 .UNSPECIFIED.,.F.,.F.,(4,1,4),(0.,0.0820790995332731,0.155635849420197),
 .UNSPECIFIED.);
#231=B_SPLINE_CURVE_WITH_KNOTS('',3,(#14029,#14030,#14031,#14032,#14033),
 .UNSPECIFIED.,.F.,.F.,(4,1,4),(0.,0.0691351343542984,0.148406555790337),
 .UNSPECIFIED.);
#232=B_SPLINE_CURVE_WITH_KNOTS('',3,(#14035,#14036,#14037,#14038,#14039),
 .UNSPECIFIED.,.F.,.F.,(4,1,4),(0.,0.0888558466532051,0.161176335933899),
 .UNSPECIFIED.);
#233=B_SPLINE_CURVE_WITH_KNOTS('',3,(#14350,#14351,#14352,#14353,#14354),
 .UNSPECIFIED.,.F.,.F.,(4,1,4),(0.,0.0674631559162415,0.147417833031265),
 .UNSPECIFIED.);
#234=B_SPLINE_CURVE_WITH_KNOTS('',3,(#14368,#14369,#14370,#14371,#14372),
 .UNSPECIFIED.,.F.,.F.,(4,1,4),(0.,0.0574281583831846,0.117100284190896),
 .UNSPECIFIED.);
#235=B_SPLINE_CURVE_WITH_KNOTS('',3,(#14385,#14386,#14387,#14388,#14389),
 .UNSPECIFIED.,.F.,.F.,(4,1,4),(0.,0.0560284317766981,0.112328156578217),
 .UNSPECIFIED.);
#236=B_SPLINE_CURVE_WITH_KNOTS('',3,(#14402,#14403,#14404,#14405,#14406),
 .UNSPECIFIED.,.F.,.F.,(4,1,4),(0.,0.0457266485058038,0.092868053239435),
 .UNSPECIFIED.);
#237=B_SPLINE_CURVE_WITH_KNOTS('',3,(#14419,#14420,#14421,#14422,#14423),
 .UNSPECIFIED.,.F.,.F.,(4,1,4),(0.,0.0544582668353834,0.102396604625326),
 .UNSPECIFIED.);
#238=B_SPLINE_CURVE_WITH_KNOTS('',3,(#14436,#14437,#14438,#14439,#14440),
 .UNSPECIFIED.,.F.,.F.,(4,1,4),(0.,0.107590318318924,0.182337085468994),
 .UNSPECIFIED.);
#239=B_SPLINE_CURVE_WITH_KNOTS('',3,(#14453,#14454,#14455,#14456,#14457),
 .UNSPECIFIED.,.F.,.F.,(4,1,4),(0.,0.0248953245410229,0.0663920716970009),
 .UNSPECIFIED.);
#240=B_SPLINE_CURVE_WITH_KNOTS('',3,(#14470,#14471,#14472,#14473,#14474),
 .UNSPECIFIED.,.F.,.F.,(4,1,4),(0.,0.0140211241588486,0.0298598058244307),
 .UNSPECIFIED.);
#241=B_SPLINE_CURVE_WITH_KNOTS('',3,(#14487,#14488,#14489,#14490,#14491),
 .UNSPECIFIED.,.F.,.F.,(4,1,4),(0.,0.0195352855582291,0.0381523830695964),
 .UNSPECIFIED.);
#242=B_SPLINE_CURVE_WITH_KNOTS('',3,(#14504,#14505,#14506,#14507,#14508),
 .UNSPECIFIED.,.F.,.F.,(4,1,4),(0.,0.0285490017327644,0.0513597839248176),
 .UNSPECIFIED.);
#243=B_SPLINE_CURVE_WITH_KNOTS('',3,(#14521,#14522,#14523,#14524,#14525),
 .UNSPECIFIED.,.F.,.F.,(4,1,4),(0.,0.0299299567075149,0.0652754483598032),
 .UNSPECIFIED.);
#244=B_SPLINE_CURVE_WITH_KNOTS('',3,(#14538,#14539,#14540,#14541,#14542),
 .UNSPECIFIED.,.F.,.F.,(4,1,4),(0.,0.0366203342766989,0.0668584187237703),
 .UNSPECIFIED.);
#245=B_SPLINE_CURVE_WITH_KNOTS('',3,(#14559,#14560,#14561,#14562,#14563),
 .UNSPECIFIED.,.F.,.F.,(4,1,4),(0.,0.0733988500090587,0.157482864067696),
 .UNSPECIFIED.);
#246=B_SPLINE_CURVE_WITH_KNOTS('',3,(#14576,#14577,#14578,#14579,#14580),
 .UNSPECIFIED.,.F.,.F.,(4,1,4),(0.,0.101909681061392,0.182588586016463),
 .UNSPECIFIED.);
#247=B_SPLINE_CURVE_WITH_KNOTS('',3,(#14593,#14594,#14595,#14596,#14597),
 .UNSPECIFIED.,.F.,.F.,(4,1,4),(0.,0.0661925981250836,0.150147337107786),
 .UNSPECIFIED.);
#248=B_SPLINE_CURVE_WITH_KNOTS('',3,(#14610,#14611,#14612,#14613,#14614),
 .UNSPECIFIED.,.F.,.F.,(4,1,4),(0.,0.0497554526318467,0.104487042732562),
 .UNSPECIFIED.);
#249=B_SPLINE_CURVE_WITH_KNOTS('',3,(#14627,#14628,#14629,#14630,#14631),
 .UNSPECIFIED.,.F.,.F.,(4,1,4),(0.,0.0454659561789788,0.0924016368492447),
 .UNSPECIFIED.);
#250=B_SPLINE_CURVE_WITH_KNOTS('',3,(#14644,#14645,#14646,#14647,#14648),
 .UNSPECIFIED.,.F.,.F.,(4,1,4),(0.,0.0649127524011672,0.130390097308076),
 .UNSPECIFIED.);
#251=B_SPLINE_CURVE_WITH_KNOTS('',3,(#14661,#14662,#14663,#14664,#14665),
 .UNSPECIFIED.,.F.,.F.,(4,1,4),(0.,0.109236750243442,0.189870608611421),
 .UNSPECIFIED.);
#252=B_SPLINE_CURVE_WITH_KNOTS('',3,(#14678,#14679,#14680,#14681,#14682),
 .UNSPECIFIED.,.F.,.F.,(4,1,4),(0.,0.0384002827980454,0.10167637196709),
 .UNSPECIFIED.);
#253=B_SPLINE_CURVE_WITH_KNOTS('',3,(#14695,#14696,#14697,#14698,#14699),
 .UNSPECIFIED.,.F.,.F.,(4,1,4),(0.,0.0226853304356756,0.0476151371675119),
 .UNSPECIFIED.);
#254=B_SPLINE_CURVE_WITH_KNOTS('',3,(#14712,#14713,#14714,#14715,#14716),
 .UNSPECIFIED.,.F.,.F.,(4,1,4),(0.,0.025767093453174,0.049457114182466),
 .UNSPECIFIED.);
#255=B_SPLINE_CURVE_WITH_KNOTS('',3,(#14729,#14730,#14731,#14732,#14733),
 .UNSPECIFIED.,.F.,.F.,(4,1,4),(0.,0.0354536502428262,0.0650029267510489),
 .UNSPECIFIED.);
#256=B_SPLINE_CURVE_WITH_KNOTS('',3,(#14746,#14747,#14748,#14749,#14750),
 .UNSPECIFIED.,.F.,.F.,(4,1,4),(0.,0.0442332147898138,0.0921729432582874),
 .UNSPECIFIED.);
#257=B_SPLINE_CURVE_WITH_KNOTS('',3,(#14763,#14764,#14765,#14766,#14767),
 .UNSPECIFIED.,.F.,.F.,(4,1,4),(0.,0.0388442833945881,0.070105906942127),
 .UNSPECIFIED.);
#258=B_SPLINE_CURVE_WITH_KNOTS('',3,(#14784,#14785,#14786,#14787,#14788),
 .UNSPECIFIED.,.F.,.F.,(4,1,4),(0.,0.0812853267093949,0.166677526471914),
 .UNSPECIFIED.);
#259=B_SPLINE_CURVE_WITH_KNOTS('',3,(#14800,#14801,#14802,#14803,#14804),
 .UNSPECIFIED.,.F.,.F.,(4,1,4),(0.,0.130371409911299,0.223939575513752),
 .UNSPECIFIED.);
#260=B_SPLINE_CURVE_WITH_KNOTS('',3,(#14817,#14818,#14819,#14820,#14821),
 .UNSPECIFIED.,.F.,.F.,(4,1,4),(0.,0.0229933906118024,0.0488986683022289),
 .UNSPECIFIED.);
#261=B_SPLINE_CURVE_WITH_KNOTS('',3,(#14835,#14836,#14837,#14838,#14839),
 .UNSPECIFIED.,.F.,.F.,(4,1,4),(0.,0.0249963064065,0.0477307534376607),
 .UNSPECIFIED.);
#262=B_SPLINE_CURVE_WITH_KNOTS('',3,(#14852,#14853,#14854,#14855,#14856),
 .UNSPECIFIED.,.F.,.F.,(4,1,4),(0.,0.0281125482984703,0.0553731431615309),
 .UNSPECIFIED.);
#263=B_SPLINE_CURVE_WITH_KNOTS('',3,(#14869,#14870,#14871,#14872,#14873),
 .UNSPECIFIED.,.F.,.F.,(4,1,4),(0.,0.0304807300182333,0.0596459436640555),
 .UNSPECIFIED.);
#264=B_SPLINE_CURVE_WITH_KNOTS('',3,(#14886,#14887,#14888,#14889,#14890),
 .UNSPECIFIED.,.F.,.F.,(4,1,4),(0.,0.0124753654859457,0.0218006081766149),
 .UNSPECIFIED.);
#265=B_SPLINE_CURVE_WITH_KNOTS('',3,(#14907,#14908,#14909,#14910,#14911),
 .UNSPECIFIED.,.F.,.F.,(4,1,4),(0.,0.0234576694170955,0.0550250177812746),
 .UNSPECIFIED.);
#266=B_SPLINE_CURVE_WITH_KNOTS('',3,(#14924,#14925,#14926,#14927,#14928),
 .UNSPECIFIED.,.F.,.F.,(4,1,4),(0.,0.0306069180308283,0.0640987803738473),
 .UNSPECIFIED.);
#267=B_SPLINE_CURVE_WITH_KNOTS('',3,(#14941,#14942,#14943,#14944,#14945),
 .UNSPECIFIED.,.F.,.F.,(4,1,4),(0.,0.0374270846783549,0.0694100727793601),
 .UNSPECIFIED.);
#268=B_SPLINE_CURVE_WITH_KNOTS('',3,(#14958,#14959,#14960,#14961,#14962),
 .UNSPECIFIED.,.F.,.F.,(4,1,4),(0.,0.0331761789040066,0.070430841055769),
 .UNSPECIFIED.);
#269=B_SPLINE_CURVE_WITH_KNOTS('',3,(#14975,#14976,#14977,#14978,#14979),
 .UNSPECIFIED.,.F.,.F.,(4,1,4),(0.,0.031353841840844,0.0625015665145751),
 .UNSPECIFIED.);
#270=B_SPLINE_CURVE_WITH_KNOTS('',3,(#14992,#14993,#14994,#14995,#14996),
 .UNSPECIFIED.,.F.,.F.,(4,1,4),(0.,0.02764073290177,0.0571533873333161),
 .UNSPECIFIED.);
#271=B_SPLINE_CURVE_WITH_KNOTS('',3,(#15009,#15010,#15011,#15012,#15013),
 .UNSPECIFIED.,.F.,.F.,(4,1,4),(0.,0.0444209849927852,0.0769852589187286),
 .UNSPECIFIED.);
#272=B_SPLINE_CURVE_WITH_KNOTS('',3,(#15030,#15031,#15032,#15033,#15034),
 .UNSPECIFIED.,.F.,.F.,(4,1,4),(0.,0.0497385452399497,0.104775718942013),
 .UNSPECIFIED.);
#273=B_SPLINE_CURVE_WITH_KNOTS('',3,(#15047,#15048,#15049,#15050,#15051),
 .UNSPECIFIED.,.F.,.F.,(4,1,4),(0.,0.0491593780662005,0.0967530101705304),
 .UNSPECIFIED.);
#274=B_SPLINE_CURVE_WITH_KNOTS('',3,(#15064,#15065,#15066,#15067,#15068),
 .UNSPECIFIED.,.F.,.F.,(4,1,4),(0.,0.073367060979873,0.131115716352829),
 .UNSPECIFIED.);
#275=B_SPLINE_CURVE_WITH_KNOTS('',3,(#15081,#15082,#15083,#15084,#15085),
 .UNSPECIFIED.,.F.,.F.,(4,1,4),(0.,0.0627558905178657,0.138852311220211),
 .UNSPECIFIED.);
#276=B_SPLINE_CURVE_WITH_KNOTS('',3,(#15098,#15099,#15100,#15101,#15102),
 .UNSPECIFIED.,.F.,.F.,(4,1,4),(0.,0.0541407087142084,0.109515230809999),
 .UNSPECIFIED.);
#277=B_SPLINE_CURVE_WITH_KNOTS('',3,(#15115,#15116,#15117,#15118,#15119),
 .UNSPECIFIED.,.F.,.F.,(4,1,4),(0.,0.051769086261395,0.105061706725214),
 .UNSPECIFIED.);
#278=B_SPLINE_CURVE_WITH_KNOTS('',3,(#15132,#15133,#15134,#15135,#15136),
 .UNSPECIFIED.,.F.,.F.,(4,1,4),(0.,0.0352621169258313,0.0743127732555769),
 .UNSPECIFIED.);
#279=B_SPLINE_CURVE_WITH_KNOTS('',3,(#15149,#15150,#15151,#15152,#15153),
 .UNSPECIFIED.,.F.,.F.,(4,1,4),(0.,0.0340604302601456,0.0677357976791764),
 .UNSPECIFIED.);
#280=B_SPLINE_CURVE_WITH_KNOTS('',3,(#15166,#15167,#15168,#15169,#15170),
 .UNSPECIFIED.,.F.,.F.,(4,1,4),(0.,0.0320767778126323,0.0570196457865364),
 .UNSPECIFIED.);
#281=B_SPLINE_CURVE_WITH_KNOTS('',3,(#15183,#15184,#15185,#15186,#15187),
 .UNSPECIFIED.,.F.,.F.,(4,1,4),(0.,0.0398443120709016,0.0853378931863094),
 .UNSPECIFIED.);
#282=B_SPLINE_CURVE_WITH_KNOTS('',3,(#15200,#15201,#15202,#15203,#15204),
 .UNSPECIFIED.,.F.,.F.,(4,1,4),(0.,0.0374197662562161,0.0743981601702691),
 .UNSPECIFIED.);
#283=B_SPLINE_CURVE_WITH_KNOTS('',3,(#15217,#15218,#15219,#15220,#15221),
 .UNSPECIFIED.,.F.,.F.,(4,1,4),(0.,0.063135697976224,0.125208378133445),
 .UNSPECIFIED.);
#284=B_SPLINE_CURVE_WITH_KNOTS('',3,(#15234,#15235,#15236,#15237,#15238),
 .UNSPECIFIED.,.F.,.F.,(4,1,4),(0.,0.101784421215525,0.17789223989648),
 .UNSPECIFIED.);
#285=B_SPLINE_CURVE_WITH_KNOTS('',3,(#15251,#15252,#15253,#15254,#15255),
 .UNSPECIFIED.,.F.,.F.,(4,1,4),(0.,0.0738809889611327,0.165139540877966),
 .UNSPECIFIED.);
#286=B_SPLINE_CURVE_WITH_KNOTS('',3,(#15268,#15269,#15270,#15271,#15272),
 .UNSPECIFIED.,.F.,.F.,(4,1,4),(0.,0.0724359237976267,0.140136217304977),
 .UNSPECIFIED.);
#287=B_SPLINE_CURVE_WITH_KNOTS('',3,(#15289,#15290,#15291,#15292,#15293),
 .UNSPECIFIED.,.F.,.F.,(4,1,4),(0.,0.028969300964466,0.0680546234533136),
 .UNSPECIFIED.);
#288=B_SPLINE_CURVE_WITH_KNOTS('',3,(#15305,#15306,#15307,#15308,#15309),
 .UNSPECIFIED.,.F.,.F.,(4,1,4),(0.,0.0270736325628954,0.0521114692030327),
 .UNSPECIFIED.);
#289=B_SPLINE_CURVE_WITH_KNOTS('',3,(#15322,#15323,#15324,#15325,#15326),
 .UNSPECIFIED.,.F.,.F.,(4,1,4),(0.,0.0244774470172684,0.0540425191376941),
 .UNSPECIFIED.);
#290=B_SPLINE_CURVE_WITH_KNOTS('',3,(#15340,#15341,#15342,#15343,#15344),
 .UNSPECIFIED.,.F.,.F.,(4,1,4),(0.,0.0513669778725398,0.0831066743836193),
 .UNSPECIFIED.);
#291=B_SPLINE_CURVE_WITH_KNOTS('',3,(#15357,#15358,#15359,#15360,#15361),
 .UNSPECIFIED.,.F.,.F.,(4,1,4),(0.,0.0692414074889182,0.160924256473869),
 .UNSPECIFIED.);
#292=B_SPLINE_CURVE_WITH_KNOTS('',3,(#15374,#15375,#15376,#15377,#15378),
 .UNSPECIFIED.,.F.,.F.,(4,1,4),(0.,0.0542136049135949,0.110763901442516),
 .UNSPECIFIED.);
#293=B_SPLINE_CURVE_WITH_KNOTS('',3,(#15391,#15392,#15393,#15394,#15395),
 .UNSPECIFIED.,.F.,.F.,(4,1,4),(0.,0.0488096551963614,0.0983698519765013),
 .UNSPECIFIED.);
#294=B_SPLINE_CURVE_WITH_KNOTS('',3,(#15408,#15409,#15410,#15411,#15412),
 .UNSPECIFIED.,.F.,.F.,(4,1,4),(0.,0.050550499283082,0.0996836137292169),
 .UNSPECIFIED.);
#295=B_SPLINE_CURVE_WITH_KNOTS('',3,(#15425,#15426,#15427,#15428,#15429),
 .UNSPECIFIED.,.F.,.F.,(4,1,4),(0.,0.0783834982844244,0.138960547151025),
 .UNSPECIFIED.);
#296=B_SPLINE_CURVE_WITH_KNOTS('',3,(#15442,#15443,#15444,#15445,#15446),
 .UNSPECIFIED.,.F.,.F.,(4,1,4),(0.,0.0589956963324038,0.134333793959636),
 .UNSPECIFIED.);
#297=B_SPLINE_CURVE_WITH_KNOTS('',3,(#15459,#15460,#15461,#15462,#15463),
 .UNSPECIFIED.,.F.,.F.,(4,1,4),(0.,0.0470504653016001,0.0965441846213059),
 .UNSPECIFIED.);
#298=B_SPLINE_CURVE_WITH_KNOTS('',3,(#15476,#15477,#15478,#15479,#15480),
 .UNSPECIFIED.,.F.,.F.,(4,1,4),(0.,0.064196864494659,0.116333342076877),
 .UNSPECIFIED.);
#299=B_SPLINE_CURVE_WITH_KNOTS('',3,(#15497,#15498,#15499,#15500,#15501),
 .UNSPECIFIED.,.F.,.F.,(4,1,4),(0.,0.032490442162169,0.0767772168297765),
 .UNSPECIFIED.);
#300=B_SPLINE_CURVE_WITH_KNOTS('',3,(#15514,#15515,#15516,#15517,#15518),
 .UNSPECIFIED.,.F.,.F.,(4,1,4),(0.,0.0294375255314666,0.0570657815471477),
 .UNSPECIFIED.);
#301=B_SPLINE_CURVE_WITH_KNOTS('',3,(#15531,#15532,#15533,#15534,#15535),
 .UNSPECIFIED.,.F.,.F.,(4,1,4),(0.,0.0271211009988056,0.0556251670340643),
 .UNSPECIFIED.);
#302=B_SPLINE_CURVE_WITH_KNOTS('',3,(#15548,#15549,#15550,#15551,#15552),
 .UNSPECIFIED.,.F.,.F.,(4,1,4),(0.,0.0259259241621589,0.052200607630265),
 .UNSPECIFIED.);
#303=B_SPLINE_CURVE_WITH_KNOTS('',3,(#15565,#15566,#15567,#15568,#15569),
 .UNSPECIFIED.,.F.,.F.,(4,1,4),(0.,0.0315137460871763,0.0581019821860758),
 .UNSPECIFIED.);
#304=B_SPLINE_CURVE_WITH_KNOTS('',3,(#15582,#15583,#15584,#15585,#15586),
 .UNSPECIFIED.,.F.,.F.,(4,1,4),(0.,0.0768140065389263,0.125223127843097),
 .UNSPECIFIED.);
#305=B_SPLINE_CURVE_WITH_KNOTS('',3,(#15599,#15600,#15601,#15602,#15603),
 .UNSPECIFIED.,.F.,.F.,(4,1,4),(0.,0.0948248917789369,0.225381970103582),
 .UNSPECIFIED.);
#306=B_SPLINE_CURVE_WITH_KNOTS('',3,(#15616,#15617,#15618,#15619,#15620),
 .UNSPECIFIED.,.F.,.F.,(4,1,4),(0.,0.0739419967111551,0.149884726300273),
 .UNSPECIFIED.);
#307=B_SPLINE_CURVE_WITH_KNOTS('',3,(#15736,#15737,#15738,#15739,#15740),
 .UNSPECIFIED.,.F.,.F.,(4,1,4),(0.,0.0524407522053614,0.0835112115114013),
 .UNSPECIFIED.);
#308=B_SPLINE_CURVE_WITH_KNOTS('',3,(#15754,#15755,#15756,#15757,#15758),
 .UNSPECIFIED.,.F.,.F.,(4,1,4),(0.,0.0315025432103291,0.0734021010473419),
 .UNSPECIFIED.);
#309=B_SPLINE_CURVE_WITH_KNOTS('',3,(#15771,#15772,#15773,#15774,#15775),
 .UNSPECIFIED.,.F.,.F.,(4,1,4),(0.,0.0420974007762187,0.0843763615350351),
 .UNSPECIFIED.);
#310=B_SPLINE_CURVE_WITH_KNOTS('',3,(#15788,#15789,#15790,#15791,#15792),
 .UNSPECIFIED.,.F.,.F.,(4,1,4),(0.,0.044634923473602,0.0874442037947657),
 .UNSPECIFIED.);
#311=B_SPLINE_CURVE_WITH_KNOTS('',3,(#15805,#15806,#15807,#15808,#15809),
 .UNSPECIFIED.,.F.,.F.,(4,1,4),(0.,0.0484541534727276,0.101443910681086),
 .UNSPECIFIED.);
#312=B_SPLINE_CURVE_WITH_KNOTS('',3,(#15822,#15823,#15824,#15825,#15826),
 .UNSPECIFIED.,.F.,.F.,(4,1,4),(0.,0.0599678498043455,0.110621880237268),
 .UNSPECIFIED.);
#313=B_SPLINE_CURVE_WITH_KNOTS('',3,(#15839,#15840,#15841,#15842,#15843),
 .UNSPECIFIED.,.F.,.F.,(4,1,4),(0.,0.0354503530199896,0.0767417394081936),
 .UNSPECIFIED.);
#314=B_SPLINE_CURVE_WITH_KNOTS('',3,(#15856,#15857,#15858,#15859,#15860),
 .UNSPECIFIED.,.F.,.F.,(4,1,4),(0.,0.0501103121509489,0.0987878726384521),
 .UNSPECIFIED.);
#315=B_SPLINE_CURVE_WITH_KNOTS('',3,(#15873,#15874,#15875,#15876,#15877),
 .UNSPECIFIED.,.F.,.F.,(4,1,4),(0.,0.0593839358778725,0.118850905869374),
 .UNSPECIFIED.);
#316=B_SPLINE_CURVE_WITH_KNOTS('',3,(#15890,#15891,#15892,#15893,#15894),
 .UNSPECIFIED.,.F.,.F.,(4,1,4),(0.,0.0774371821229465,0.142511087488618),
 .UNSPECIFIED.);
#317=B_SPLINE_CURVE_WITH_KNOTS('',3,(#15927,#15928,#15929,#15930,#15931),
 .UNSPECIFIED.,.F.,.F.,(4,1,4),(0.,0.0789633468506977,0.177562437071168),
 .UNSPECIFIED.);
#318=B_SPLINE_CURVE_WITH_KNOTS('',3,(#15944,#15945,#15946,#15947,#15948),
 .UNSPECIFIED.,.F.,.F.,(4,1,4),(0.,0.0820790995332731,0.155635849420197),
 .UNSPECIFIED.);
#319=B_SPLINE_CURVE_WITH_KNOTS('',3,(#15961,#15962,#15963,#15964,#15965),
 .UNSPECIFIED.,.F.,.F.,(4,1,4),(0.,0.0691351343542984,0.148406555790337),
 .UNSPECIFIED.);
#320=B_SPLINE_CURVE_WITH_KNOTS('',3,(#15978,#15979,#15980,#15981,#15982),
 .UNSPECIFIED.,.F.,.F.,(4,1,4),(0.,0.0888558466532051,0.161176335933899),
 .UNSPECIFIED.);
#321=STYLED_ITEM('',(#16278),#323);
#322=STYLED_ITEM('',(#16278),#324);
#323=MANIFOLD_SOLID_BREP('Body1',#9139);
#324=MANIFOLD_SOLID_BREP('Body5',#9140);
#325=CYLINDRICAL_SURFACE('',#9166,0.8);
#326=CYLINDRICAL_SURFACE('',#9170,0.8);
#327=CYLINDRICAL_SURFACE('',#9174,0.8);
#328=CYLINDRICAL_SURFACE('',#9178,0.8);
#329=CYLINDRICAL_SURFACE('',#9261,0.6);
#330=CYLINDRICAL_SURFACE('',#9263,0.6);
#331=CYLINDRICAL_SURFACE('',#9265,0.6);
#332=CYLINDRICAL_SURFACE('',#9267,0.6);
#333=CYLINDRICAL_SURFACE('',#9281,0.5);
#334=CYLINDRICAL_SURFACE('',#9283,0.5);
#335=CYLINDRICAL_SURFACE('',#9286,0.5);
#336=CYLINDRICAL_SURFACE('',#9289,0.5);
#337=CYLINDRICAL_SURFACE('',#9296,0.3);
#338=CYLINDRICAL_SURFACE('',#9298,0.3);
#339=CYLINDRICAL_SURFACE('',#9301,0.3);
#340=CYLINDRICAL_SURFACE('',#9304,0.3);
#341=CYLINDRICAL_SURFACE('',#9306,3.8764055574942);
#342=CYLINDRICAL_SURFACE('',#9313,0.3);
#343=CYLINDRICAL_SURFACE('',#9315,0.3);
#344=CYLINDRICAL_SURFACE('',#9318,0.3);
#345=CYLINDRICAL_SURFACE('',#9321,0.3);
#346=CYLINDRICAL_SURFACE('',#9336,2.9);
#347=CYLINDRICAL_SURFACE('',#9337,2.9);
#348=CYLINDRICAL_SURFACE('',#9338,2.9);
#349=CYLINDRICAL_SURFACE('',#9339,2.9);
#350=CYLINDRICAL_SURFACE('',#9343,3.1);
#351=CYLINDRICAL_SURFACE('',#9346,3.1);
#352=CYLINDRICAL_SURFACE('',#9348,1.625);
#353=CYLINDRICAL_SURFACE('',#9352,1.00000000000001);
#354=CYLINDRICAL_SURFACE('',#9354,1.625);
#355=CYLINDRICAL_SURFACE('',#9357,1.625);
#356=CYLINDRICAL_SURFACE('',#9359,3.1);
#357=CYLINDRICAL_SURFACE('',#9362,1.625);
#358=CYLINDRICAL_SURFACE('',#9367,3.1);
#359=CYLINDRICAL_SURFACE('',#9374,0.8);
#360=CYLINDRICAL_SURFACE('',#9377,0.8);
#361=CYLINDRICAL_SURFACE('',#9380,0.8);
#362=CYLINDRICAL_SURFACE('',#9383,0.8);
#363=CYLINDRICAL_SURFACE('',#9411,1.6);
#364=CYLINDRICAL_SURFACE('',#9413,1.59999999999999);
#365=CYLINDRICAL_SURFACE('',#9416,1.6);
#366=CYLINDRICAL_SURFACE('',#9417,1.59999999999999);
#367=CYLINDRICAL_SURFACE('',#9425,1.475);
#368=CYLINDRICAL_SURFACE('',#9427,1.475);
#369=CYLINDRICAL_SURFACE('',#9429,1.475);
#370=CYLINDRICAL_SURFACE('',#9498,3.1);
#371=CYLINDRICAL_SURFACE('',#9503,3.1);
#372=CYLINDRICAL_SURFACE('',#9508,3.1);
#373=CYLINDRICAL_SURFACE('',#9513,2.5);
#374=CYLINDRICAL_SURFACE('',#9521,1.00000000000001);
#375=CYLINDRICAL_SURFACE('',#9525,1.00000000000001);
#376=CYLINDRICAL_SURFACE('',#9537,1.00000000000001);
#377=CYLINDRICAL_SURFACE('',#9541,1.);
#378=CYLINDRICAL_SURFACE('',#9545,1.00000000000001);
#379=CYLINDRICAL_SURFACE('',#9549,1.00000000000001);
#380=CYLINDRICAL_SURFACE('',#9554,1.59999999999999);
#381=CYLINDRICAL_SURFACE('',#9557,1.6);
#382=CYLINDRICAL_SURFACE('',#9560,1.59999999999999);
#383=CYLINDRICAL_SURFACE('',#9563,1.6);
#384=CYLINDRICAL_SURFACE('',#9566,1.96173654010747);
#385=CYLINDRICAL_SURFACE('',#9569,1.00000000000001);
#386=CYLINDRICAL_SURFACE('',#9573,1.);
#387=CYLINDRICAL_SURFACE('',#9577,1.00000000000001);
#388=CYLINDRICAL_SURFACE('',#9581,1.00000000000001);
#389=CYLINDRICAL_SURFACE('',#9585,1.);
#390=CYLINDRICAL_SURFACE('',#9589,1.);
#391=CYLINDRICAL_SURFACE('',#9593,1.);
#392=CYLINDRICAL_SURFACE('',#9597,1.);
#393=CYLINDRICAL_SURFACE('',#9601,0.999999999999996);
#394=CYLINDRICAL_SURFACE('',#9605,0.999999999999996);
#395=CYLINDRICAL_SURFACE('',#9609,0.999999999999992);
#396=CYLINDRICAL_SURFACE('',#9613,0.999999999999994);
#397=CYLINDRICAL_SURFACE('',#9621,1.00000000000001);
#398=CYLINDRICAL_SURFACE('',#9747,1.00000000000001);
#399=CONICAL_SURFACE('',#9159,1.1,0.785398163397448);
#400=CONICAL_SURFACE('',#9162,0.8,0.785398163397448);
#401=CONICAL_SURFACE('',#9181,0.799999999999999,0.785398163397447);
#402=CONICAL_SURFACE('',#9219,1.50000000000001,0.785398163397449);
#403=CONICAL_SURFACE('',#9227,1.5,0.785398163397447);
#404=CONICAL_SURFACE('',#9231,1.5,0.785398163397447);
#405=CONICAL_SURFACE('',#9244,0.5,0.785398163397447);
#406=CONICAL_SURFACE('',#9248,0.500000000000001,0.785398163397444);
#407=CONICAL_SURFACE('',#9252,0.5,0.785398163397447);
#408=CONICAL_SURFACE('',#9256,0.5,0.785398163397447);
#409=CONICAL_SURFACE('',#9277,1.1,0.785398163397448);
#410=CONICAL_SURFACE('',#9292,0.799999999999999,0.785398163397447);
#411=CONICAL_SURFACE('',#9309,0.8,0.785398163397448);
#412=CONICAL_SURFACE('',#9323,2.9,0.698131700797732);
#413=CONICAL_SURFACE('',#9326,2.9,0.698131700797732);
#414=CONICAL_SURFACE('',#9329,2.9,0.698131700797732);
#415=CONICAL_SURFACE('',#9332,2.9,0.698131700797732);
#416=CONICAL_SURFACE('',#9365,4.2764055574942,0.785398163397448);
#417=CONICAL_SURFACE('',#9386,0.799999999999999,0.785398163397447);
#418=CONICAL_SURFACE('',#9389,0.799999999999999,0.785398163397447);
#419=CONICAL_SURFACE('',#9392,0.8,0.785398163397448);
#420=CONICAL_SURFACE('',#9395,0.8,0.785398163397448);
#421=CONICAL_SURFACE('',#9398,1.1,0.785398163397448);
#422=CONICAL_SURFACE('',#9401,1.1,0.785398163397447);
#423=CONICAL_SURFACE('',#9404,1.5,0.785398163397447);
#424=CONICAL_SURFACE('',#9407,1.5,0.785398163397447);
#425=CONICAL_SURFACE('',#9452,2.9,0.785398163397451);
#426=CONICAL_SURFACE('',#9459,2.9,0.78539816339745);
#427=CONICAL_SURFACE('',#9466,2.9,0.78539816339745);
#428=CONICAL_SURFACE('',#9473,2.35,0.785398163397444);
#429=CONICAL_SURFACE('',#9624,1.20000000000001,0.785398163397455);
#430=CONICAL_SURFACE('',#9627,1.20000000000001,0.785398163397447);
#431=CONICAL_SURFACE('',#9681,1.20000000000001,0.78539816339745);
#432=CONICAL_SURFACE('',#9684,1.2,0.78539816339745);
#433=CONICAL_SURFACE('',#9687,1.20000000000001,0.785398163397441);
#434=CONICAL_SURFACE('',#9690,1.20000000000001,0.785398163397447);
#435=CONICAL_SURFACE('',#9697,1.6,0.785398163397446);
#436=CONICAL_SURFACE('',#9700,1.6,0.785398163397446);
#437=CONICAL_SURFACE('',#9703,1.6,0.785398163397446);
#438=CONICAL_SURFACE('',#9706,1.6,0.785398163397446);
#439=CONICAL_SURFACE('',#9709,2.46173654010747,0.785398163397448);
#440=CONICAL_SURFACE('',#9711,1.20000000000001,0.785398163397449);
#441=CONICAL_SURFACE('',#9714,1.2,0.78539816339745);
#442=CONICAL_SURFACE('',#9717,1.20000000000001,0.785398163397444);
#443=CONICAL_SURFACE('',#9720,1.20000000000001,0.785398163397447);
#444=CONICAL_SURFACE('',#9723,1.3,0.785398163397449);
#445=CONICAL_SURFACE('',#9726,1.3,0.785398163397449);
#446=CONICAL_SURFACE('',#9729,1.3,0.785398163397448);
#447=CONICAL_SURFACE('',#9732,1.3,0.78539816339745);
#448=CONICAL_SURFACE('',#9735,1.2,0.785398163397451);
#449=CONICAL_SURFACE('',#9738,1.2,0.785398163397451);
#450=CONICAL_SURFACE('',#9741,1.19999999999999,0.785398163397444);
#451=CONICAL_SURFACE('',#9744,1.19999999999999,0.785398163397449);
#452=CONICAL_SURFACE('',#9751,1.20000000000001,0.785398163397454);
#453=CONICAL_SURFACE('',#9755,1.20000000000001,0.785398163397443);
#454=FACE_BOUND('',#1209,.T.);
#455=FACE_BOUND('',#1225,.T.);
#456=FACE_BOUND('',#1229,.T.);
#457=FACE_BOUND('',#1230,.T.);
#458=FACE_BOUND('',#1231,.T.);
#459=FACE_BOUND('',#1232,.T.);
#460=FACE_BOUND('',#1236,.T.);
#461=FACE_BOUND('',#1249,.T.);
#462=FACE_BOUND('',#1250,.T.);
#463=FACE_BOUND('',#1251,.T.);
#464=FACE_BOUND('',#1252,.T.);
#465=FACE_BOUND('',#1273,.T.);
#466=FACE_BOUND('',#1331,.T.);
#467=FACE_BOUND('',#1336,.T.);
#468=FACE_BOUND('',#1340,.T.);
#469=FACE_BOUND('',#1343,.T.);
#470=FACE_BOUND('',#1347,.T.);
#471=FACE_BOUND('',#1373,.T.);
#472=FACE_BOUND('',#1376,.T.);
#473=FACE_BOUND('',#1379,.T.);
#474=FACE_BOUND('',#1380,.T.);
#475=FACE_BOUND('',#1381,.T.);
#476=FACE_BOUND('',#1382,.T.);
#477=FACE_BOUND('',#1384,.T.);
#478=FACE_BOUND('',#1397,.T.);
#479=FACE_BOUND('',#1401,.T.);
#480=FACE_BOUND('',#1405,.T.);
#481=FACE_BOUND('',#1463,.T.);
#482=FACE_BOUND('',#1494,.T.);
#483=FACE_BOUND('',#1495,.T.);
#484=FACE_BOUND('',#1497,.T.);
#485=FACE_BOUND('',#1508,.T.);
#486=FACE_BOUND('',#1544,.T.);
#487=FACE_BOUND('',#1545,.T.);
#488=FACE_BOUND('',#1546,.T.);
#489=FACE_BOUND('',#1547,.T.);
#490=FACE_BOUND('',#1548,.T.);
#491=FACE_BOUND('',#1549,.T.);
#492=FACE_BOUND('',#1745,.T.);
#493=FACE_BOUND('',#1746,.T.);
#494=FACE_BOUND('',#1747,.T.);
#495=FACE_BOUND('',#1748,.T.);
#496=FACE_BOUND('',#1749,.T.);
#497=FACE_BOUND('',#1750,.T.);
#498=FACE_BOUND('',#1751,.T.);
#499=FACE_BOUND('',#1752,.T.);
#500=FACE_BOUND('',#1753,.T.);
#501=FACE_BOUND('',#1754,.T.);
#502=FACE_BOUND('',#1755,.T.);
#503=FACE_BOUND('',#1756,.T.);
#504=FACE_BOUND('',#1757,.T.);
#505=FACE_BOUND('',#1758,.T.);
#506=FACE_BOUND('',#1759,.T.);
#507=FACE_BOUND('',#1760,.T.);
#508=CIRCLE('',#9157,3.1);
#509=CIRCLE('',#9160,1.3);
#510=CIRCLE('',#9161,0.5);
#511=CIRCLE('',#9163,0.899999999999998);
#512=CIRCLE('',#9164,0.3);
#513=CIRCLE('',#9167,0.8);
#514=CIRCLE('',#9168,0.8);
#515=CIRCLE('',#9171,0.8);
#516=CIRCLE('',#9172,0.8);
#517=CIRCLE('',#9175,0.8);
#518=CIRCLE('',#9176,0.8);
#519=CIRCLE('',#9179,0.8);
#520=CIRCLE('',#9180,0.8);
#521=CIRCLE('',#9182,0.899999999999997);
#522=CIRCLE('',#9183,0.3);
#523=CIRCLE('',#9187,0.5);
#524=CIRCLE('',#9188,0.5);
#525=CIRCLE('',#9189,0.5);
#526=CIRCLE('',#9190,0.5);
#527=CIRCLE('',#9194,3.8764055574942);
#528=CIRCLE('',#9195,0.3);
#529=CIRCLE('',#9196,0.3);
#530=CIRCLE('',#9197,0.3);
#531=CIRCLE('',#9198,0.3);
#532=CIRCLE('',#9199,0.8);
#533=CIRCLE('',#9200,0.8);
#534=CIRCLE('',#9201,0.8);
#535=CIRCLE('',#9202,0.8);
#536=CIRCLE('',#9206,0.3);
#537=CIRCLE('',#9207,0.3);
#538=CIRCLE('',#9208,0.3);
#539=CIRCLE('',#9209,0.3);
#540=CIRCLE('',#9214,0.6);
#541=CIRCLE('',#9215,0.6);
#542=CIRCLE('',#9216,0.6);
#543=CIRCLE('',#9217,0.6);
#544=CIRCLE('',#9220,2.00000000000001);
#545=CIRCLE('',#9221,1.00000000000001);
#546=CIRCLE('',#9224,3.1);
#547=CIRCLE('',#9225,3.1);
#548=CIRCLE('',#9226,3.1);
#549=CIRCLE('',#9228,1.6);
#550=CIRCLE('',#9229,1.);
#551=CIRCLE('',#9232,1.59999999999999);
#552=CIRCLE('',#9233,1.);
#553=CIRCLE('',#9235,1.);
#554=CIRCLE('',#9236,1.);
#555=CIRCLE('',#9237,2.9);
#556=CIRCLE('',#9238,2.9);
#557=CIRCLE('',#9239,2.9);
#558=CIRCLE('',#9240,2.9);
#559=CIRCLE('',#9245,0.6);
#560=CIRCLE('',#9246,0.4);
#561=CIRCLE('',#9249,0.6);
#562=CIRCLE('',#9250,0.400000000000002);
#563=CIRCLE('',#9253,0.6);
#564=CIRCLE('',#9254,0.4);
#565=CIRCLE('',#9257,0.6);
#566=CIRCLE('',#9258,0.4);
#567=CIRCLE('',#9278,1.3);
#568=CIRCLE('',#9279,0.5);
#569=CIRCLE('',#9284,0.5);
#570=CIRCLE('',#9287,0.5);
#571=CIRCLE('',#9293,0.899999999999997);
#572=CIRCLE('',#9294,0.3);
#573=CIRCLE('',#9299,0.3);
#574=CIRCLE('',#9302,0.3);
#575=CIRCLE('',#9307,3.8764055574942);
#576=CIRCLE('',#9310,0.899999999999998);
#577=CIRCLE('',#9311,0.3);
#578=CIRCLE('',#9316,0.3);
#579=CIRCLE('',#9319,0.3);
#580=CIRCLE('',#9324,2.9);
#581=CIRCLE('',#9325,1.625);
#582=CIRCLE('',#9327,2.9);
#583=CIRCLE('',#9328,1.625);
#584=CIRCLE('',#9330,2.9);
#585=CIRCLE('',#9331,1.625);
#586=CIRCLE('',#9333,2.9);
#587=CIRCLE('',#9334,1.625);
#588=CIRCLE('',#9335,1.625);
#589=CIRCLE('',#9344,3.1);
#590=CIRCLE('',#9347,3.1);
#591=CIRCLE('',#9349,1.625);
#592=CIRCLE('',#9351,1.00000000000001);
#593=CIRCLE('',#9355,1.625);
#594=CIRCLE('',#9358,1.625);
#595=CIRCLE('',#9360,3.1);
#596=CIRCLE('',#9363,1.625);
#597=CIRCLE('',#9366,4.2764055574942);
#598=CIRCLE('',#9368,3.1);
#599=CIRCLE('',#9370,1.59999999999999);
#600=CIRCLE('',#9371,1.6);
#601=CIRCLE('',#9372,1.59999999999999);
#602=CIRCLE('',#9373,1.6);
#603=CIRCLE('',#9375,0.8);
#604=CIRCLE('',#9378,0.8);
#605=CIRCLE('',#9381,0.8);
#606=CIRCLE('',#9384,0.8);
#607=CIRCLE('',#9387,0.899999999999997);
#608=CIRCLE('',#9390,0.899999999999997);
#609=CIRCLE('',#9393,0.899999999999998);
#610=CIRCLE('',#9396,0.899999999999998);
#611=CIRCLE('',#9399,1.3);
#612=CIRCLE('',#9402,1.3);
#613=CIRCLE('',#9405,1.59999999999999);
#614=CIRCLE('',#9408,1.6);
#615=CIRCLE('',#9420,1.475);
#616=CIRCLE('',#9422,1.475);
#617=CIRCLE('',#9424,1.475);
#618=CIRCLE('',#9426,1.475);
#619=CIRCLE('',#9428,1.475);
#620=CIRCLE('',#9430,1.475);
#621=CIRCLE('',#9434,2.7);
#622=CIRCLE('',#9438,2.7);
#623=CIRCLE('',#9442,2.7);
#624=CIRCLE('',#9446,2.2);
#625=CIRCLE('',#9453,3.1);
#626=CIRCLE('',#9460,3.1);
#627=CIRCLE('',#9467,3.1);
#628=CIRCLE('',#9474,2.5);
#629=CIRCLE('',#9493,1.59999999999999);
#630=CIRCLE('',#9494,1.6);
#631=CIRCLE('',#9495,1.59999999999999);
#632=CIRCLE('',#9496,1.6);
#633=CIRCLE('',#9499,3.1);
#634=CIRCLE('',#9504,3.1);
#635=CIRCLE('',#9509,3.1);
#636=CIRCLE('',#9514,2.5);
#637=CIRCLE('',#9522,1.00000000000001);
#638=CIRCLE('',#9523,1.00000000000001);
#639=CIRCLE('',#9526,1.00000000000001);
#640=CIRCLE('',#9527,1.00000000000001);
#641=CIRCLE('',#9538,1.00000000000001);
#642=CIRCLE('',#9539,1.00000000000001);
#643=CIRCLE('',#9542,1.);
#644=CIRCLE('',#9543,1.);
#645=CIRCLE('',#9546,1.00000000000001);
#646=CIRCLE('',#9547,1.00000000000001);
#647=CIRCLE('',#9550,1.00000000000001);
#648=CIRCLE('',#9551,1.00000000000001);
#649=CIRCLE('',#9555,1.59999999999999);
#650=CIRCLE('',#9558,1.6);
#651=CIRCLE('',#9561,1.59999999999999);
#652=CIRCLE('',#9564,1.6);
#653=CIRCLE('',#9567,1.96173654010747);
#654=CIRCLE('',#9568,1.96173654010747);
#655=CIRCLE('',#9570,1.00000000000001);
#656=CIRCLE('',#9571,1.00000000000001);
#657=CIRCLE('',#9574,1.);
#658=CIRCLE('',#9575,1.);
#659=CIRCLE('',#9578,1.00000000000001);
#660=CIRCLE('',#9579,1.00000000000001);
#661=CIRCLE('',#9582,1.00000000000001);
#662=CIRCLE('',#9583,1.00000000000001);
#663=CIRCLE('',#9586,1.);
#664=CIRCLE('',#9587,1.);
#665=CIRCLE('',#9590,1.);
#666=CIRCLE('',#9591,1.);
#667=CIRCLE('',#9594,1.);
#668=CIRCLE('',#9595,1.);
#669=CIRCLE('',#9598,1.);
#670=CIRCLE('',#9599,1.);
#671=CIRCLE('',#9602,0.999999999999996);
#672=CIRCLE('',#9603,0.999999999999996);
#673=CIRCLE('',#9606,0.999999999999996);
#674=CIRCLE('',#9607,0.999999999999996);
#675=CIRCLE('',#9610,0.999999999999992);
#676=CIRCLE('',#9611,0.999999999999992);
#677=CIRCLE('',#9614,0.999999999999994);
#678=CIRCLE('',#9615,0.999999999999994);
#679=CIRCLE('',#9619,1.00000000000001);
#680=CIRCLE('',#9620,1.00000000000001);
#681=CIRCLE('',#9622,1.00000000000001);
#682=CIRCLE('',#9625,1.40000000000001);
#683=CIRCLE('',#9628,1.40000000000001);
#684=CIRCLE('',#9682,1.40000000000001);
#685=CIRCLE('',#9685,1.4);
#686=CIRCLE('',#9688,1.40000000000001);
#687=CIRCLE('',#9691,1.40000000000001);
#688=CIRCLE('',#9698,1.2);
#689=CIRCLE('',#9701,1.2);
#690=CIRCLE('',#9704,1.2);
#691=CIRCLE('',#9707,1.2);
#692=CIRCLE('',#9710,2.96173654010747);
#693=CIRCLE('',#9712,1.40000000000001);
#694=CIRCLE('',#9715,1.4);
#695=CIRCLE('',#9718,1.40000000000001);
#696=CIRCLE('',#9721,1.40000000000001);
#697=CIRCLE('',#9724,1.6);
#698=CIRCLE('',#9727,1.6);
#699=CIRCLE('',#9730,1.6);
#700=CIRCLE('',#9733,1.6);
#701=CIRCLE('',#9736,1.4);
#702=CIRCLE('',#9739,1.4);
#703=CIRCLE('',#9742,1.39999999999999);
#704=CIRCLE('',#9745,1.39999999999999);
#705=CIRCLE('',#9748,1.00000000000001);
#706=CIRCLE('',#9752,1.40000000000001);
#707=CIRCLE('',#9754,1.40000000000001);
#708=FACE_OUTER_BOUND('',#1208,.T.);
#709=FACE_OUTER_BOUND('',#1210,.T.);
#710=FACE_OUTER_BOUND('',#1211,.T.);
#711=FACE_OUTER_BOUND('',#1212,.T.);
#712=FACE_OUTER_BOUND('',#1213,.T.);
#713=FACE_OUTER_BOUND('',#1214,.T.);
#714=FACE_OUTER_BOUND('',#1215,.T.);
#715=FACE_OUTER_BOUND('',#1216,.T.);
#716=FACE_OUTER_BOUND('',#1217,.T.);
#717=FACE_OUTER_BOUND('',#1218,.T.);
#718=FACE_OUTER_BOUND('',#1219,.T.);
#719=FACE_OUTER_BOUND('',#1220,.T.);
#720=FACE_OUTER_BOUND('',#1221,.T.);
#721=FACE_OUTER_BOUND('',#1222,.T.);
#722=FACE_OUTER_BOUND('',#1223,.T.);
#723=FACE_OUTER_BOUND('',#1224,.T.);
#724=FACE_OUTER_BOUND('',#1226,.T.);
#725=FACE_OUTER_BOUND('',#1227,.T.);
#726=FACE_OUTER_BOUND('',#1228,.T.);
#727=FACE_OUTER_BOUND('',#1233,.T.);
#728=FACE_OUTER_BOUND('',#1234,.T.);
#729=FACE_OUTER_BOUND('',#1235,.T.);
#730=FACE_OUTER_BOUND('',#1237,.T.);
#731=FACE_OUTER_BOUND('',#1238,.T.);
#732=FACE_OUTER_BOUND('',#1239,.T.);
#733=FACE_OUTER_BOUND('',#1240,.T.);
#734=FACE_OUTER_BOUND('',#1241,.T.);
#735=FACE_OUTER_BOUND('',#1242,.T.);
#736=FACE_OUTER_BOUND('',#1243,.T.);
#737=FACE_OUTER_BOUND('',#1244,.T.);
#738=FACE_OUTER_BOUND('',#1245,.T.);
#739=FACE_OUTER_BOUND('',#1246,.T.);
#740=FACE_OUTER_BOUND('',#1247,.T.);
#741=FACE_OUTER_BOUND('',#1248,.T.);
#742=FACE_OUTER_BOUND('',#1253,.T.);
#743=FACE_OUTER_BOUND('',#1254,.T.);
#744=FACE_OUTER_BOUND('',#1255,.T.);
#745=FACE_OUTER_BOUND('',#1256,.T.);
#746=FACE_OUTER_BOUND('',#1257,.T.);
#747=FACE_OUTER_BOUND('',#1258,.T.);
#748=FACE_OUTER_BOUND('',#1259,.T.);
#749=FACE_OUTER_BOUND('',#1260,.T.);
#750=FACE_OUTER_BOUND('',#1261,.T.);
#751=FACE_OUTER_BOUND('',#1262,.T.);
#752=FACE_OUTER_BOUND('',#1263,.T.);
#753=FACE_OUTER_BOUND('',#1264,.T.);
#754=FACE_OUTER_BOUND('',#1265,.T.);
#755=FACE_OUTER_BOUND('',#1266,.T.);
#756=FACE_OUTER_BOUND('',#1267,.T.);
#757=FACE_OUTER_BOUND('',#1268,.T.);
#758=FACE_OUTER_BOUND('',#1269,.T.);
#759=FACE_OUTER_BOUND('',#1270,.T.);
#760=FACE_OUTER_BOUND('',#1271,.T.);
#761=FACE_OUTER_BOUND('',#1272,.T.);
#762=FACE_OUTER_BOUND('',#1274,.T.);
#763=FACE_OUTER_BOUND('',#1275,.T.);
#764=FACE_OUTER_BOUND('',#1276,.T.);
#765=FACE_OUTER_BOUND('',#1277,.T.);
#766=FACE_OUTER_BOUND('',#1278,.T.);
#767=FACE_OUTER_BOUND('',#1279,.T.);
#768=FACE_OUTER_BOUND('',#1280,.T.);
#769=FACE_OUTER_BOUND('',#1281,.T.);
#770=FACE_OUTER_BOUND('',#1282,.T.);
#771=FACE_OUTER_BOUND('',#1283,.T.);
#772=FACE_OUTER_BOUND('',#1284,.T.);
#773=FACE_OUTER_BOUND('',#1285,.T.);
#774=FACE_OUTER_BOUND('',#1286,.T.);
#775=FACE_OUTER_BOUND('',#1287,.T.);
#776=FACE_OUTER_BOUND('',#1288,.T.);
#777=FACE_OUTER_BOUND('',#1289,.T.);
#778=FACE_OUTER_BOUND('',#1290,.T.);
#779=FACE_OUTER_BOUND('',#1291,.T.);
#780=FACE_OUTER_BOUND('',#1292,.T.);
#781=FACE_OUTER_BOUND('',#1293,.T.);
#782=FACE_OUTER_BOUND('',#1294,.T.);
#783=FACE_OUTER_BOUND('',#1295,.T.);
#784=FACE_OUTER_BOUND('',#1296,.T.);
#785=FACE_OUTER_BOUND('',#1297,.T.);
#786=FACE_OUTER_BOUND('',#1298,.T.);
#787=FACE_OUTER_BOUND('',#1299,.T.);
#788=FACE_OUTER_BOUND('',#1300,.T.);
#789=FACE_OUTER_BOUND('',#1301,.T.);
#790=FACE_OUTER_BOUND('',#1302,.T.);
#791=FACE_OUTER_BOUND('',#1303,.T.);
#792=FACE_OUTER_BOUND('',#1304,.T.);
#793=FACE_OUTER_BOUND('',#1305,.T.);
#794=FACE_OUTER_BOUND('',#1306,.T.);
#795=FACE_OUTER_BOUND('',#1307,.T.);
#796=FACE_OUTER_BOUND('',#1308,.T.);
#797=FACE_OUTER_BOUND('',#1309,.T.);
#798=FACE_OUTER_BOUND('',#1310,.T.);
#799=FACE_OUTER_BOUND('',#1311,.T.);
#800=FACE_OUTER_BOUND('',#1312,.T.);
#801=FACE_OUTER_BOUND('',#1313,.T.);
#802=FACE_OUTER_BOUND('',#1314,.T.);
#803=FACE_OUTER_BOUND('',#1315,.T.);
#804=FACE_OUTER_BOUND('',#1316,.T.);
#805=FACE_OUTER_BOUND('',#1317,.T.);
#806=FACE_OUTER_BOUND('',#1318,.T.);
#807=FACE_OUTER_BOUND('',#1319,.T.);
#808=FACE_OUTER_BOUND('',#1320,.T.);
#809=FACE_OUTER_BOUND('',#1321,.T.);
#810=FACE_OUTER_BOUND('',#1322,.T.);
#811=FACE_OUTER_BOUND('',#1323,.T.);
#812=FACE_OUTER_BOUND('',#1324,.T.);
#813=FACE_OUTER_BOUND('',#1325,.T.);
#814=FACE_OUTER_BOUND('',#1326,.T.);
#815=FACE_OUTER_BOUND('',#1327,.T.);
#816=FACE_OUTER_BOUND('',#1328,.T.);
#817=FACE_OUTER_BOUND('',#1329,.T.);
#818=FACE_OUTER_BOUND('',#1330,.T.);
#819=FACE_OUTER_BOUND('',#1332,.T.);
#820=FACE_OUTER_BOUND('',#1333,.T.);
#821=FACE_OUTER_BOUND('',#1334,.T.);
#822=FACE_OUTER_BOUND('',#1335,.T.);
#823=FACE_OUTER_BOUND('',#1337,.T.);
#824=FACE_OUTER_BOUND('',#1338,.T.);
#825=FACE_OUTER_BOUND('',#1339,.T.);
#826=FACE_OUTER_BOUND('',#1341,.T.);
#827=FACE_OUTER_BOUND('',#1342,.T.);
#828=FACE_OUTER_BOUND('',#1344,.T.);
#829=FACE_OUTER_BOUND('',#1345,.T.);
#830=FACE_OUTER_BOUND('',#1346,.T.);
#831=FACE_OUTER_BOUND('',#1348,.T.);
#832=FACE_OUTER_BOUND('',#1349,.T.);
#833=FACE_OUTER_BOUND('',#1350,.T.);
#834=FACE_OUTER_BOUND('',#1351,.T.);
#835=FACE_OUTER_BOUND('',#1352,.T.);
#836=FACE_OUTER_BOUND('',#1353,.T.);
#837=FACE_OUTER_BOUND('',#1354,.T.);
#838=FACE_OUTER_BOUND('',#1355,.T.);
#839=FACE_OUTER_BOUND('',#1356,.T.);
#840=FACE_OUTER_BOUND('',#1357,.T.);
#841=FACE_OUTER_BOUND('',#1358,.T.);
#842=FACE_OUTER_BOUND('',#1359,.T.);
#843=FACE_OUTER_BOUND('',#1360,.T.);
#844=FACE_OUTER_BOUND('',#1361,.T.);
#845=FACE_OUTER_BOUND('',#1362,.T.);
#846=FACE_OUTER_BOUND('',#1363,.T.);
#847=FACE_OUTER_BOUND('',#1364,.T.);
#848=FACE_OUTER_BOUND('',#1365,.T.);
#849=FACE_OUTER_BOUND('',#1366,.T.);
#850=FACE_OUTER_BOUND('',#1367,.T.);
#851=FACE_OUTER_BOUND('',#1368,.T.);
#852=FACE_OUTER_BOUND('',#1369,.T.);
#853=FACE_OUTER_BOUND('',#1370,.T.);
#854=FACE_OUTER_BOUND('',#1371,.T.);
#855=FACE_OUTER_BOUND('',#1372,.T.);
#856=FACE_OUTER_BOUND('',#1374,.T.);
#857=FACE_OUTER_BOUND('',#1375,.T.);
#858=FACE_OUTER_BOUND('',#1377,.T.);
#859=FACE_OUTER_BOUND('',#1378,.T.);
#860=FACE_OUTER_BOUND('',#1383,.T.);
#861=FACE_OUTER_BOUND('',#1385,.T.);
#862=FACE_OUTER_BOUND('',#1386,.T.);
#863=FACE_OUTER_BOUND('',#1387,.T.);
#864=FACE_OUTER_BOUND('',#1388,.T.);
#865=FACE_OUTER_BOUND('',#1389,.T.);
#866=FACE_OUTER_BOUND('',#1390,.T.);
#867=FACE_OUTER_BOUND('',#1391,.T.);
#868=FACE_OUTER_BOUND('',#1392,.T.);
#869=FACE_OUTER_BOUND('',#1393,.T.);
#870=FACE_OUTER_BOUND('',#1394,.T.);
#871=FACE_OUTER_BOUND('',#1395,.T.);
#872=FACE_OUTER_BOUND('',#1396,.T.);
#873=FACE_OUTER_BOUND('',#1398,.T.);
#874=FACE_OUTER_BOUND('',#1399,.T.);
#875=FACE_OUTER_BOUND('',#1400,.T.);
#876=FACE_OUTER_BOUND('',#1402,.T.);
#877=FACE_OUTER_BOUND('',#1403,.T.);
#878=FACE_OUTER_BOUND('',#1404,.T.);
#879=FACE_OUTER_BOUND('',#1406,.T.);
#880=FACE_OUTER_BOUND('',#1407,.T.);
#881=FACE_OUTER_BOUND('',#1408,.T.);
#882=FACE_OUTER_BOUND('',#1409,.T.);
#883=FACE_OUTER_BOUND('',#1410,.T.);
#884=FACE_OUTER_BOUND('',#1411,.T.);
#885=FACE_OUTER_BOUND('',#1412,.T.);
#886=FACE_OUTER_BOUND('',#1413,.T.);
#887=FACE_OUTER_BOUND('',#1414,.T.);
#888=FACE_OUTER_BOUND('',#1415,.T.);
#889=FACE_OUTER_BOUND('',#1416,.T.);
#890=FACE_OUTER_BOUND('',#1417,.T.);
#891=FACE_OUTER_BOUND('',#1418,.T.);
#892=FACE_OUTER_BOUND('',#1419,.T.);
#893=FACE_OUTER_BOUND('',#1420,.T.);
#894=FACE_OUTER_BOUND('',#1421,.T.);
#895=FACE_OUTER_BOUND('',#1422,.T.);
#896=FACE_OUTER_BOUND('',#1423,.T.);
#897=FACE_OUTER_BOUND('',#1424,.T.);
#898=FACE_OUTER_BOUND('',#1425,.T.);
#899=FACE_OUTER_BOUND('',#1426,.T.);
#900=FACE_OUTER_BOUND('',#1427,.T.);
#901=FACE_OUTER_BOUND('',#1428,.T.);
#902=FACE_OUTER_BOUND('',#1429,.T.);
#903=FACE_OUTER_BOUND('',#1430,.T.);
#904=FACE_OUTER_BOUND('',#1431,.T.);
#905=FACE_OUTER_BOUND('',#1432,.T.);
#906=FACE_OUTER_BOUND('',#1433,.T.);
#907=FACE_OUTER_BOUND('',#1434,.T.);
#908=FACE_OUTER_BOUND('',#1435,.T.);
#909=FACE_OUTER_BOUND('',#1436,.T.);
#910=FACE_OUTER_BOUND('',#1437,.T.);
#911=FACE_OUTER_BOUND('',#1438,.T.);
#912=FACE_OUTER_BOUND('',#1439,.T.);
#913=FACE_OUTER_BOUND('',#1440,.T.);
#914=FACE_OUTER_BOUND('',#1441,.T.);
#915=FACE_OUTER_BOUND('',#1442,.T.);
#916=FACE_OUTER_BOUND('',#1443,.T.);
#917=FACE_OUTER_BOUND('',#1444,.T.);
#918=FACE_OUTER_BOUND('',#1445,.T.);
#919=FACE_OUTER_BOUND('',#1446,.T.);
#920=FACE_OUTER_BOUND('',#1447,.T.);
#921=FACE_OUTER_BOUND('',#1448,.T.);
#922=FACE_OUTER_BOUND('',#1449,.T.);
#923=FACE_OUTER_BOUND('',#1450,.T.);
#924=FACE_OUTER_BOUND('',#1451,.T.);
#925=FACE_OUTER_BOUND('',#1452,.T.);
#926=FACE_OUTER_BOUND('',#1453,.T.);
#927=FACE_OUTER_BOUND('',#1454,.T.);
#928=FACE_OUTER_BOUND('',#1455,.T.);
#929=FACE_OUTER_BOUND('',#1456,.T.);
#930=FACE_OUTER_BOUND('',#1457,.T.);
#931=FACE_OUTER_BOUND('',#1458,.T.);
#932=FACE_OUTER_BOUND('',#1459,.T.);
#933=FACE_OUTER_BOUND('',#1460,.T.);
#934=FACE_OUTER_BOUND('',#1461,.T.);
#935=FACE_OUTER_BOUND('',#1462,.T.);
#936=FACE_OUTER_BOUND('',#1464,.T.);
#937=FACE_OUTER_BOUND('',#1465,.T.);
#938=FACE_OUTER_BOUND('',#1466,.T.);
#939=FACE_OUTER_BOUND('',#1467,.T.);
#940=FACE_OUTER_BOUND('',#1468,.T.);
#941=FACE_OUTER_BOUND('',#1469,.T.);
#942=FACE_OUTER_BOUND('',#1470,.T.);
#943=FACE_OUTER_BOUND('',#1471,.T.);
#944=FACE_OUTER_BOUND('',#1472,.T.);
#945=FACE_OUTER_BOUND('',#1473,.T.);
#946=FACE_OUTER_BOUND('',#1474,.T.);
#947=FACE_OUTER_BOUND('',#1475,.T.);
#948=FACE_OUTER_BOUND('',#1476,.T.);
#949=FACE_OUTER_BOUND('',#1477,.T.);
#950=FACE_OUTER_BOUND('',#1478,.T.);
#951=FACE_OUTER_BOUND('',#1479,.T.);
#952=FACE_OUTER_BOUND('',#1480,.T.);
#953=FACE_OUTER_BOUND('',#1481,.T.);
#954=FACE_OUTER_BOUND('',#1482,.T.);
#955=FACE_OUTER_BOUND('',#1483,.T.);
#956=FACE_OUTER_BOUND('',#1484,.T.);
#957=FACE_OUTER_BOUND('',#1485,.T.);
#958=FACE_OUTER_BOUND('',#1486,.T.);
#959=FACE_OUTER_BOUND('',#1487,.T.);
#960=FACE_OUTER_BOUND('',#1488,.T.);
#961=FACE_OUTER_BOUND('',#1489,.T.);
#962=FACE_OUTER_BOUND('',#1490,.T.);
#963=FACE_OUTER_BOUND('',#1491,.T.);
#964=FACE_OUTER_BOUND('',#1492,.T.);
#965=FACE_OUTER_BOUND('',#1493,.T.);
#966=FACE_OUTER_BOUND('',#1496,.T.);
#967=FACE_OUTER_BOUND('',#1498,.T.);
#968=FACE_OUTER_BOUND('',#1499,.T.);
#969=FACE_OUTER_BOUND('',#1500,.T.);
#970=FACE_OUTER_BOUND('',#1501,.T.);
#971=FACE_OUTER_BOUND('',#1502,.T.);
#972=FACE_OUTER_BOUND('',#1503,.T.);
#973=FACE_OUTER_BOUND('',#1504,.T.);
#974=FACE_OUTER_BOUND('',#1505,.T.);
#975=FACE_OUTER_BOUND('',#1506,.T.);
#976=FACE_OUTER_BOUND('',#1507,.T.);
#977=FACE_OUTER_BOUND('',#1509,.T.);
#978=FACE_OUTER_BOUND('',#1510,.T.);
#979=FACE_OUTER_BOUND('',#1511,.T.);
#980=FACE_OUTER_BOUND('',#1512,.T.);
#981=FACE_OUTER_BOUND('',#1513,.T.);
#982=FACE_OUTER_BOUND('',#1514,.T.);
#983=FACE_OUTER_BOUND('',#1515,.T.);
#984=FACE_OUTER_BOUND('',#1516,.T.);
#985=FACE_OUTER_BOUND('',#1517,.T.);
#986=FACE_OUTER_BOUND('',#1518,.T.);
#987=FACE_OUTER_BOUND('',#1519,.T.);
#988=FACE_OUTER_BOUND('',#1520,.T.);
#989=FACE_OUTER_BOUND('',#1521,.T.);
#990=FACE_OUTER_BOUND('',#1522,.T.);
#991=FACE_OUTER_BOUND('',#1523,.T.);
#992=FACE_OUTER_BOUND('',#1524,.T.);
#993=FACE_OUTER_BOUND('',#1525,.T.);
#994=FACE_OUTER_BOUND('',#1526,.T.);
#995=FACE_OUTER_BOUND('',#1527,.T.);
#996=FACE_OUTER_BOUND('',#1528,.T.);
#997=FACE_OUTER_BOUND('',#1529,.T.);
#998=FACE_OUTER_BOUND('',#1530,.T.);
#999=FACE_OUTER_BOUND('',#1531,.T.);
#1000=FACE_OUTER_BOUND('',#1532,.T.);
#1001=FACE_OUTER_BOUND('',#1533,.T.);
#1002=FACE_OUTER_BOUND('',#1534,.T.);
#1003=FACE_OUTER_BOUND('',#1535,.T.);
#1004=FACE_OUTER_BOUND('',#1536,.T.);
#1005=FACE_OUTER_BOUND('',#1537,.T.);
#1006=FACE_OUTER_BOUND('',#1538,.T.);
#1007=FACE_OUTER_BOUND('',#1539,.T.);
#1008=FACE_OUTER_BOUND('',#1540,.T.);
#1009=FACE_OUTER_BOUND('',#1541,.T.);
#1010=FACE_OUTER_BOUND('',#1542,.T.);
#1011=FACE_OUTER_BOUND('',#1543,.T.);
#1012=FACE_OUTER_BOUND('',#1550,.T.);
#1013=FACE_OUTER_BOUND('',#1551,.T.);
#1014=FACE_OUTER_BOUND('',#1552,.T.);
#1015=FACE_OUTER_BOUND('',#1553,.T.);
#1016=FACE_OUTER_BOUND('',#1554,.T.);
#1017=FACE_OUTER_BOUND('',#1555,.T.);
#1018=FACE_OUTER_BOUND('',#1556,.T.);
#1019=FACE_OUTER_BOUND('',#1557,.T.);
#1020=FACE_OUTER_BOUND('',#1558,.T.);
#1021=FACE_OUTER_BOUND('',#1559,.T.);
#1022=FACE_OUTER_BOUND('',#1560,.T.);
#1023=FACE_OUTER_BOUND('',#1561,.T.);
#1024=FACE_OUTER_BOUND('',#1562,.T.);
#1025=FACE_OUTER_BOUND('',#1563,.T.);
#1026=FACE_OUTER_BOUND('',#1564,.T.);
#1027=FACE_OUTER_BOUND('',#1565,.T.);
#1028=FACE_OUTER_BOUND('',#1566,.T.);
#1029=FACE_OUTER_BOUND('',#1567,.T.);
#1030=FACE_OUTER_BOUND('',#1568,.T.);
#1031=FACE_OUTER_BOUND('',#1569,.T.);
#1032=FACE_OUTER_BOUND('',#1570,.T.);
#1033=FACE_OUTER_BOUND('',#1571,.T.);
#1034=FACE_OUTER_BOUND('',#1572,.T.);
#1035=FACE_OUTER_BOUND('',#1573,.T.);
#1036=FACE_OUTER_BOUND('',#1574,.T.);
#1037=FACE_OUTER_BOUND('',#1575,.T.);
#1038=FACE_OUTER_BOUND('',#1576,.T.);
#1039=FACE_OUTER_BOUND('',#1577,.T.);
#1040=FACE_OUTER_BOUND('',#1578,.T.);
#1041=FACE_OUTER_BOUND('',#1579,.T.);
#1042=FACE_OUTER_BOUND('',#1580,.T.);
#1043=FACE_OUTER_BOUND('',#1581,.T.);
#1044=FACE_OUTER_BOUND('',#1582,.T.);
#1045=FACE_OUTER_BOUND('',#1583,.T.);
#1046=FACE_OUTER_BOUND('',#1584,.T.);
#1047=FACE_OUTER_BOUND('',#1585,.T.);
#1048=FACE_OUTER_BOUND('',#1586,.T.);
#1049=FACE_OUTER_BOUND('',#1587,.T.);
#1050=FACE_OUTER_BOUND('',#1588,.T.);
#1051=FACE_OUTER_BOUND('',#1589,.T.);
#1052=FACE_OUTER_BOUND('',#1590,.T.);
#1053=FACE_OUTER_BOUND('',#1591,.T.);
#1054=FACE_OUTER_BOUND('',#1592,.T.);
#1055=FACE_OUTER_BOUND('',#1593,.T.);
#1056=FACE_OUTER_BOUND('',#1594,.T.);
#1057=FACE_OUTER_BOUND('',#1595,.T.);
#1058=FACE_OUTER_BOUND('',#1596,.T.);
#1059=FACE_OUTER_BOUND('',#1597,.T.);
#1060=FACE_OUTER_BOUND('',#1598,.T.);
#1061=FACE_OUTER_BOUND('',#1599,.T.);
#1062=FACE_OUTER_BOUND('',#1600,.T.);
#1063=FACE_OUTER_BOUND('',#1601,.T.);
#1064=FACE_OUTER_BOUND('',#1602,.T.);
#1065=FACE_OUTER_BOUND('',#1603,.T.);
#1066=FACE_OUTER_BOUND('',#1604,.T.);
#1067=FACE_OUTER_BOUND('',#1605,.T.);
#1068=FACE_OUTER_BOUND('',#1606,.T.);
#1069=FACE_OUTER_BOUND('',#1607,.T.);
#1070=FACE_OUTER_BOUND('',#1608,.T.);
#1071=FACE_OUTER_BOUND('',#1609,.T.);
#1072=FACE_OUTER_BOUND('',#1610,.T.);
#1073=FACE_OUTER_BOUND('',#1611,.T.);
#1074=FACE_OUTER_BOUND('',#1612,.T.);
#1075=FACE_OUTER_BOUND('',#1613,.T.);
#1076=FACE_OUTER_BOUND('',#1614,.T.);
#1077=FACE_OUTER_BOUND('',#1615,.T.);
#1078=FACE_OUTER_BOUND('',#1616,.T.);
#1079=FACE_OUTER_BOUND('',#1617,.T.);
#1080=FACE_OUTER_BOUND('',#1618,.T.);
#1081=FACE_OUTER_BOUND('',#1619,.T.);
#1082=FACE_OUTER_BOUND('',#1620,.T.);
#1083=FACE_OUTER_BOUND('',#1621,.T.);
#1084=FACE_OUTER_BOUND('',#1622,.T.);
#1085=FACE_OUTER_BOUND('',#1623,.T.);
#1086=FACE_OUTER_BOUND('',#1624,.T.);
#1087=FACE_OUTER_BOUND('',#1625,.T.);
#1088=FACE_OUTER_BOUND('',#1626,.T.);
#1089=FACE_OUTER_BOUND('',#1627,.T.);
#1090=FACE_OUTER_BOUND('',#1628,.T.);
#1091=FACE_OUTER_BOUND('',#1629,.T.);
#1092=FACE_OUTER_BOUND('',#1630,.T.);
#1093=FACE_OUTER_BOUND('',#1631,.T.);
#1094=FACE_OUTER_BOUND('',#1632,.T.);
#1095=FACE_OUTER_BOUND('',#1633,.T.);
#1096=FACE_OUTER_BOUND('',#1634,.T.);
#1097=FACE_OUTER_BOUND('',#1635,.T.);
#1098=FACE_OUTER_BOUND('',#1636,.T.);
#1099=FACE_OUTER_BOUND('',#1637,.T.);
#1100=FACE_OUTER_BOUND('',#1638,.T.);
#1101=FACE_OUTER_BOUND('',#1639,.T.);
#1102=FACE_OUTER_BOUND('',#1640,.T.);
#1103=FACE_OUTER_BOUND('',#1641,.T.);
#1104=FACE_OUTER_BOUND('',#1642,.T.);
#1105=FACE_OUTER_BOUND('',#1643,.T.);
#1106=FACE_OUTER_BOUND('',#1644,.T.);
#1107=FACE_OUTER_BOUND('',#1645,.T.);
#1108=FACE_OUTER_BOUND('',#1646,.T.);
#1109=FACE_OUTER_BOUND('',#1647,.T.);
#1110=FACE_OUTER_BOUND('',#1648,.T.);
#1111=FACE_OUTER_BOUND('',#1649,.T.);
#1112=FACE_OUTER_BOUND('',#1650,.T.);
#1113=FACE_OUTER_BOUND('',#1651,.T.);
#1114=FACE_OUTER_BOUND('',#1652,.T.);
#1115=FACE_OUTER_BOUND('',#1653,.T.);
#1116=FACE_OUTER_BOUND('',#1654,.T.);
#1117=FACE_OUTER_BOUND('',#1655,.T.);
#1118=FACE_OUTER_BOUND('',#1656,.T.);
#1119=FACE_OUTER_BOUND('',#1657,.T.);
#1120=FACE_OUTER_BOUND('',#1658,.T.);
#1121=FACE_OUTER_BOUND('',#1659,.T.);
#1122=FACE_OUTER_BOUND('',#1660,.T.);
#1123=FACE_OUTER_BOUND('',#1661,.T.);
#1124=FACE_OUTER_BOUND('',#1662,.T.);
#1125=FACE_OUTER_BOUND('',#1663,.T.);
#1126=FACE_OUTER_BOUND('',#1664,.T.);
#1127=FACE_OUTER_BOUND('',#1665,.T.);
#1128=FACE_OUTER_BOUND('',#1666,.T.);
#1129=FACE_OUTER_BOUND('',#1667,.T.);
#1130=FACE_OUTER_BOUND('',#1668,.T.);
#1131=FACE_OUTER_BOUND('',#1669,.T.);
#1132=FACE_OUTER_BOUND('',#1670,.T.);
#1133=FACE_OUTER_BOUND('',#1671,.T.);
#1134=FACE_OUTER_BOUND('',#1672,.T.);
#1135=FACE_OUTER_BOUND('',#1673,.T.);
#1136=FACE_OUTER_BOUND('',#1674,.T.);
#1137=FACE_OUTER_BOUND('',#1675,.T.);
#1138=FACE_OUTER_BOUND('',#1676,.T.);
#1139=FACE_OUTER_BOUND('',#1677,.T.);
#1140=FACE_OUTER_BOUND('',#1678,.T.);
#1141=FACE_OUTER_BOUND('',#1679,.T.);
#1142=FACE_OUTER_BOUND('',#1680,.T.);
#1143=FACE_OUTER_BOUND('',#1681,.T.);
#1144=FACE_OUTER_BOUND('',#1682,.T.);
#1145=FACE_OUTER_BOUND('',#1683,.T.);
#1146=FACE_OUTER_BOUND('',#1684,.T.);
#1147=FACE_OUTER_BOUND('',#1685,.T.);
#1148=FACE_OUTER_BOUND('',#1686,.T.);
#1149=FACE_OUTER_BOUND('',#1687,.T.);
#1150=FACE_OUTER_BOUND('',#1688,.T.);
#1151=FACE_OUTER_BOUND('',#1689,.T.);
#1152=FACE_OUTER_BOUND('',#1690,.T.);
#1153=FACE_OUTER_BOUND('',#1691,.T.);
#1154=FACE_OUTER_BOUND('',#1692,.T.);
#1155=FACE_OUTER_BOUND('',#1693,.T.);
#1156=FACE_OUTER_BOUND('',#1694,.T.);
#1157=FACE_OUTER_BOUND('',#1695,.T.);
#1158=FACE_OUTER_BOUND('',#1696,.T.);
#1159=FACE_OUTER_BOUND('',#1697,.T.);
#1160=FACE_OUTER_BOUND('',#1698,.T.);
#1161=FACE_OUTER_BOUND('',#1699,.T.);
#1162=FACE_OUTER_BOUND('',#1700,.T.);
#1163=FACE_OUTER_BOUND('',#1701,.T.);
#1164=FACE_OUTER_BOUND('',#1702,.T.);
#1165=FACE_OUTER_BOUND('',#1703,.T.);
#1166=FACE_OUTER_BOUND('',#1704,.T.);
#1167=FACE_OUTER_BOUND('',#1705,.T.);
#1168=FACE_OUTER_BOUND('',#1706,.T.);
#1169=FACE_OUTER_BOUND('',#1707,.T.);
#1170=FACE_OUTER_BOUND('',#1708,.T.);
#1171=FACE_OUTER_BOUND('',#1709,.T.);
#1172=FACE_OUTER_BOUND('',#1710,.T.);
#1173=FACE_OUTER_BOUND('',#1711,.T.);
#1174=FACE_OUTER_BOUND('',#1712,.T.);
#1175=FACE_OUTER_BOUND('',#1713,.T.);
#1176=FACE_OUTER_BOUND('',#1714,.T.);
#1177=FACE_OUTER_BOUND('',#1715,.T.);
#1178=FACE_OUTER_BOUND('',#1716,.T.);
#1179=FACE_OUTER_BOUND('',#1717,.T.);
#1180=FACE_OUTER_BOUND('',#1718,.T.);
#1181=FACE_OUTER_BOUND('',#1719,.T.);
#1182=FACE_OUTER_BOUND('',#1720,.T.);
#1183=FACE_OUTER_BOUND('',#1721,.T.);
#1184=FACE_OUTER_BOUND('',#1722,.T.);
#1185=FACE_OUTER_BOUND('',#1723,.T.);
#1186=FACE_OUTER_BOUND('',#1724,.T.);
#1187=FACE_OUTER_BOUND('',#1725,.T.);
#1188=FACE_OUTER_BOUND('',#1726,.T.);
#1189=FACE_OUTER_BOUND('',#1727,.T.);
#1190=FACE_OUTER_BOUND('',#1728,.T.);
#1191=FACE_OUTER_BOUND('',#1729,.T.);
#1192=FACE_OUTER_BOUND('',#1730,.T.);
#1193=FACE_OUTER_BOUND('',#1731,.T.);
#1194=FACE_OUTER_BOUND('',#1732,.T.);
#1195=FACE_OUTER_BOUND('',#1733,.T.);
#1196=FACE_OUTER_BOUND('',#1734,.T.);
#1197=FACE_OUTER_BOUND('',#1735,.T.);
#1198=FACE_OUTER_BOUND('',#1736,.T.);
#1199=FACE_OUTER_BOUND('',#1737,.T.);
#1200=FACE_OUTER_BOUND('',#1738,.T.);
#1201=FACE_OUTER_BOUND('',#1739,.T.);
#1202=FACE_OUTER_BOUND('',#1740,.T.);
#1203=FACE_OUTER_BOUND('',#1741,.T.);
#1204=FACE_OUTER_BOUND('',#1742,.T.);
#1205=FACE_OUTER_BOUND('',#1743,.T.);
#1206=FACE_OUTER_BOUND('',#1744,.T.);
#1207=FACE_OUTER_BOUND('',#1761,.T.);
#1208=EDGE_LOOP('',(#5740,#5741,#5742,#5743,#5744,#5745));
#1209=EDGE_LOOP('',(#5746));
#1210=EDGE_LOOP('',(#5747,#5748,#5749,#5750));
#1211=EDGE_LOOP('',(#5751,#5752,#5753,#5754));
#1212=EDGE_LOOP('',(#5755,#5756,#5757,#5758));
#1213=EDGE_LOOP('',(#5759,#5760,#5761,#5762));
#1214=EDGE_LOOP('',(#5763,#5764,#5765,#5766));
#1215=EDGE_LOOP('',(#5767,#5768,#5769,#5770));
#1216=EDGE_LOOP('',(#5771,#5772,#5773,#5774));
#1217=EDGE_LOOP('',(#5775,#5776,#5777,#5778));
#1218=EDGE_LOOP('',(#5779,#5780,#5781,#5782));
#1219=EDGE_LOOP('',(#5783,#5784,#5785,#5786));
#1220=EDGE_LOOP('',(#5787,#5788,#5789,#5790));
#1221=EDGE_LOOP('',(#5791,#5792,#5793,#5794));
#1222=EDGE_LOOP('',(#5795,#5796,#5797,#5798));
#1223=EDGE_LOOP('',(#5799,#5800,#5801,#5802,#5803));
#1224=EDGE_LOOP('',(#5804,#5805,#5806,#5807,#5808,#5809,#5810,#5811));
#1225=EDGE_LOOP('',(#5812,#5813,#5814,#5815,#5816,#5817,#5818,#5819));
#1226=EDGE_LOOP('',(#5820,#5821,#5822,#5823));
#1227=EDGE_LOOP('',(#5824,#5825,#5826,#5827,#5828));
#1228=EDGE_LOOP('',(#5829,#5830,#5831,#5832,#5833,#5834,#5835,#5836));
#1229=EDGE_LOOP('',(#5837));
#1230=EDGE_LOOP('',(#5838,#5839,#5840,#5841,#5842,#5843,#5844,#5845));
#1231=EDGE_LOOP('',(#5846,#5847,#5848,#5849,#5850,#5851,#5852,#5853));
#1232=EDGE_LOOP('',(#5854,#5855,#5856,#5857,#5858,#5859,#5860,#5861));
#1233=EDGE_LOOP('',(#5862,#5863,#5864,#5865));
#1234=EDGE_LOOP('',(#5866,#5867,#5868,#5869,#5870));
#1235=EDGE_LOOP('',(#5871,#5872,#5873,#5874,#5875,#5876,#5877,#5878));
#1236=EDGE_LOOP('',(#5879,#5880,#5881,#5882,#5883,#5884,#5885,#5886));
#1237=EDGE_LOOP('',(#5887,#5888,#5889,#5890,#5891,#5892));
#1238=EDGE_LOOP('',(#5893,#5894,#5895,#5896,#5897));
#1239=EDGE_LOOP('',(#5898,#5899,#5900,#5901));
#1240=EDGE_LOOP('',(#5902,#5903,#5904,#5905,#5906,#5907,#5908,#5909,#5910,
#5911,#5912,#5913,#5914,#5915,#5916,#5917,#5918,#5919,#5920,#5921,#5922));
#1241=EDGE_LOOP('',(#5923,#5924,#5925,#5926,#5927));
#1242=EDGE_LOOP('',(#5928,#5929,#5930,#5931));
#1243=EDGE_LOOP('',(#5932,#5933,#5934,#5935));
#1244=EDGE_LOOP('',(#5936,#5937,#5938,#5939,#5940,#5941,#5942,#5943,#5944,
#5945,#5946,#5947,#5948,#5949,#5950,#5951));
#1245=EDGE_LOOP('',(#5952,#5953,#5954,#5955));
#1246=EDGE_LOOP('',(#5956,#5957,#5958,#5959));
#1247=EDGE_LOOP('',(#5960,#5961,#5962,#5963));
#1248=EDGE_LOOP('',(#5964,#5965,#5966,#5967,#5968,#5969,#5970,#5971));
#1249=EDGE_LOOP('',(#5972));
#1250=EDGE_LOOP('',(#5973));
#1251=EDGE_LOOP('',(#5974));
#1252=EDGE_LOOP('',(#5975));
#1253=EDGE_LOOP('',(#5976,#5977,#5978,#5979));
#1254=EDGE_LOOP('',(#5980,#5981,#5982,#5983));
#1255=EDGE_LOOP('',(#5984,#5985,#5986,#5987));
#1256=EDGE_LOOP('',(#5988,#5989,#5990,#5991));
#1257=EDGE_LOOP('',(#5992,#5993,#5994,#5995));
#1258=EDGE_LOOP('',(#5996,#5997,#5998,#5999));
#1259=EDGE_LOOP('',(#6000,#6001,#6002,#6003));
#1260=EDGE_LOOP('',(#6004,#6005,#6006,#6007));
#1261=EDGE_LOOP('',(#6008,#6009,#6010,#6011));
#1262=EDGE_LOOP('',(#6012,#6013,#6014,#6015));
#1263=EDGE_LOOP('',(#6016,#6017,#6018,#6019));
#1264=EDGE_LOOP('',(#6020,#6021,#6022,#6023));
#1265=EDGE_LOOP('',(#6024,#6025,#6026,#6027));
#1266=EDGE_LOOP('',(#6028,#6029,#6030,#6031));
#1267=EDGE_LOOP('',(#6032,#6033,#6034,#6035));
#1268=EDGE_LOOP('',(#6036,#6037,#6038,#6039));
#1269=EDGE_LOOP('',(#6040,#6041,#6042,#6043));
#1270=EDGE_LOOP('',(#6044,#6045,#6046,#6047));
#1271=EDGE_LOOP('',(#6048,#6049,#6050,#6051));
#1272=EDGE_LOOP('',(#6052,#6053,#6054,#6055,#6056,#6057,#6058,#6059,#6060,
#6061,#6062));
#1273=EDGE_LOOP('',(#6063,#6064,#6065,#6066,#6067,#6068));
#1274=EDGE_LOOP('',(#6069,#6070,#6071,#6072,#6073));
#1275=EDGE_LOOP('',(#6074,#6075,#6076,#6077));
#1276=EDGE_LOOP('',(#6078,#6079,#6080,#6081));
#1277=EDGE_LOOP('',(#6082,#6083,#6084,#6085));
#1278=EDGE_LOOP('',(#6086,#6087,#6088,#6089));
#1279=EDGE_LOOP('',(#6090,#6091,#6092,#6093));
#1280=EDGE_LOOP('',(#6094,#6095,#6096,#6097));
#1281=EDGE_LOOP('',(#6098,#6099,#6100,#6101));
#1282=EDGE_LOOP('',(#6102,#6103,#6104,#6105));
#1283=EDGE_LOOP('',(#6106,#6107,#6108,#6109));
#1284=EDGE_LOOP('',(#6110,#6111,#6112,#6113));
#1285=EDGE_LOOP('',(#6114,#6115,#6116,#6117));
#1286=EDGE_LOOP('',(#6118,#6119,#6120,#6121));
#1287=EDGE_LOOP('',(#6122,#6123,#6124,#6125));
#1288=EDGE_LOOP('',(#6126,#6127,#6128,#6129));
#1289=EDGE_LOOP('',(#6130,#6131,#6132,#6133));
#1290=EDGE_LOOP('',(#6134,#6135,#6136,#6137));
#1291=EDGE_LOOP('',(#6138,#6139,#6140,#6141));
#1292=EDGE_LOOP('',(#6142,#6143,#6144,#6145));
#1293=EDGE_LOOP('',(#6146,#6147,#6148,#6149));
#1294=EDGE_LOOP('',(#6150,#6151,#6152,#6153));
#1295=EDGE_LOOP('',(#6154,#6155,#6156,#6157));
#1296=EDGE_LOOP('',(#6158,#6159,#6160,#6161));
#1297=EDGE_LOOP('',(#6162,#6163,#6164,#6165));
#1298=EDGE_LOOP('',(#6166,#6167,#6168,#6169));
#1299=EDGE_LOOP('',(#6170,#6171,#6172,#6173));
#1300=EDGE_LOOP('',(#6174,#6175,#6176,#6177));
#1301=EDGE_LOOP('',(#6178,#6179,#6180,#6181));
#1302=EDGE_LOOP('',(#6182,#6183,#6184,#6185));
#1303=EDGE_LOOP('',(#6186,#6187,#6188,#6189));
#1304=EDGE_LOOP('',(#6190,#6191,#6192,#6193));
#1305=EDGE_LOOP('',(#6194,#6195,#6196,#6197));
#1306=EDGE_LOOP('',(#6198,#6199,#6200,#6201));
#1307=EDGE_LOOP('',(#6202,#6203,#6204,#6205));
#1308=EDGE_LOOP('',(#6206,#6207,#6208,#6209));
#1309=EDGE_LOOP('',(#6210,#6211,#6212,#6213));
#1310=EDGE_LOOP('',(#6214,#6215,#6216,#6217));
#1311=EDGE_LOOP('',(#6218,#6219,#6220,#6221));
#1312=EDGE_LOOP('',(#6222,#6223,#6224,#6225));
#1313=EDGE_LOOP('',(#6226,#6227,#6228,#6229));
#1314=EDGE_LOOP('',(#6230,#6231,#6232,#6233));
#1315=EDGE_LOOP('',(#6234,#6235,#6236,#6237));
#1316=EDGE_LOOP('',(#6238,#6239,#6240,#6241));
#1317=EDGE_LOOP('',(#6242,#6243,#6244,#6245));
#1318=EDGE_LOOP('',(#6246,#6247,#6248,#6249,#6250));
#1319=EDGE_LOOP('',(#6251,#6252,#6253,#6254));
#1320=EDGE_LOOP('',(#6255,#6256,#6257,#6258));
#1321=EDGE_LOOP('',(#6259,#6260,#6261,#6262));
#1322=EDGE_LOOP('',(#6263,#6264,#6265,#6266));
#1323=EDGE_LOOP('',(#6267,#6268,#6269,#6270));
#1324=EDGE_LOOP('',(#6271,#6272,#6273,#6274,#6275));
#1325=EDGE_LOOP('',(#6276,#6277,#6278,#6279,#6280));
#1326=EDGE_LOOP('',(#6281,#6282,#6283,#6284));
#1327=EDGE_LOOP('',(#6285,#6286,#6287,#6288,#6289));
#1328=EDGE_LOOP('',(#6290,#6291,#6292,#6293));
#1329=EDGE_LOOP('',(#6294,#6295,#6296,#6297,#6298));
#1330=EDGE_LOOP('',(#6299,#6300,#6301,#6302,#6303,#6304,#6305,#6306,#6307,
#6308));
#1331=EDGE_LOOP('',(#6309));
#1332=EDGE_LOOP('',(#6310,#6311,#6312,#6313));
#1333=EDGE_LOOP('',(#6314,#6315,#6316,#6317,#6318,#6319));
#1334=EDGE_LOOP('',(#6320,#6321,#6322,#6323));
#1335=EDGE_LOOP('',(#6324,#6325,#6326,#6327,#6328));
#1336=EDGE_LOOP('',(#6329));
#1337=EDGE_LOOP('',(#6330,#6331,#6332,#6333));
#1338=EDGE_LOOP('',(#6334,#6335,#6336,#6337));
#1339=EDGE_LOOP('',(#6338,#6339,#6340,#6341,#6342));
#1340=EDGE_LOOP('',(#6343));
#1341=EDGE_LOOP('',(#6344,#6345,#6346,#6347));
#1342=EDGE_LOOP('',(#6348,#6349,#6350,#6351,#6352));
#1343=EDGE_LOOP('',(#6353));
#1344=EDGE_LOOP('',(#6354,#6355,#6356,#6357));
#1345=EDGE_LOOP('',(#6358,#6359,#6360,#6361));
#1346=EDGE_LOOP('',(#6362,#6363,#6364,#6365,#6366,#6367,#6368,#6369));
#1347=EDGE_LOOP('',(#6370,#6371,#6372,#6373));
#1348=EDGE_LOOP('',(#6374,#6375,#6376,#6377));
#1349=EDGE_LOOP('',(#6378,#6379,#6380,#6381));
#1350=EDGE_LOOP('',(#6382,#6383,#6384,#6385));
#1351=EDGE_LOOP('',(#6386,#6387,#6388,#6389));
#1352=EDGE_LOOP('',(#6390,#6391,#6392,#6393));
#1353=EDGE_LOOP('',(#6394,#6395,#6396,#6397));
#1354=EDGE_LOOP('',(#6398,#6399,#6400,#6401));
#1355=EDGE_LOOP('',(#6402,#6403,#6404,#6405));
#1356=EDGE_LOOP('',(#6406,#6407,#6408,#6409));
#1357=EDGE_LOOP('',(#6410,#6411,#6412,#6413));
#1358=EDGE_LOOP('',(#6414,#6415,#6416,#6417));
#1359=EDGE_LOOP('',(#6418,#6419,#6420,#6421));
#1360=EDGE_LOOP('',(#6422,#6423,#6424,#6425));
#1361=EDGE_LOOP('',(#6426,#6427,#6428,#6429));
#1362=EDGE_LOOP('',(#6430,#6431,#6432,#6433));
#1363=EDGE_LOOP('',(#6434,#6435,#6436,#6437));
#1364=EDGE_LOOP('',(#6438,#6439,#6440,#6441));
#1365=EDGE_LOOP('',(#6442,#6443,#6444,#6445));
#1366=EDGE_LOOP('',(#6446,#6447,#6448,#6449));
#1367=EDGE_LOOP('',(#6450,#6451,#6452,#6453));
#1368=EDGE_LOOP('',(#6454,#6455,#6456,#6457));
#1369=EDGE_LOOP('',(#6458,#6459,#6460,#6461));
#1370=EDGE_LOOP('',(#6462,#6463,#6464,#6465));
#1371=EDGE_LOOP('',(#6466,#6467,#6468,#6469));
#1372=EDGE_LOOP('',(#6470,#6471,#6472,#6473));
#1373=EDGE_LOOP('',(#6474,#6475,#6476,#6477,#6478,#6479,#6480,#6481));
#1374=EDGE_LOOP('',(#6482,#6483,#6484,#6485));
#1375=EDGE_LOOP('',(#6486,#6487,#6488,#6489));
#1376=EDGE_LOOP('',(#6490,#6491,#6492,#6493,#6494,#6495,#6496,#6497));
#1377=EDGE_LOOP('',(#6498,#6499,#6500,#6501));
#1378=EDGE_LOOP('',(#6502,#6503,#6504,#6505));
#1379=EDGE_LOOP('',(#6506,#6507,#6508,#6509,#6510,#6511,#6512,#6513));
#1380=EDGE_LOOP('',(#6514,#6515,#6516,#6517,#6518,#6519,#6520,#6521));
#1381=EDGE_LOOP('',(#6522,#6523,#6524,#6525,#6526,#6527,#6528,#6529));
#1382=EDGE_LOOP('',(#6530));
#1383=EDGE_LOOP('',(#6531,#6532,#6533,#6534));
#1384=EDGE_LOOP('',(#6535));
#1385=EDGE_LOOP('',(#6536,#6537,#6538,#6539));
#1386=EDGE_LOOP('',(#6540,#6541,#6542,#6543));
#1387=EDGE_LOOP('',(#6544,#6545,#6546,#6547));
#1388=EDGE_LOOP('',(#6548));
#1389=EDGE_LOOP('',(#6549));
#1390=EDGE_LOOP('',(#6550));
#1391=EDGE_LOOP('',(#6551,#6552,#6553,#6554));
#1392=EDGE_LOOP('',(#6555,#6556,#6557,#6558));
#1393=EDGE_LOOP('',(#6559,#6560,#6561,#6562));
#1394=EDGE_LOOP('',(#6563,#6564,#6565,#6566));
#1395=EDGE_LOOP('',(#6567,#6568,#6569,#6570));
#1396=EDGE_LOOP('',(#6571,#6572,#6573,#6574,#6575));
#1397=EDGE_LOOP('',(#6576));
#1398=EDGE_LOOP('',(#6577,#6578,#6579,#6580));
#1399=EDGE_LOOP('',(#6581,#6582,#6583,#6584));
#1400=EDGE_LOOP('',(#6585,#6586,#6587,#6588,#6589));
#1401=EDGE_LOOP('',(#6590));
#1402=EDGE_LOOP('',(#6591,#6592,#6593,#6594));
#1403=EDGE_LOOP('',(#6595,#6596,#6597,#6598));
#1404=EDGE_LOOP('',(#6599,#6600,#6601,#6602,#6603));
#1405=EDGE_LOOP('',(#6604));
#1406=EDGE_LOOP('',(#6605,#6606,#6607,#6608));
#1407=EDGE_LOOP('',(#6609,#6610,#6611,#6612));
#1408=EDGE_LOOP('',(#6613,#6614,#6615,#6616,#6617));
#1409=EDGE_LOOP('',(#6618,#6619,#6620,#6621,#6622,#6623,#6624));
#1410=EDGE_LOOP('',(#6625,#6626,#6627,#6628,#6629,#6630,#6631));
#1411=EDGE_LOOP('',(#6632,#6633,#6634,#6635,#6636,#6637,#6638));
#1412=EDGE_LOOP('',(#6639,#6640,#6641,#6642));
#1413=EDGE_LOOP('',(#6643,#6644,#6645,#6646));
#1414=EDGE_LOOP('',(#6647,#6648,#6649,#6650));
#1415=EDGE_LOOP('',(#6651,#6652,#6653,#6654));
#1416=EDGE_LOOP('',(#6655,#6656,#6657,#6658));
#1417=EDGE_LOOP('',(#6659,#6660,#6661,#6662));
#1418=EDGE_LOOP('',(#6663,#6664,#6665,#6666));
#1419=EDGE_LOOP('',(#6667,#6668,#6669,#6670));
#1420=EDGE_LOOP('',(#6671,#6672,#6673,#6674));
#1421=EDGE_LOOP('',(#6675,#6676,#6677,#6678));
#1422=EDGE_LOOP('',(#6679,#6680,#6681,#6682));
#1423=EDGE_LOOP('',(#6683,#6684,#6685,#6686));
#1424=EDGE_LOOP('',(#6687,#6688,#6689,#6690));
#1425=EDGE_LOOP('',(#6691,#6692,#6693,#6694));
#1426=EDGE_LOOP('',(#6695,#6696,#6697,#6698));
#1427=EDGE_LOOP('',(#6699,#6700,#6701,#6702));
#1428=EDGE_LOOP('',(#6703,#6704,#6705,#6706));
#1429=EDGE_LOOP('',(#6707,#6708,#6709,#6710));
#1430=EDGE_LOOP('',(#6711,#6712,#6713,#6714));
#1431=EDGE_LOOP('',(#6715,#6716,#6717,#6718));
#1432=EDGE_LOOP('',(#6719,#6720,#6721,#6722));
#1433=EDGE_LOOP('',(#6723,#6724,#6725,#6726));
#1434=EDGE_LOOP('',(#6727,#6728,#6729,#6730));
#1435=EDGE_LOOP('',(#6731,#6732,#6733,#6734));
#1436=EDGE_LOOP('',(#6735,#6736,#6737,#6738));
#1437=EDGE_LOOP('',(#6739,#6740,#6741,#6742));
#1438=EDGE_LOOP('',(#6743,#6744,#6745,#6746));
#1439=EDGE_LOOP('',(#6747,#6748,#6749,#6750));
#1440=EDGE_LOOP('',(#6751,#6752,#6753,#6754));
#1441=EDGE_LOOP('',(#6755,#6756,#6757,#6758));
#1442=EDGE_LOOP('',(#6759,#6760,#6761,#6762));
#1443=EDGE_LOOP('',(#6763,#6764,#6765,#6766));
#1444=EDGE_LOOP('',(#6767,#6768,#6769,#6770));
#1445=EDGE_LOOP('',(#6771,#6772,#6773,#6774));
#1446=EDGE_LOOP('',(#6775,#6776,#6777,#6778));
#1447=EDGE_LOOP('',(#6779,#6780,#6781,#6782));
#1448=EDGE_LOOP('',(#6783,#6784,#6785,#6786));
#1449=EDGE_LOOP('',(#6787,#6788,#6789,#6790));
#1450=EDGE_LOOP('',(#6791,#6792,#6793,#6794));
#1451=EDGE_LOOP('',(#6795,#6796,#6797,#6798));
#1452=EDGE_LOOP('',(#6799,#6800,#6801,#6802));
#1453=EDGE_LOOP('',(#6803,#6804,#6805,#6806));
#1454=EDGE_LOOP('',(#6807,#6808,#6809,#6810));
#1455=EDGE_LOOP('',(#6811,#6812,#6813,#6814));
#1456=EDGE_LOOP('',(#6815,#6816,#6817,#6818));
#1457=EDGE_LOOP('',(#6819,#6820,#6821,#6822));
#1458=EDGE_LOOP('',(#6823,#6824,#6825,#6826,#6827,#6828));
#1459=EDGE_LOOP('',(#6829,#6830,#6831,#6832));
#1460=EDGE_LOOP('',(#6833,#6834,#6835,#6836,#6837,#6838));
#1461=EDGE_LOOP('',(#6839,#6840,#6841,#6842));
#1462=EDGE_LOOP('',(#6843,#6844,#6845,#6846,#6847,#6848,#6849,#6850));
#1463=EDGE_LOOP('',(#6851,#6852,#6853,#6854,#6855,#6856,#6857,#6858,#6859,
#6860,#6861,#6862,#6863,#6864,#6865,#6866,#6867,#6868,#6869,#6870));
#1464=EDGE_LOOP('',(#6871,#6872,#6873,#6874,#6875,#6876,#6877));
#1465=EDGE_LOOP('',(#6878,#6879,#6880,#6881));
#1466=EDGE_LOOP('',(#6882,#6883,#6884,#6885,#6886,#6887,#6888));
#1467=EDGE_LOOP('',(#6889,#6890,#6891,#6892));
#1468=EDGE_LOOP('',(#6893,#6894,#6895,#6896,#6897,#6898,#6899));
#1469=EDGE_LOOP('',(#6900,#6901,#6902,#6903));
#1470=EDGE_LOOP('',(#6904,#6905,#6906,#6907,#6908,#6909,#6910));
#1471=EDGE_LOOP('',(#6911,#6912,#6913,#6914));
#1472=EDGE_LOOP('',(#6915,#6916,#6917,#6918,#6919,#6920,#6921));
#1473=EDGE_LOOP('',(#6922,#6923,#6924,#6925));
#1474=EDGE_LOOP('',(#6926,#6927,#6928,#6929,#6930,#6931,#6932));
#1475=EDGE_LOOP('',(#6933,#6934,#6935,#6936));
#1476=EDGE_LOOP('',(#6937,#6938,#6939,#6940,#6941,#6942,#6943));
#1477=EDGE_LOOP('',(#6944,#6945,#6946,#6947));
#1478=EDGE_LOOP('',(#6948,#6949,#6950,#6951,#6952,#6953,#6954));
#1479=EDGE_LOOP('',(#6955,#6956,#6957,#6958,#6959,#6960,#6961,#6962));
#1480=EDGE_LOOP('',(#6963,#6964,#6965,#6966,#6967,#6968,#6969));
#1481=EDGE_LOOP('',(#6970,#6971,#6972,#6973));
#1482=EDGE_LOOP('',(#6974,#6975,#6976,#6977,#6978,#6979,#6980));
#1483=EDGE_LOOP('',(#6981,#6982,#6983,#6984));
#1484=EDGE_LOOP('',(#6985,#6986,#6987,#6988));
#1485=EDGE_LOOP('',(#6989,#6990,#6991,#6992));
#1486=EDGE_LOOP('',(#6993,#6994,#6995,#6996));
#1487=EDGE_LOOP('',(#6997,#6998,#6999,#7000,#7001,#7002,#7003,#7004,#7005,
#7006,#7007,#7008,#7009,#7010,#7011,#7012,#7013,#7014,#7015,#7016,#7017,
#7018,#7019,#7020,#7021,#7022,#7023,#7024,#7025));
#1488=EDGE_LOOP('',(#7026,#7027,#7028,#7029,#7030,#7031,#7032,#7033,#7034,
#7035,#7036,#7037,#7038,#7039,#7040,#7041,#7042,#7043,#7044,#7045,#7046,
#7047,#7048,#7049,#7050,#7051,#7052,#7053,#7054,#7055,#7056,#7057));
#1489=EDGE_LOOP('',(#7058,#7059,#7060,#7061,#7062,#7063,#7064,#7065,#7066,
#7067,#7068,#7069,#7070,#7071,#7072,#7073,#7074,#7075,#7076,#7077,#7078,
#7079));
#1490=EDGE_LOOP('',(#7080,#7081,#7082,#7083,#7084,#7085,#7086,#7087,#7088,
#7089,#7090,#7091));
#1491=EDGE_LOOP('',(#7092,#7093,#7094,#7095,#7096,#7097,#7098));
#1492=EDGE_LOOP('',(#7099,#7100,#7101,#7102));
#1493=EDGE_LOOP('',(#7103,#7104,#7105,#7106,#7107,#7108,#7109,#7110,#7111,
#7112,#7113,#7114,#7115));
#1494=EDGE_LOOP('',(#7116,#7117,#7118,#7119,#7120,#7121,#7122));
#1495=EDGE_LOOP('',(#7123,#7124,#7125,#7126,#7127,#7128,#7129));
#1496=EDGE_LOOP('',(#7130,#7131,#7132,#7133,#7134,#7135,#7136,#7137,#7138));
#1497=EDGE_LOOP('',(#7139,#7140,#7141,#7142,#7143,#7144,#7145));
#1498=EDGE_LOOP('',(#7146,#7147,#7148,#7149,#7150,#7151,#7152,#7153,#7154,
#7155,#7156,#7157));
#1499=EDGE_LOOP('',(#7158,#7159,#7160,#7161));
#1500=EDGE_LOOP('',(#7162,#7163,#7164,#7165));
#1501=EDGE_LOOP('',(#7166,#7167,#7168,#7169));
#1502=EDGE_LOOP('',(#7170,#7171,#7172,#7173));
#1503=EDGE_LOOP('',(#7174,#7175,#7176,#7177));
#1504=EDGE_LOOP('',(#7178,#7179,#7180,#7181));
#1505=EDGE_LOOP('',(#7182,#7183,#7184,#7185));
#1506=EDGE_LOOP('',(#7186,#7187,#7188,#7189));
#1507=EDGE_LOOP('',(#7190,#7191,#7192,#7193));
#1508=EDGE_LOOP('',(#7194,#7195,#7196,#7197));
#1509=EDGE_LOOP('',(#7198,#7199,#7200,#7201));
#1510=EDGE_LOOP('',(#7202,#7203,#7204,#7205));
#1511=EDGE_LOOP('',(#7206,#7207,#7208,#7209));
#1512=EDGE_LOOP('',(#7210,#7211,#7212,#7213));
#1513=EDGE_LOOP('',(#7214,#7215,#7216,#7217));
#1514=EDGE_LOOP('',(#7218,#7219,#7220,#7221));
#1515=EDGE_LOOP('',(#7222,#7223,#7224,#7225));
#1516=EDGE_LOOP('',(#7226,#7227,#7228,#7229));
#1517=EDGE_LOOP('',(#7230,#7231,#7232,#7233));
#1518=EDGE_LOOP('',(#7234,#7235,#7236,#7237));
#1519=EDGE_LOOP('',(#7238,#7239,#7240,#7241));
#1520=EDGE_LOOP('',(#7242,#7243,#7244,#7245));
#1521=EDGE_LOOP('',(#7246,#7247,#7248,#7249));
#1522=EDGE_LOOP('',(#7250,#7251,#7252,#7253));
#1523=EDGE_LOOP('',(#7254,#7255,#7256,#7257));
#1524=EDGE_LOOP('',(#7258,#7259,#7260,#7261));
#1525=EDGE_LOOP('',(#7262,#7263,#7264,#7265));
#1526=EDGE_LOOP('',(#7266,#7267,#7268,#7269));
#1527=EDGE_LOOP('',(#7270,#7271,#7272,#7273));
#1528=EDGE_LOOP('',(#7274,#7275,#7276,#7277));
#1529=EDGE_LOOP('',(#7278,#7279,#7280,#7281));
#1530=EDGE_LOOP('',(#7282,#7283,#7284,#7285));
#1531=EDGE_LOOP('',(#7286,#7287,#7288,#7289));
#1532=EDGE_LOOP('',(#7290,#7291,#7292,#7293));
#1533=EDGE_LOOP('',(#7294,#7295,#7296,#7297));
#1534=EDGE_LOOP('',(#7298,#7299,#7300,#7301));
#1535=EDGE_LOOP('',(#7302,#7303,#7304,#7305));
#1536=EDGE_LOOP('',(#7306,#7307,#7308,#7309));
#1537=EDGE_LOOP('',(#7310,#7311,#7312,#7313));
#1538=EDGE_LOOP('',(#7314,#7315,#7316,#7317));
#1539=EDGE_LOOP('',(#7318,#7319,#7320,#7321));
#1540=EDGE_LOOP('',(#7322,#7323,#7324,#7325));
#1541=EDGE_LOOP('',(#7326,#7327,#7328,#7329));
#1542=EDGE_LOOP('',(#7330,#7331,#7332,#7333));
#1543=EDGE_LOOP('',(#7334,#7335,#7336,#7337,#7338,#7339,#7340,#7341,#7342,
#7343,#7344,#7345,#7346,#7347,#7348,#7349,#7350,#7351,#7352,#7353));
#1544=EDGE_LOOP('',(#7354,#7355,#7356,#7357,#7358,#7359,#7360,#7361));
#1545=EDGE_LOOP('',(#7362,#7363,#7364,#7365,#7366,#7367,#7368,#7369));
#1546=EDGE_LOOP('',(#7370,#7371,#7372,#7373,#7374,#7375,#7376,#7377));
#1547=EDGE_LOOP('',(#7378,#7379,#7380,#7381,#7382,#7383,#7384,#7385));
#1548=EDGE_LOOP('',(#7386,#7387,#7388,#7389,#7390,#7391,#7392,#7393));
#1549=EDGE_LOOP('',(#7394));
#1550=EDGE_LOOP('',(#7395,#7396,#7397,#7398));
#1551=EDGE_LOOP('',(#7399,#7400,#7401,#7402));
#1552=EDGE_LOOP('',(#7403,#7404,#7405,#7406));
#1553=EDGE_LOOP('',(#7407,#7408,#7409,#7410));
#1554=EDGE_LOOP('',(#7411,#7412,#7413,#7414));
#1555=EDGE_LOOP('',(#7415,#7416,#7417,#7418));
#1556=EDGE_LOOP('',(#7419,#7420,#7421,#7422));
#1557=EDGE_LOOP('',(#7423,#7424,#7425,#7426));
#1558=EDGE_LOOP('',(#7427,#7428,#7429,#7430));
#1559=EDGE_LOOP('',(#7431,#7432,#7433,#7434));
#1560=EDGE_LOOP('',(#7435,#7436,#7437,#7438));
#1561=EDGE_LOOP('',(#7439,#7440,#7441,#7442));
#1562=EDGE_LOOP('',(#7443,#7444,#7445,#7446));
#1563=EDGE_LOOP('',(#7447,#7448,#7449,#7450));
#1564=EDGE_LOOP('',(#7451,#7452,#7453,#7454));
#1565=EDGE_LOOP('',(#7455,#7456,#7457,#7458));
#1566=EDGE_LOOP('',(#7459,#7460,#7461,#7462));
#1567=EDGE_LOOP('',(#7463,#7464,#7465,#7466));
#1568=EDGE_LOOP('',(#7467,#7468,#7469,#7470));
#1569=EDGE_LOOP('',(#7471,#7472,#7473,#7474));
#1570=EDGE_LOOP('',(#7475,#7476,#7477,#7478));
#1571=EDGE_LOOP('',(#7479,#7480,#7481,#7482));
#1572=EDGE_LOOP('',(#7483,#7484,#7485,#7486));
#1573=EDGE_LOOP('',(#7487,#7488,#7489,#7490));
#1574=EDGE_LOOP('',(#7491,#7492,#7493,#7494));
#1575=EDGE_LOOP('',(#7495,#7496,#7497,#7498));
#1576=EDGE_LOOP('',(#7499,#7500,#7501,#7502));
#1577=EDGE_LOOP('',(#7503,#7504,#7505,#7506));
#1578=EDGE_LOOP('',(#7507,#7508,#7509,#7510));
#1579=EDGE_LOOP('',(#7511,#7512,#7513,#7514));
#1580=EDGE_LOOP('',(#7515,#7516,#7517,#7518));
#1581=EDGE_LOOP('',(#7519,#7520,#7521,#7522));
#1582=EDGE_LOOP('',(#7523,#7524,#7525,#7526));
#1583=EDGE_LOOP('',(#7527,#7528,#7529,#7530));
#1584=EDGE_LOOP('',(#7531,#7532,#7533,#7534));
#1585=EDGE_LOOP('',(#7535,#7536,#7537,#7538));
#1586=EDGE_LOOP('',(#7539,#7540,#7541,#7542));
#1587=EDGE_LOOP('',(#7543,#7544,#7545,#7546));
#1588=EDGE_LOOP('',(#7547,#7548,#7549,#7550));
#1589=EDGE_LOOP('',(#7551,#7552,#7553,#7554));
#1590=EDGE_LOOP('',(#7555,#7556,#7557,#7558));
#1591=EDGE_LOOP('',(#7559,#7560,#7561,#7562));
#1592=EDGE_LOOP('',(#7563,#7564,#7565,#7566));
#1593=EDGE_LOOP('',(#7567,#7568,#7569,#7570));
#1594=EDGE_LOOP('',(#7571,#7572,#7573,#7574));
#1595=EDGE_LOOP('',(#7575,#7576,#7577,#7578));
#1596=EDGE_LOOP('',(#7579,#7580,#7581,#7582));
#1597=EDGE_LOOP('',(#7583,#7584,#7585,#7586));
#1598=EDGE_LOOP('',(#7587,#7588,#7589,#7590));
#1599=EDGE_LOOP('',(#7591,#7592,#7593,#7594));
#1600=EDGE_LOOP('',(#7595,#7596,#7597,#7598));
#1601=EDGE_LOOP('',(#7599,#7600,#7601,#7602));
#1602=EDGE_LOOP('',(#7603,#7604,#7605,#7606));
#1603=EDGE_LOOP('',(#7607,#7608,#7609,#7610));
#1604=EDGE_LOOP('',(#7611,#7612,#7613,#7614));
#1605=EDGE_LOOP('',(#7615,#7616,#7617,#7618));
#1606=EDGE_LOOP('',(#7619,#7620,#7621,#7622));
#1607=EDGE_LOOP('',(#7623,#7624,#7625,#7626));
#1608=EDGE_LOOP('',(#7627,#7628,#7629,#7630));
#1609=EDGE_LOOP('',(#7631,#7632,#7633,#7634));
#1610=EDGE_LOOP('',(#7635,#7636,#7637,#7638));
#1611=EDGE_LOOP('',(#7639,#7640,#7641,#7642));
#1612=EDGE_LOOP('',(#7643,#7644,#7645,#7646));
#1613=EDGE_LOOP('',(#7647,#7648,#7649,#7650));
#1614=EDGE_LOOP('',(#7651,#7652,#7653,#7654));
#1615=EDGE_LOOP('',(#7655,#7656,#7657,#7658));
#1616=EDGE_LOOP('',(#7659,#7660,#7661,#7662));
#1617=EDGE_LOOP('',(#7663,#7664,#7665,#7666));
#1618=EDGE_LOOP('',(#7667,#7668,#7669,#7670));
#1619=EDGE_LOOP('',(#7671,#7672,#7673,#7674));
#1620=EDGE_LOOP('',(#7675,#7676,#7677,#7678));
#1621=EDGE_LOOP('',(#7679,#7680,#7681,#7682));
#1622=EDGE_LOOP('',(#7683,#7684,#7685,#7686));
#1623=EDGE_LOOP('',(#7687,#7688,#7689,#7690));
#1624=EDGE_LOOP('',(#7691,#7692,#7693,#7694));
#1625=EDGE_LOOP('',(#7695,#7696,#7697,#7698));
#1626=EDGE_LOOP('',(#7699,#7700,#7701,#7702));
#1627=EDGE_LOOP('',(#7703,#7704,#7705,#7706));
#1628=EDGE_LOOP('',(#7707,#7708,#7709,#7710));
#1629=EDGE_LOOP('',(#7711,#7712,#7713,#7714));
#1630=EDGE_LOOP('',(#7715,#7716,#7717,#7718));
#1631=EDGE_LOOP('',(#7719,#7720,#7721,#7722));
#1632=EDGE_LOOP('',(#7723,#7724,#7725,#7726));
#1633=EDGE_LOOP('',(#7727,#7728,#7729,#7730));
#1634=EDGE_LOOP('',(#7731,#7732,#7733,#7734));
#1635=EDGE_LOOP('',(#7735,#7736,#7737,#7738));
#1636=EDGE_LOOP('',(#7739,#7740,#7741,#7742));
#1637=EDGE_LOOP('',(#7743,#7744,#7745,#7746));
#1638=EDGE_LOOP('',(#7747,#7748,#7749,#7750));
#1639=EDGE_LOOP('',(#7751,#7752,#7753,#7754));
#1640=EDGE_LOOP('',(#7755,#7756,#7757,#7758));
#1641=EDGE_LOOP('',(#7759,#7760,#7761,#7762));
#1642=EDGE_LOOP('',(#7763,#7764,#7765,#7766));
#1643=EDGE_LOOP('',(#7767,#7768,#7769,#7770));
#1644=EDGE_LOOP('',(#7771,#7772,#7773,#7774));
#1645=EDGE_LOOP('',(#7775,#7776,#7777,#7778));
#1646=EDGE_LOOP('',(#7779,#7780,#7781,#7782));
#1647=EDGE_LOOP('',(#7783,#7784,#7785,#7786));
#1648=EDGE_LOOP('',(#7787,#7788,#7789,#7790));
#1649=EDGE_LOOP('',(#7791,#7792,#7793,#7794));
#1650=EDGE_LOOP('',(#7795,#7796,#7797,#7798));
#1651=EDGE_LOOP('',(#7799,#7800,#7801,#7802));
#1652=EDGE_LOOP('',(#7803,#7804,#7805,#7806));
#1653=EDGE_LOOP('',(#7807,#7808,#7809,#7810));
#1654=EDGE_LOOP('',(#7811,#7812,#7813,#7814));
#1655=EDGE_LOOP('',(#7815,#7816,#7817,#7818));
#1656=EDGE_LOOP('',(#7819,#7820,#7821,#7822));
#1657=EDGE_LOOP('',(#7823,#7824,#7825,#7826));
#1658=EDGE_LOOP('',(#7827,#7828,#7829,#7830));
#1659=EDGE_LOOP('',(#7831,#7832,#7833,#7834));
#1660=EDGE_LOOP('',(#7835,#7836,#7837,#7838));
#1661=EDGE_LOOP('',(#7839,#7840,#7841,#7842));
#1662=EDGE_LOOP('',(#7843,#7844,#7845,#7846));
#1663=EDGE_LOOP('',(#7847,#7848,#7849,#7850));
#1664=EDGE_LOOP('',(#7851,#7852,#7853,#7854));
#1665=EDGE_LOOP('',(#7855,#7856,#7857,#7858));
#1666=EDGE_LOOP('',(#7859,#7860,#7861,#7862));
#1667=EDGE_LOOP('',(#7863,#7864,#7865,#7866));
#1668=EDGE_LOOP('',(#7867,#7868,#7869,#7870));
#1669=EDGE_LOOP('',(#7871,#7872,#7873,#7874));
#1670=EDGE_LOOP('',(#7875,#7876,#7877,#7878));
#1671=EDGE_LOOP('',(#7879,#7880,#7881,#7882));
#1672=EDGE_LOOP('',(#7883,#7884,#7885,#7886));
#1673=EDGE_LOOP('',(#7887,#7888,#7889,#7890));
#1674=EDGE_LOOP('',(#7891,#7892,#7893,#7894));
#1675=EDGE_LOOP('',(#7895,#7896,#7897,#7898));
#1676=EDGE_LOOP('',(#7899,#7900,#7901,#7902));
#1677=EDGE_LOOP('',(#7903,#7904,#7905,#7906));
#1678=EDGE_LOOP('',(#7907,#7908,#7909,#7910));
#1679=EDGE_LOOP('',(#7911,#7912,#7913,#7914));
#1680=EDGE_LOOP('',(#7915,#7916,#7917,#7918));
#1681=EDGE_LOOP('',(#7919,#7920,#7921,#7922));
#1682=EDGE_LOOP('',(#7923,#7924,#7925,#7926));
#1683=EDGE_LOOP('',(#7927,#7928,#7929,#7930));
#1684=EDGE_LOOP('',(#7931,#7932,#7933,#7934));
#1685=EDGE_LOOP('',(#7935,#7936,#7937,#7938));
#1686=EDGE_LOOP('',(#7939,#7940,#7941,#7942));
#1687=EDGE_LOOP('',(#7943,#7944,#7945,#7946));
#1688=EDGE_LOOP('',(#7947,#7948,#7949,#7950));
#1689=EDGE_LOOP('',(#7951,#7952,#7953,#7954));
#1690=EDGE_LOOP('',(#7955,#7956,#7957,#7958));
#1691=EDGE_LOOP('',(#7959,#7960,#7961,#7962));
#1692=EDGE_LOOP('',(#7963,#7964,#7965,#7966));
#1693=EDGE_LOOP('',(#7967,#7968,#7969,#7970));
#1694=EDGE_LOOP('',(#7971,#7972,#7973,#7974));
#1695=EDGE_LOOP('',(#7975,#7976,#7977,#7978));
#1696=EDGE_LOOP('',(#7979,#7980,#7981,#7982));
#1697=EDGE_LOOP('',(#7983,#7984,#7985,#7986));
#1698=EDGE_LOOP('',(#7987,#7988,#7989,#7990));
#1699=EDGE_LOOP('',(#7991,#7992,#7993,#7994));
#1700=EDGE_LOOP('',(#7995,#7996,#7997,#7998));
#1701=EDGE_LOOP('',(#7999,#8000,#8001,#8002));
#1702=EDGE_LOOP('',(#8003,#8004,#8005,#8006));
#1703=EDGE_LOOP('',(#8007,#8008,#8009,#8010));
#1704=EDGE_LOOP('',(#8011,#8012,#8013,#8014));
#1705=EDGE_LOOP('',(#8015,#8016,#8017,#8018));
#1706=EDGE_LOOP('',(#8019,#8020,#8021,#8022));
#1707=EDGE_LOOP('',(#8023,#8024,#8025,#8026));
#1708=EDGE_LOOP('',(#8027,#8028,#8029,#8030));
#1709=EDGE_LOOP('',(#8031,#8032,#8033,#8034));
#1710=EDGE_LOOP('',(#8035,#8036,#8037,#8038));
#1711=EDGE_LOOP('',(#8039,#8040,#8041,#8042));
#1712=EDGE_LOOP('',(#8043,#8044,#8045,#8046));
#1713=EDGE_LOOP('',(#8047,#8048,#8049,#8050));
#1714=EDGE_LOOP('',(#8051,#8052,#8053,#8054));
#1715=EDGE_LOOP('',(#8055,#8056,#8057,#8058));
#1716=EDGE_LOOP('',(#8059,#8060,#8061,#8062));
#1717=EDGE_LOOP('',(#8063,#8064,#8065,#8066));
#1718=EDGE_LOOP('',(#8067,#8068,#8069,#8070));
#1719=EDGE_LOOP('',(#8071,#8072,#8073,#8074));
#1720=EDGE_LOOP('',(#8075,#8076,#8077,#8078));
#1721=EDGE_LOOP('',(#8079,#8080,#8081,#8082));
#1722=EDGE_LOOP('',(#8083,#8084,#8085,#8086));
#1723=EDGE_LOOP('',(#8087,#8088,#8089,#8090));
#1724=EDGE_LOOP('',(#8091,#8092,#8093,#8094));
#1725=EDGE_LOOP('',(#8095,#8096,#8097,#8098));
#1726=EDGE_LOOP('',(#8099,#8100,#8101,#8102));
#1727=EDGE_LOOP('',(#8103,#8104,#8105,#8106));
#1728=EDGE_LOOP('',(#8107,#8108,#8109,#8110));
#1729=EDGE_LOOP('',(#8111,#8112,#8113,#8114));
#1730=EDGE_LOOP('',(#8115,#8116,#8117,#8118));
#1731=EDGE_LOOP('',(#8119,#8120,#8121,#8122));
#1732=EDGE_LOOP('',(#8123,#8124,#8125,#8126));
#1733=EDGE_LOOP('',(#8127,#8128,#8129,#8130));
#1734=EDGE_LOOP('',(#8131,#8132,#8133,#8134));
#1735=EDGE_LOOP('',(#8135,#8136,#8137,#8138));
#1736=EDGE_LOOP('',(#8139,#8140,#8141,#8142));
#1737=EDGE_LOOP('',(#8143,#8144,#8145,#8146));
#1738=EDGE_LOOP('',(#8147,#8148,#8149,#8150));
#1739=EDGE_LOOP('',(#8151,#8152,#8153,#8154));
#1740=EDGE_LOOP('',(#8155,#8156,#8157,#8158));
#1741=EDGE_LOOP('',(#8159,#8160,#8161,#8162));
#1742=EDGE_LOOP('',(#8163,#8164,#8165,#8166));
#1743=EDGE_LOOP('',(#8167,#8168,#8169,#8170));
#1744=EDGE_LOOP('',(#8171,#8172,#8173,#8174,#8175,#8176,#8177,#8178));
#1745=EDGE_LOOP('',(#8179,#8180,#8181,#8182,#8183,#8184,#8185,#8186));
#1746=EDGE_LOOP('',(#8187,#8188,#8189,#8190,#8191,#8192,#8193,#8194));
#1747=EDGE_LOOP('',(#8195,#8196,#8197,#8198,#8199,#8200,#8201,#8202));
#1748=EDGE_LOOP('',(#8203));
#1749=EDGE_LOOP('',(#8204,#8205,#8206,#8207));
#1750=EDGE_LOOP('',(#8208,#8209,#8210,#8211,#8212,#8213,#8214,#8215));
#1751=EDGE_LOOP('',(#8216,#8217,#8218,#8219,#8220,#8221,#8222,#8223,#8224,
#8225,#8226,#8227));
#1752=EDGE_LOOP('',(#8228,#8229,#8230,#8231,#8232,#8233,#8234,#8235,#8236));
#1753=EDGE_LOOP('',(#8237,#8238,#8239,#8240,#8241,#8242,#8243,#8244,#8245,
#8246,#8247,#8248,#8249));
#1754=EDGE_LOOP('',(#8250,#8251,#8252,#8253));
#1755=EDGE_LOOP('',(#8254,#8255,#8256,#8257,#8258,#8259,#8260));
#1756=EDGE_LOOP('',(#8261,#8262,#8263,#8264,#8265,#8266,#8267,#8268,#8269,
#8270,#8271,#8272));
#1757=EDGE_LOOP('',(#8273,#8274,#8275,#8276,#8277,#8278,#8279,#8280,#8281,
#8282,#8283,#8284,#8285,#8286,#8287,#8288,#8289,#8290,#8291,#8292,#8293,
#8294));
#1758=EDGE_LOOP('',(#8295,#8296,#8297,#8298,#8299,#8300,#8301,#8302,#8303,
#8304,#8305,#8306,#8307,#8308,#8309,#8310,#8311,#8312,#8313,#8314,#8315,
#8316,#8317,#8318,#8319,#8320,#8321,#8322,#8323,#8324,#8325,#8326));
#1759=EDGE_LOOP('',(#8327,#8328,#8329,#8330,#8331,#8332,#8333,#8334,#8335,
#8336,#8337,#8338,#8339,#8340,#8341,#8342,#8343,#8344,#8345,#8346,#8347,
#8348,#8349,#8350,#8351,#8352,#8353,#8354,#8355));
#1760=EDGE_LOOP('',(#8356,#8357,#8358,#8359,#8360,#8361,#8362,#8363));
#1761=EDGE_LOOP('',(#8364,#8365,#8366,#8367));
#1762=LINE('',#11888,#2676);
#1763=LINE('',#11890,#2677);
#1764=LINE('',#11892,#2678);
#1765=LINE('',#11894,#2679);
#1766=LINE('',#11896,#2680);
#1767=LINE('',#11897,#2681);
#1768=LINE('',#11903,#2682);
#1769=LINE('',#11905,#2683);
#1770=LINE('',#11907,#2684);
#1771=LINE('',#11908,#2685);
#1772=LINE('',#11914,#2686);
#1773=LINE('',#11917,#2687);
#1774=LINE('',#11923,#2688);
#1775=LINE('',#11926,#2689);
#1776=LINE('',#11930,#2690);
#1777=LINE('',#11932,#2691);
#1778=LINE('',#11934,#2692);
#1779=LINE('',#11935,#2693);
#1780=LINE('',#11940,#2694);
#1781=LINE('',#11944,#2695);
#1782=LINE('',#11946,#2696);
#1783=LINE('',#11947,#2697);
#1784=LINE('',#11952,#2698);
#1785=LINE('',#11957,#2699);
#1786=LINE('',#11959,#2700);
#1787=LINE('',#11961,#2701);
#1788=LINE('',#11962,#2702);
#1789=LINE('',#11967,#2703);
#1790=LINE('',#11971,#2704);
#1791=LINE('',#11973,#2705);
#1792=LINE('',#11974,#2706);
#1793=LINE('',#11979,#2707);
#1794=LINE('',#11986,#2708);
#1795=LINE('',#11989,#2709);
#1796=LINE('',#11993,#2710);
#1797=LINE('',#11995,#2711);
#1798=LINE('',#11997,#2712);
#1799=LINE('',#11998,#2713);
#1800=LINE('',#12001,#2714);
#1801=LINE('',#12003,#2715);
#1802=LINE('',#12005,#2716);
#1803=LINE('',#12006,#2717);
#1804=LINE('',#12009,#2718);
#1805=LINE('',#12011,#2719);
#1806=LINE('',#12013,#2720);
#1807=LINE('',#12015,#2721);
#1808=LINE('',#12017,#2722);
#1809=LINE('',#12018,#2723);
#1810=LINE('',#12023,#2724);
#1811=LINE('',#12027,#2725);
#1812=LINE('',#12031,#2726);
#1813=LINE('',#12034,#2727);
#1814=LINE('',#12038,#2728);
#1815=LINE('',#12040,#2729);
#1816=LINE('',#12042,#2730);
#1817=LINE('',#12043,#2731);
#1818=LINE('',#12046,#2732);
#1819=LINE('',#12048,#2733);
#1820=LINE('',#12050,#2734);
#1821=LINE('',#12051,#2735);
#1822=LINE('',#12054,#2736);
#1823=LINE('',#12055,#2737);
#1824=LINE('',#12057,#2738);
#1825=LINE('',#12059,#2739);
#1826=LINE('',#12060,#2740);
#1827=LINE('',#12065,#2741);
#1828=LINE('',#12069,#2742);
#1829=LINE('',#12073,#2743);
#1830=LINE('',#12077,#2744);
#1831=LINE('',#12080,#2745);
#1832=LINE('',#12084,#2746);
#1833=LINE('',#12088,#2747);
#1834=LINE('',#12091,#2748);
#1835=LINE('',#12096,#2749);
#1836=LINE('',#12098,#2750);
#1837=LINE('',#12100,#2751);
#1838=LINE('',#12101,#2752);
#1839=LINE('',#12104,#2753);
#1840=LINE('',#12106,#2754);
#1841=LINE('',#12108,#2755);
#1842=LINE('',#12109,#2756);
#1843=LINE('',#12112,#2757);
#1844=LINE('',#12114,#2758);
#1845=LINE('',#12116,#2759);
#1846=LINE('',#12117,#2760);
#1847=LINE('',#12118,#2761);
#1848=LINE('',#12121,#2762);
#1849=LINE('',#12125,#2763);
#1850=LINE('',#12129,#2764);
#1851=LINE('',#12133,#2765);
#1852=LINE('',#12138,#2766);
#1853=LINE('',#12140,#2767);
#1854=LINE('',#12142,#2768);
#1855=LINE('',#12144,#2769);
#1856=LINE('',#12146,#2770);
#1857=LINE('',#12147,#2771);
#1858=LINE('',#12150,#2772);
#1859=LINE('',#12152,#2773);
#1860=LINE('',#12154,#2774);
#1861=LINE('',#12155,#2775);
#1862=LINE('',#12158,#2776);
#1863=LINE('',#12159,#2777);
#1864=LINE('',#12162,#2778);
#1865=LINE('',#12163,#2779);
#1866=LINE('',#12164,#2780);
#1867=LINE('',#12166,#2781);
#1868=LINE('',#12168,#2782);
#1869=LINE('',#12170,#2783);
#1870=LINE('',#12174,#2784);
#1871=LINE('',#12178,#2785);
#1872=LINE('',#12182,#2786);
#1873=LINE('',#12186,#2787);
#1874=LINE('',#12188,#2788);
#1875=LINE('',#12190,#2789);
#1876=LINE('',#12191,#2790);
#1877=LINE('',#12194,#2791);
#1878=LINE('',#12196,#2792);
#1879=LINE('',#12197,#2793);
#1880=LINE('',#12201,#2794);
#1881=LINE('',#12205,#2795);
#1882=LINE('',#12206,#2796);
#1883=LINE('',#12210,#2797);
#1884=LINE('',#12213,#2798);
#1885=LINE('',#12216,#2799);
#1886=LINE('',#12221,#2800);
#1887=LINE('',#12225,#2801);
#1888=LINE('',#12227,#2802);
#1889=LINE('',#12228,#2803);
#1890=LINE('',#12233,#2804);
#1891=LINE('',#12237,#2805);
#1892=LINE('',#12241,#2806);
#1893=LINE('',#12252,#2807);
#1894=LINE('',#12255,#2808);
#1895=LINE('',#12257,#2809);
#1896=LINE('',#12258,#2810);
#1897=LINE('',#12261,#2811);
#1898=LINE('',#12263,#2812);
#1899=LINE('',#12264,#2813);
#1900=LINE('',#12269,#2814);
#1901=LINE('',#12274,#2815);
#1902=LINE('',#12275,#2816);
#1903=LINE('',#12276,#2817);
#1904=LINE('',#12281,#2818);
#1905=LINE('',#12286,#2819);
#1906=LINE('',#12287,#2820);
#1907=LINE('',#12288,#2821);
#1908=LINE('',#12293,#2822);
#1909=LINE('',#12298,#2823);
#1910=LINE('',#12299,#2824);
#1911=LINE('',#12300,#2825);
#1912=LINE('',#12305,#2826);
#1913=LINE('',#12310,#2827);
#1914=LINE('',#12311,#2828);
#1915=LINE('',#12312,#2829);
#1916=LINE('',#12314,#2830);
#1917=LINE('',#12315,#2831);
#1918=LINE('',#12317,#2832);
#1919=LINE('',#12319,#2833);
#1920=LINE('',#12321,#2834);
#1921=LINE('',#12323,#2835);
#1922=LINE('',#12325,#2836);
#1923=LINE('',#12327,#2837);
#1924=LINE('',#12331,#2838);
#1925=LINE('',#12332,#2839);
#1926=LINE('',#12335,#2840);
#1927=LINE('',#12337,#2841);
#1928=LINE('',#12339,#2842);
#1929=LINE('',#12341,#2843);
#1930=LINE('',#12343,#2844);
#1931=LINE('',#12344,#2845);
#1932=LINE('',#12346,#2846);
#1933=LINE('',#12348,#2847);
#1934=LINE('',#12349,#2848);
#1935=LINE('',#12351,#2849);
#1936=LINE('',#12353,#2850);
#1937=LINE('',#12355,#2851);
#1938=LINE('',#12357,#2852);
#1939=LINE('',#12361,#2853);
#1940=LINE('',#12363,#2854);
#1941=LINE('',#12364,#2855);
#1942=LINE('',#12370,#2856);
#1943=LINE('',#12373,#2857);
#1944=LINE('',#12375,#2858);
#1945=LINE('',#12376,#2859);
#1946=LINE('',#12378,#2860);
#1947=LINE('',#12379,#2861);
#1948=LINE('',#12382,#2862);
#1949=LINE('',#12383,#2863);
#1950=LINE('',#12387,#2864);
#1951=LINE('',#12390,#2865);
#1952=LINE('',#12391,#2866);
#1953=LINE('',#12394,#2867);
#1954=LINE('',#12396,#2868);
#1955=LINE('',#12398,#2869);
#1956=LINE('',#12402,#2870);
#1957=LINE('',#12404,#2871);
#1958=LINE('',#12405,#2872);
#1959=LINE('',#12411,#2873);
#1960=LINE('',#12414,#2874);
#1961=LINE('',#12416,#2875);
#1962=LINE('',#12417,#2876);
#1963=LINE('',#12419,#2877);
#1964=LINE('',#12420,#2878);
#1965=LINE('',#12423,#2879);
#1966=LINE('',#12424,#2880);
#1967=LINE('',#12428,#2881);
#1968=LINE('',#12431,#2882);
#1969=LINE('',#12432,#2883);
#1970=LINE('',#12435,#2884);
#1971=LINE('',#12437,#2885);
#1972=LINE('',#12439,#2886);
#1973=LINE('',#12444,#2887);
#1974=LINE('',#12447,#2888);
#1975=LINE('',#12449,#2889);
#1976=LINE('',#12450,#2890);
#1977=LINE('',#12456,#2891);
#1978=LINE('',#12459,#2892);
#1979=LINE('',#12461,#2893);
#1980=LINE('',#12462,#2894);
#1981=LINE('',#12464,#2895);
#1982=LINE('',#12465,#2896);
#1983=LINE('',#12468,#2897);
#1984=LINE('',#12469,#2898);
#1985=LINE('',#12473,#2899);
#1986=LINE('',#12476,#2900);
#1987=LINE('',#12477,#2901);
#1988=LINE('',#12480,#2902);
#1989=LINE('',#12482,#2903);
#1990=LINE('',#12484,#2904);
#1991=LINE('',#12490,#2905);
#1992=LINE('',#12496,#2906);
#1993=LINE('',#12502,#2907);
#1994=LINE('',#12508,#2908);
#1995=LINE('',#12513,#2909);
#1996=LINE('',#12515,#2910);
#1997=LINE('',#12517,#2911);
#1998=LINE('',#12519,#2912);
#1999=LINE('',#12522,#2913);
#2000=LINE('',#12523,#2914);
#2001=LINE('',#12526,#2915);
#2002=LINE('',#12527,#2916);
#2003=LINE('',#12530,#2917);
#2004=LINE('',#12531,#2918);
#2005=LINE('',#12536,#2919);
#2006=LINE('',#12537,#2920);
#2007=LINE('',#12543,#2921);
#2008=LINE('',#12547,#2922);
#2009=LINE('',#12549,#2923);
#2010=LINE('',#12553,#2924);
#2011=LINE('',#12558,#2925);
#2012=LINE('',#12565,#2926);
#2013=LINE('',#12571,#2927);
#2014=LINE('',#12574,#2928);
#2015=LINE('',#12581,#2929);
#2016=LINE('',#12585,#2930);
#2017=LINE('',#12589,#2931);
#2018=LINE('',#12592,#2932);
#2019=LINE('',#12596,#2933);
#2020=LINE('',#12599,#2934);
#2021=LINE('',#12600,#2935);
#2022=LINE('',#12604,#2936);
#2023=LINE('',#12606,#2937);
#2024=LINE('',#12610,#2938);
#2025=LINE('',#12613,#2939);
#2026=LINE('',#12614,#2940);
#2027=LINE('',#12618,#2941);
#2028=LINE('',#12620,#2942);
#2029=LINE('',#12624,#2943);
#2030=LINE('',#12627,#2944);
#2031=LINE('',#12628,#2945);
#2032=LINE('',#12632,#2946);
#2033=LINE('',#12634,#2947);
#2034=LINE('',#12638,#2948);
#2035=LINE('',#12641,#2949);
#2036=LINE('',#12642,#2950);
#2037=LINE('',#12646,#2951);
#2038=LINE('',#12648,#2952);
#2039=LINE('',#12652,#2953);
#2040=LINE('',#12655,#2954);
#2041=LINE('',#12656,#2955);
#2042=LINE('',#12660,#2956);
#2043=LINE('',#12662,#2957);
#2044=LINE('',#12666,#2958);
#2045=LINE('',#12669,#2959);
#2046=LINE('',#12670,#2960);
#2047=LINE('',#12674,#2961);
#2048=LINE('',#12676,#2962);
#2049=LINE('',#12678,#2963);
#2050=LINE('',#12679,#2964);
#2051=LINE('',#12681,#2965);
#2052=LINE('',#12683,#2966);
#2053=LINE('',#12685,#2967);
#2054=LINE('',#12687,#2968);
#2055=LINE('',#12689,#2969);
#2056=LINE('',#12690,#2970);
#2057=LINE('',#12696,#2971);
#2058=LINE('',#12698,#2972);
#2059=LINE('',#12700,#2973);
#2060=LINE('',#12701,#2974);
#2061=LINE('',#12713,#2975);
#2062=LINE('',#12717,#2976);
#2063=LINE('',#12721,#2977);
#2064=LINE('',#12726,#2978);
#2065=LINE('',#12728,#2979);
#2066=LINE('',#12730,#2980);
#2067=LINE('',#12731,#2981);
#2068=LINE('',#12734,#2982);
#2069=LINE('',#12736,#2983);
#2070=LINE('',#12737,#2984);
#2071=LINE('',#12740,#2985);
#2072=LINE('',#12743,#2986);
#2073=LINE('',#12747,#2987);
#2074=LINE('',#12749,#2988);
#2075=LINE('',#12751,#2989);
#2076=LINE('',#12752,#2990);
#2077=LINE('',#12755,#2991);
#2078=LINE('',#12757,#2992);
#2079=LINE('',#12758,#2993);
#2080=LINE('',#12761,#2994);
#2081=LINE('',#12764,#2995);
#2082=LINE('',#12768,#2996);
#2083=LINE('',#12770,#2997);
#2084=LINE('',#12772,#2998);
#2085=LINE('',#12773,#2999);
#2086=LINE('',#12776,#3000);
#2087=LINE('',#12778,#3001);
#2088=LINE('',#12779,#3002);
#2089=LINE('',#12782,#3003);
#2090=LINE('',#12785,#3004);
#2091=LINE('',#12789,#3005);
#2092=LINE('',#12791,#3006);
#2093=LINE('',#12793,#3007);
#2094=LINE('',#12794,#3008);
#2095=LINE('',#12797,#3009);
#2096=LINE('',#12799,#3010);
#2097=LINE('',#12800,#3011);
#2098=LINE('',#12803,#3012);
#2099=LINE('',#12806,#3013);
#2100=LINE('',#12810,#3014);
#2101=LINE('',#12812,#3015);
#2102=LINE('',#12814,#3016);
#2103=LINE('',#12841,#3017);
#2104=LINE('',#12843,#3018);
#2105=LINE('',#12845,#3019);
#2106=LINE('',#12872,#3020);
#2107=LINE('',#12874,#3021);
#2108=LINE('',#12876,#3022);
#2109=LINE('',#12902,#3023);
#2110=LINE('',#12904,#3024);
#2111=LINE('',#12905,#3025);
#2112=LINE('',#12908,#3026);
#2113=LINE('',#12909,#3027);
#2114=LINE('',#12912,#3028);
#2115=LINE('',#12916,#3029);
#2116=LINE('',#12917,#3030);
#2117=LINE('',#12919,#3031);
#2118=LINE('',#12923,#3032);
#2119=LINE('',#12925,#3033);
#2120=LINE('',#12927,#3034);
#2121=LINE('',#12928,#3035);
#2122=LINE('',#12931,#3036);
#2123=LINE('',#12933,#3037);
#2124=LINE('',#12934,#3038);
#2125=LINE('',#12937,#3039);
#2126=LINE('',#12938,#3040);
#2127=LINE('',#12941,#3041);
#2128=LINE('',#12945,#3042);
#2129=LINE('',#12946,#3043);
#2130=LINE('',#12948,#3044);
#2131=LINE('',#12952,#3045);
#2132=LINE('',#12954,#3046);
#2133=LINE('',#12956,#3047);
#2134=LINE('',#12957,#3048);
#2135=LINE('',#12960,#3049);
#2136=LINE('',#12962,#3050);
#2137=LINE('',#12963,#3051);
#2138=LINE('',#12966,#3052);
#2139=LINE('',#12967,#3053);
#2140=LINE('',#12970,#3054);
#2141=LINE('',#12974,#3055);
#2142=LINE('',#12975,#3056);
#2143=LINE('',#12977,#3057);
#2144=LINE('',#12981,#3058);
#2145=LINE('',#12983,#3059);
#2146=LINE('',#12985,#3060);
#2147=LINE('',#12986,#3061);
#2148=LINE('',#12989,#3062);
#2149=LINE('',#12991,#3063);
#2150=LINE('',#12992,#3064);
#2151=LINE('',#12995,#3065);
#2152=LINE('',#12996,#3066);
#2153=LINE('',#13000,#3067);
#2154=LINE('',#13003,#3068);
#2155=LINE('',#13004,#3069);
#2156=LINE('',#13006,#3070);
#2157=LINE('',#13010,#3071);
#2158=LINE('',#13012,#3072);
#2159=LINE('',#13014,#3073);
#2160=LINE('',#13015,#3074);
#2161=LINE('',#13019,#3075);
#2162=LINE('',#13021,#3076);
#2163=LINE('',#13023,#3077);
#2164=LINE('',#13024,#3078);
#2165=LINE('',#13027,#3079);
#2166=LINE('',#13029,#3080);
#2167=LINE('',#13030,#3081);
#2168=LINE('',#13047,#3082);
#2169=LINE('',#13064,#3083);
#2170=LINE('',#13081,#3084);
#2171=LINE('',#13098,#3085);
#2172=LINE('',#13101,#3086);
#2173=LINE('',#13102,#3087);
#2174=LINE('',#13104,#3088);
#2175=LINE('',#13107,#3089);
#2176=LINE('',#13109,#3090);
#2177=LINE('',#13110,#3091);
#2178=LINE('',#13127,#3092);
#2179=LINE('',#13144,#3093);
#2180=LINE('',#13161,#3094);
#2181=LINE('',#13178,#3095);
#2182=LINE('',#13181,#3096);
#2183=LINE('',#13182,#3097);
#2184=LINE('',#13184,#3098);
#2185=LINE('',#13187,#3099);
#2186=LINE('',#13189,#3100);
#2187=LINE('',#13190,#3101);
#2188=LINE('',#13207,#3102);
#2189=LINE('',#13224,#3103);
#2190=LINE('',#13241,#3104);
#2191=LINE('',#13258,#3105);
#2192=LINE('',#13261,#3106);
#2193=LINE('',#13262,#3107);
#2194=LINE('',#13264,#3108);
#2195=LINE('',#13268,#3109);
#2196=LINE('',#13270,#3110);
#2197=LINE('',#13272,#3111);
#2198=LINE('',#13273,#3112);
#2199=LINE('',#13274,#3113);
#2200=LINE('',#13277,#3114);
#2201=LINE('',#13279,#3115);
#2202=LINE('',#13280,#3116);
#2203=LINE('',#13284,#3117);
#2204=LINE('',#13286,#3118);
#2205=LINE('',#13288,#3119);
#2206=LINE('',#13289,#3120);
#2207=LINE('',#13290,#3121);
#2208=LINE('',#13292,#3122);
#2209=LINE('',#13293,#3123);
#2210=LINE('',#13299,#3124);
#2211=LINE('',#13303,#3125);
#2212=LINE('',#13307,#3126);
#2213=LINE('',#13310,#3127);
#2214=LINE('',#13311,#3128);
#2215=LINE('',#13312,#3129);
#2216=LINE('',#13313,#3130);
#2217=LINE('',#13314,#3131);
#2218=LINE('',#13315,#3132);
#2219=LINE('',#13316,#3133);
#2220=LINE('',#13317,#3134);
#2221=LINE('',#13318,#3135);
#2222=LINE('',#13321,#3136);
#2223=LINE('',#13323,#3137);
#2224=LINE('',#13324,#3138);
#2225=LINE('',#13328,#3139);
#2226=LINE('',#13331,#3140);
#2227=LINE('',#13332,#3141);
#2228=LINE('',#13335,#3142);
#2229=LINE('',#13336,#3143);
#2230=LINE('',#13339,#3144);
#2231=LINE('',#13340,#3145);
#2232=LINE('',#13344,#3146);
#2233=LINE('',#13347,#3147);
#2234=LINE('',#13348,#3148);
#2235=LINE('',#13351,#3149);
#2236=LINE('',#13352,#3150);
#2237=LINE('',#13355,#3151);
#2238=LINE('',#13356,#3152);
#2239=LINE('',#13360,#3153);
#2240=LINE('',#13363,#3154);
#2241=LINE('',#13364,#3155);
#2242=LINE('',#13367,#3156);
#2243=LINE('',#13368,#3157);
#2244=LINE('',#13371,#3158);
#2245=LINE('',#13372,#3159);
#2246=LINE('',#13376,#3160);
#2247=LINE('',#13379,#3161);
#2248=LINE('',#13380,#3162);
#2249=LINE('',#13383,#3163);
#2250=LINE('',#13384,#3164);
#2251=LINE('',#13386,#3165);
#2252=LINE('',#13387,#3166);
#2253=LINE('',#13390,#3167);
#2254=LINE('',#13391,#3168);
#2255=LINE('',#13394,#3169);
#2256=LINE('',#13395,#3170);
#2257=LINE('',#13397,#3171);
#2258=LINE('',#13401,#3172);
#2259=LINE('',#13403,#3173);
#2260=LINE('',#13405,#3174);
#2261=LINE('',#13406,#3175);
#2262=LINE('',#13411,#3176);
#2263=LINE('',#13415,#3177);
#2264=LINE('',#13417,#3178);
#2265=LINE('',#13418,#3179);
#2266=LINE('',#13423,#3180);
#2267=LINE('',#13512,#3181);
#2268=LINE('',#13591,#3182);
#2269=LINE('',#13637,#3183);
#2270=LINE('',#13681,#3184);
#2271=LINE('',#13772,#3185);
#2272=LINE('',#13776,#3186);
#2273=LINE('',#13778,#3187);
#2274=LINE('',#13840,#3188);
#2275=LINE('',#13889,#3189);
#2276=LINE('',#13893,#3190);
#2277=LINE('',#13895,#3191);
#2278=LINE('',#13897,#3192);
#2279=LINE('',#13899,#3193);
#2280=LINE('',#13901,#3194);
#2281=LINE('',#13903,#3195);
#2282=LINE('',#13905,#3196);
#2283=LINE('',#13907,#3197);
#2284=LINE('',#13909,#3198);
#2285=LINE('',#13911,#3199);
#2286=LINE('',#13913,#3200);
#2287=LINE('',#13914,#3201);
#2288=LINE('',#13918,#3202);
#2289=LINE('',#13920,#3203);
#2290=LINE('',#13922,#3204);
#2291=LINE('',#13924,#3205);
#2292=LINE('',#13926,#3206);
#2293=LINE('',#13928,#3207);
#2294=LINE('',#13929,#3208);
#2295=LINE('',#13933,#3209);
#2296=LINE('',#13935,#3210);
#2297=LINE('',#13937,#3211);
#2298=LINE('',#13938,#3212);
#2299=LINE('',#13942,#3213);
#2300=LINE('',#13944,#3214);
#2301=LINE('',#14005,#3215);
#2302=LINE('',#14009,#3216);
#2303=LINE('',#14011,#3217);
#2304=LINE('',#14013,#3218);
#2305=LINE('',#14015,#3219);
#2306=LINE('',#14040,#3220);
#2307=LINE('',#14044,#3221);
#2308=LINE('',#14046,#3222);
#2309=LINE('',#14048,#3223);
#2310=LINE('',#14050,#3224);
#2311=LINE('',#14052,#3225);
#2312=LINE('',#14054,#3226);
#2313=LINE('',#14056,#3227);
#2314=LINE('',#14058,#3228);
#2315=LINE('',#14060,#3229);
#2316=LINE('',#14062,#3230);
#2317=LINE('',#14064,#3231);
#2318=LINE('',#14065,#3232);
#2319=LINE('',#14071,#3233);
#2320=LINE('',#14074,#3234);
#2321=LINE('',#14077,#3235);
#2322=LINE('',#14079,#3236);
#2323=LINE('',#14080,#3237);
#2324=LINE('',#14085,#3238);
#2325=LINE('',#14089,#3239);
#2326=LINE('',#14091,#3240);
#2327=LINE('',#14092,#3241);
#2328=LINE('',#14097,#3242);
#2329=LINE('',#14101,#3243);
#2330=LINE('',#14103,#3244);
#2331=LINE('',#14104,#3245);
#2332=LINE('',#14109,#3246);
#2333=LINE('',#14112,#3247);
#2334=LINE('',#14113,#3248);
#2335=LINE('',#14117,#3249);
#2336=LINE('',#14119,#3250);
#2337=LINE('',#14121,#3251);
#2338=LINE('',#14122,#3252);
#2339=LINE('',#14127,#3253);
#2340=LINE('',#14128,#3254);
#2341=LINE('',#14131,#3255);
#2342=LINE('',#14132,#3256);
#2343=LINE('',#14136,#3257);
#2344=LINE('',#14139,#3258);
#2345=LINE('',#14140,#3259);
#2346=LINE('',#14144,#3260);
#2347=LINE('',#14147,#3261);
#2348=LINE('',#14148,#3262);
#2349=LINE('',#14152,#3263);
#2350=LINE('',#14154,#3264);
#2351=LINE('',#14159,#3265);
#2352=LINE('',#14166,#3266);
#2353=LINE('',#14169,#3267);
#2354=LINE('',#14172,#3268);
#2355=LINE('',#14174,#3269);
#2356=LINE('',#14175,#3270);
#2357=LINE('',#14180,#3271);
#2358=LINE('',#14184,#3272);
#2359=LINE('',#14186,#3273);
#2360=LINE('',#14187,#3274);
#2361=LINE('',#14192,#3275);
#2362=LINE('',#14196,#3276);
#2363=LINE('',#14198,#3277);
#2364=LINE('',#14199,#3278);
#2365=LINE('',#14204,#3279);
#2366=LINE('',#14207,#3280);
#2367=LINE('',#14208,#3281);
#2368=LINE('',#14214,#3282);
#2369=LINE('',#14217,#3283);
#2370=LINE('',#14220,#3284);
#2371=LINE('',#14222,#3285);
#2372=LINE('',#14223,#3286);
#2373=LINE('',#14228,#3287);
#2374=LINE('',#14232,#3288);
#2375=LINE('',#14234,#3289);
#2376=LINE('',#14235,#3290);
#2377=LINE('',#14240,#3291);
#2378=LINE('',#14244,#3292);
#2379=LINE('',#14246,#3293);
#2380=LINE('',#14247,#3294);
#2381=LINE('',#14252,#3295);
#2382=LINE('',#14255,#3296);
#2383=LINE('',#14256,#3297);
#2384=LINE('',#14262,#3298);
#2385=LINE('',#14265,#3299);
#2386=LINE('',#14268,#3300);
#2387=LINE('',#14270,#3301);
#2388=LINE('',#14271,#3302);
#2389=LINE('',#14276,#3303);
#2390=LINE('',#14280,#3304);
#2391=LINE('',#14282,#3305);
#2392=LINE('',#14283,#3306);
#2393=LINE('',#14288,#3307);
#2394=LINE('',#14292,#3308);
#2395=LINE('',#14294,#3309);
#2396=LINE('',#14295,#3310);
#2397=LINE('',#14300,#3311);
#2398=LINE('',#14303,#3312);
#2399=LINE('',#14304,#3313);
#2400=LINE('',#14307,#3314);
#2401=LINE('',#14309,#3315);
#2402=LINE('',#14310,#3316);
#2403=LINE('',#14314,#3317);
#2404=LINE('',#14319,#3318);
#2405=LINE('',#14322,#3319);
#2406=LINE('',#14324,#3320);
#2407=LINE('',#14325,#3321);
#2408=LINE('',#14329,#3322);
#2409=LINE('',#14332,#3323);
#2410=LINE('',#14333,#3324);
#2411=LINE('',#14337,#3325);
#2412=LINE('',#14355,#3326);
#2413=LINE('',#14356,#3327);
#2414=LINE('',#14373,#3328);
#2415=LINE('',#14390,#3329);
#2416=LINE('',#14407,#3330);
#2417=LINE('',#14424,#3331);
#2418=LINE('',#14441,#3332);
#2419=LINE('',#14458,#3333);
#2420=LINE('',#14475,#3334);
#2421=LINE('',#14492,#3335);
#2422=LINE('',#14509,#3336);
#2423=LINE('',#14526,#3337);
#2424=LINE('',#14543,#3338);
#2425=LINE('',#14546,#3339);
#2426=LINE('',#14547,#3340);
#2427=LINE('',#14564,#3341);
#2428=LINE('',#14581,#3342);
#2429=LINE('',#14598,#3343);
#2430=LINE('',#14615,#3344);
#2431=LINE('',#14632,#3345);
#2432=LINE('',#14649,#3346);
#2433=LINE('',#14666,#3347);
#2434=LINE('',#14683,#3348);
#2435=LINE('',#14700,#3349);
#2436=LINE('',#14717,#3350);
#2437=LINE('',#14734,#3351);
#2438=LINE('',#14751,#3352);
#2439=LINE('',#14768,#3353);
#2440=LINE('',#14771,#3354);
#2441=LINE('',#14772,#3355);
#2442=LINE('',#14789,#3356);
#2443=LINE('',#14822,#3357);
#2444=LINE('',#14823,#3358);
#2445=LINE('',#14840,#3359);
#2446=LINE('',#14857,#3360);
#2447=LINE('',#14874,#3361);
#2448=LINE('',#14891,#3362);
#2449=LINE('',#14894,#3363);
#2450=LINE('',#14895,#3364);
#2451=LINE('',#14912,#3365);
#2452=LINE('',#14929,#3366);
#2453=LINE('',#14946,#3367);
#2454=LINE('',#14963,#3368);
#2455=LINE('',#14980,#3369);
#2456=LINE('',#14997,#3370);
#2457=LINE('',#15014,#3371);
#2458=LINE('',#15017,#3372);
#2459=LINE('',#15018,#3373);
#2460=LINE('',#15035,#3374);
#2461=LINE('',#15052,#3375);
#2462=LINE('',#15069,#3376);
#2463=LINE('',#15086,#3377);
#2464=LINE('',#15103,#3378);
#2465=LINE('',#15120,#3379);
#2466=LINE('',#15137,#3380);
#2467=LINE('',#15154,#3381);
#2468=LINE('',#15171,#3382);
#2469=LINE('',#15188,#3383);
#2470=LINE('',#15205,#3384);
#2471=LINE('',#15222,#3385);
#2472=LINE('',#15239,#3386);
#2473=LINE('',#15256,#3387);
#2474=LINE('',#15273,#3388);
#2475=LINE('',#15276,#3389);
#2476=LINE('',#15277,#3390);
#2477=LINE('',#15294,#3391);
#2478=LINE('',#15327,#3392);
#2479=LINE('',#15328,#3393);
#2480=LINE('',#15345,#3394);
#2481=LINE('',#15362,#3395);
#2482=LINE('',#15379,#3396);
#2483=LINE('',#15396,#3397);
#2484=LINE('',#15413,#3398);
#2485=LINE('',#15430,#3399);
#2486=LINE('',#15447,#3400);
#2487=LINE('',#15464,#3401);
#2488=LINE('',#15481,#3402);
#2489=LINE('',#15484,#3403);
#2490=LINE('',#15485,#3404);
#2491=LINE('',#15502,#3405);
#2492=LINE('',#15519,#3406);
#2493=LINE('',#15536,#3407);
#2494=LINE('',#15553,#3408);
#2495=LINE('',#15570,#3409);
#2496=LINE('',#15587,#3410);
#2497=LINE('',#15604,#3411);
#2498=LINE('',#15621,#3412);
#2499=LINE('',#15624,#3413);
#2500=LINE('',#15625,#3414);
#2501=LINE('',#15628,#3415);
#2502=LINE('',#15629,#3416);
#2503=LINE('',#15631,#3417);
#2504=LINE('',#15635,#3418);
#2505=LINE('',#15636,#3419);
#2506=LINE('',#15637,#3420);
#2507=LINE('',#15640,#3421);
#2508=LINE('',#15641,#3422);
#2509=LINE('',#15644,#3423);
#2510=LINE('',#15645,#3424);
#2511=LINE('',#15648,#3425);
#2512=LINE('',#15649,#3426);
#2513=LINE('',#15652,#3427);
#2514=LINE('',#15653,#3428);
#2515=LINE('',#15656,#3429);
#2516=LINE('',#15657,#3430);
#2517=LINE('',#15660,#3431);
#2518=LINE('',#15661,#3432);
#2519=LINE('',#15664,#3433);
#2520=LINE('',#15665,#3434);
#2521=LINE('',#15668,#3435);
#2522=LINE('',#15669,#3436);
#2523=LINE('',#15672,#3437);
#2524=LINE('',#15673,#3438);
#2525=LINE('',#15676,#3439);
#2526=LINE('',#15677,#3440);
#2527=LINE('',#15679,#3441);
#2528=LINE('',#15683,#3442);
#2529=LINE('',#15684,#3443);
#2530=LINE('',#15685,#3444);
#2531=LINE('',#15688,#3445);
#2532=LINE('',#15689,#3446);
#2533=LINE('',#15692,#3447);
#2534=LINE('',#15693,#3448);
#2535=LINE('',#15696,#3449);
#2536=LINE('',#15697,#3450);
#2537=LINE('',#15700,#3451);
#2538=LINE('',#15701,#3452);
#2539=LINE('',#15704,#3453);
#2540=LINE('',#15705,#3454);
#2541=LINE('',#15707,#3455);
#2542=LINE('',#15711,#3456);
#2543=LINE('',#15712,#3457);
#2544=LINE('',#15713,#3458);
#2545=LINE('',#15716,#3459);
#2546=LINE('',#15717,#3460);
#2547=LINE('',#15720,#3461);
#2548=LINE('',#15721,#3462);
#2549=LINE('',#15723,#3463);
#2550=LINE('',#15741,#3464);
#2551=LINE('',#15742,#3465);
#2552=LINE('',#15759,#3466);
#2553=LINE('',#15776,#3467);
#2554=LINE('',#15793,#3468);
#2555=LINE('',#15810,#3469);
#2556=LINE('',#15827,#3470);
#2557=LINE('',#15844,#3471);
#2558=LINE('',#15861,#3472);
#2559=LINE('',#15878,#3473);
#2560=LINE('',#15895,#3474);
#2561=LINE('',#15898,#3475);
#2562=LINE('',#15899,#3476);
#2563=LINE('',#15902,#3477);
#2564=LINE('',#15903,#3478);
#2565=LINE('',#15905,#3479);
#2566=LINE('',#15909,#3480);
#2567=LINE('',#15910,#3481);
#2568=LINE('',#15911,#3482);
#2569=LINE('',#15914,#3483);
#2570=LINE('',#15915,#3484);
#2571=LINE('',#15932,#3485);
#2572=LINE('',#15949,#3486);
#2573=LINE('',#15966,#3487);
#2574=LINE('',#15983,#3488);
#2575=LINE('',#15986,#3489);
#2576=LINE('',#15987,#3490);
#2577=LINE('',#15990,#3491);
#2578=LINE('',#15991,#3492);
#2579=LINE('',#15993,#3493);
#2580=LINE('',#15997,#3494);
#2581=LINE('',#15998,#3495);
#2582=LINE('',#15999,#3496);
#2583=LINE('',#16002,#3497);
#2584=LINE('',#16003,#3498);
#2585=LINE('',#16006,#3499);
#2586=LINE('',#16007,#3500);
#2587=LINE('',#16010,#3501);
#2588=LINE('',#16011,#3502);
#2589=LINE('',#16014,#3503);
#2590=LINE('',#16015,#3504);
#2591=LINE('',#16018,#3505);
#2592=LINE('',#16019,#3506);
#2593=LINE('',#16022,#3507);
#2594=LINE('',#16023,#3508);
#2595=LINE('',#16026,#3509);
#2596=LINE('',#16027,#3510);
#2597=LINE('',#16030,#3511);
#2598=LINE('',#16031,#3512);
#2599=LINE('',#16034,#3513);
#2600=LINE('',#16035,#3514);
#2601=LINE('',#16038,#3515);
#2602=LINE('',#16039,#3516);
#2603=LINE('',#16041,#3517);
#2604=LINE('',#16044,#3518);
#2605=LINE('',#16047,#3519);
#2606=LINE('',#16050,#3520);
#2607=LINE('',#16051,#3521);
#2608=LINE('',#16055,#3522);
#2609=LINE('',#16058,#3523);
#2610=LINE('',#16059,#3524);
#2611=LINE('',#16063,#3525);
#2612=LINE('',#16066,#3526);
#2613=LINE('',#16067,#3527);
#2614=LINE('',#16071,#3528);
#2615=LINE('',#16073,#3529);
#2616=LINE('',#16076,#3530);
#2617=LINE('',#16078,#3531);
#2618=LINE('',#16079,#3532);
#2619=LINE('',#16082,#3533);
#2620=LINE('',#16083,#3534);
#2621=LINE('',#16086,#3535);
#2622=LINE('',#16087,#3536);
#2623=LINE('',#16089,#3537);
#2624=LINE('',#16092,#3538);
#2625=LINE('',#16095,#3539);
#2626=LINE('',#16098,#3540);
#2627=LINE('',#16099,#3541);
#2628=LINE('',#16103,#3542);
#2629=LINE('',#16106,#3543);
#2630=LINE('',#16107,#3544);
#2631=LINE('',#16111,#3545);
#2632=LINE('',#16114,#3546);
#2633=LINE('',#16115,#3547);
#2634=LINE('',#16119,#3548);
#2635=LINE('',#16121,#3549);
#2636=LINE('',#16125,#3550);
#2637=LINE('',#16128,#3551);
#2638=LINE('',#16131,#3552);
#2639=LINE('',#16134,#3553);
#2640=LINE('',#16135,#3554);
#2641=LINE('',#16139,#3555);
#2642=LINE('',#16142,#3556);
#2643=LINE('',#16143,#3557);
#2644=LINE('',#16147,#3558);
#2645=LINE('',#16150,#3559);
#2646=LINE('',#16151,#3560);
#2647=LINE('',#16155,#3561);
#2648=LINE('',#16157,#3562);
#2649=LINE('',#16160,#3563);
#2650=LINE('',#16162,#3564);
#2651=LINE('',#16166,#3565);
#2652=LINE('',#16167,#3566);
#2653=LINE('',#16170,#3567);
#2654=LINE('',#16174,#3568);
#2655=LINE('',#16175,#3569);
#2656=LINE('',#16178,#3570);
#2657=LINE('',#16182,#3571);
#2658=LINE('',#16183,#3572);
#2659=LINE('',#16186,#3573);
#2660=LINE('',#16189,#3574);
#2661=LINE('',#16192,#3575);
#2662=LINE('',#16195,#3576);
#2663=LINE('',#16198,#3577);
#2664=LINE('',#16199,#3578);
#2665=LINE('',#16203,#3579);
#2666=LINE('',#16206,#3580);
#2667=LINE('',#16207,#3581);
#2668=LINE('',#16211,#3582);
#2669=LINE('',#16214,#3583);
#2670=LINE('',#16215,#3584);
#2671=LINE('',#16219,#3585);
#2672=LINE('',#16221,#3586);
#2673=LINE('',#16224,#3587);
#2674=LINE('',#16227,#3588);
#2675=LINE('',#16228,#3589);
#2676=VECTOR('',#9766,10.);
#2677=VECTOR('',#9767,10.);
#2678=VECTOR('',#9768,10.);
#2679=VECTOR('',#9769,10.);
#2680=VECTOR('',#9770,10.);
#2681=VECTOR('',#9771,10.);
#2682=VECTOR('',#9776,10.);
#2683=VECTOR('',#9777,10.);
#2684=VECTOR('',#9778,10.);
#2685=VECTOR('',#9779,10.);
#2686=VECTOR('',#9784,10.);
#2687=VECTOR('',#9787,10.);
#2688=VECTOR('',#9792,10.);
#2689=VECTOR('',#9795,10.);
#2690=VECTOR('',#9798,10.);
#2691=VECTOR('',#9799,10.);
#2692=VECTOR('',#9800,10.);
#2693=VECTOR('',#9801,10.);
#2694=VECTOR('',#9806,10.);
#2695=VECTOR('',#9811,10.);
#2696=VECTOR('',#9812,10.);
#2697=VECTOR('',#9813,10.);
#2698=VECTOR('',#9818,10.);
#2699=VECTOR('',#9823,10.);
#2700=VECTOR('',#9824,10.);
#2701=VECTOR('',#9825,10.);
#2702=VECTOR('',#9826,10.);
#2703=VECTOR('',#9831,10.);
#2704=VECTOR('',#9836,10.);
#2705=VECTOR('',#9837,10.);
#2706=VECTOR('',#9838,10.);
#2707=VECTOR('',#9843,10.);
#2708=VECTOR('',#9850,10.);
#2709=VECTOR('',#9853,10.);
#2710=VECTOR('',#9856,10.);
#2711=VECTOR('',#9857,10.);
#2712=VECTOR('',#9858,10.);
#2713=VECTOR('',#9859,10.);
#2714=VECTOR('',#9862,10.);
#2715=VECTOR('',#9863,10.);
#2716=VECTOR('',#9864,10.);
#2717=VECTOR('',#9865,10.);
#2718=VECTOR('',#9868,10.);
#2719=VECTOR('',#9869,10.);
#2720=VECTOR('',#9870,10.);
#2721=VECTOR('',#9871,10.);
#2722=VECTOR('',#9872,10.);
#2723=VECTOR('',#9873,10.);
#2724=VECTOR('',#9876,10.);
#2725=VECTOR('',#9879,10.);
#2726=VECTOR('',#9882,10.);
#2727=VECTOR('',#9885,10.);
#2728=VECTOR('',#9888,10.);
#2729=VECTOR('',#9889,10.);
#2730=VECTOR('',#9890,10.);
#2731=VECTOR('',#9891,10.);
#2732=VECTOR('',#9894,10.);
#2733=VECTOR('',#9895,10.);
#2734=VECTOR('',#9896,10.);
#2735=VECTOR('',#9897,10.);
#2736=VECTOR('',#9900,10.);
#2737=VECTOR('',#9901,10.);
#2738=VECTOR('',#9902,10.);
#2739=VECTOR('',#9903,10.);
#2740=VECTOR('',#9904,10.);
#2741=VECTOR('',#9907,10.);
#2742=VECTOR('',#9910,10.);
#2743=VECTOR('',#9913,10.);
#2744=VECTOR('',#9916,10.);
#2745=VECTOR('',#9919,10.);
#2746=VECTOR('',#9922,10.);
#2747=VECTOR('',#9925,10.);
#2748=VECTOR('',#9928,10.);
#2749=VECTOR('',#9933,10.);
#2750=VECTOR('',#9934,10.);
#2751=VECTOR('',#9935,10.);
#2752=VECTOR('',#9936,10.);
#2753=VECTOR('',#9939,10.);
#2754=VECTOR('',#9940,10.);
#2755=VECTOR('',#9941,10.);
#2756=VECTOR('',#9942,10.);
#2757=VECTOR('',#9945,10.);
#2758=VECTOR('',#9946,10.);
#2759=VECTOR('',#9947,10.);
#2760=VECTOR('',#9948,10.);
#2761=VECTOR('',#9949,10.);
#2762=VECTOR('',#9950,10.);
#2763=VECTOR('',#9953,10.);
#2764=VECTOR('',#9956,10.);
#2765=VECTOR('',#9959,10.);
#2766=VECTOR('',#9964,10.);
#2767=VECTOR('',#9965,10.);
#2768=VECTOR('',#9966,10.);
#2769=VECTOR('',#9967,10.);
#2770=VECTOR('',#9968,10.);
#2771=VECTOR('',#9969,10.);
#2772=VECTOR('',#9972,10.);
#2773=VECTOR('',#9973,10.);
#2774=VECTOR('',#9974,10.);
#2775=VECTOR('',#9975,10.);
#2776=VECTOR('',#9978,10.);
#2777=VECTOR('',#9979,10.);
#2778=VECTOR('',#9982,10.);
#2779=VECTOR('',#9983,10.);
#2780=VECTOR('',#9984,10.);
#2781=VECTOR('',#9985,10.);
#2782=VECTOR('',#9986,10.);
#2783=VECTOR('',#9987,10.);
#2784=VECTOR('',#9990,10.);
#2785=VECTOR('',#9993,10.);
#2786=VECTOR('',#9996,10.);
#2787=VECTOR('',#9999,10.);
#2788=VECTOR('',#10000,10.);
#2789=VECTOR('',#10001,10.);
#2790=VECTOR('',#10002,10.);
#2791=VECTOR('',#10005,10.);
#2792=VECTOR('',#10006,10.);
#2793=VECTOR('',#10007,10.);
#2794=VECTOR('',#10010,10.);
#2795=VECTOR('',#10017,10.);
#2796=VECTOR('',#10018,10.);
#2797=VECTOR('',#10023,10.);
#2798=VECTOR('',#10026,10.);
#2799=VECTOR('',#10029,10.);
#2800=VECTOR('',#10034,10.);
#2801=VECTOR('',#10039,10.);
#2802=VECTOR('',#10040,10.);
#2803=VECTOR('',#10041,10.);
#2804=VECTOR('',#10046,10.);
#2805=VECTOR('',#10051,10.);
#2806=VECTOR('',#10054,10.);
#2807=VECTOR('',#10067,10.);
#2808=VECTOR('',#10070,10.);
#2809=VECTOR('',#10071,10.);
#2810=VECTOR('',#10072,10.);
#2811=VECTOR('',#10075,10.);
#2812=VECTOR('',#10076,10.);
#2813=VECTOR('',#10077,10.);
#2814=VECTOR('',#10082,10.);
#2815=VECTOR('',#10087,10.);
#2816=VECTOR('',#10088,10.);
#2817=VECTOR('',#10089,10.);
#2818=VECTOR('',#10094,10.);
#2819=VECTOR('',#10099,10.);
#2820=VECTOR('',#10100,10.);
#2821=VECTOR('',#10101,10.);
#2822=VECTOR('',#10106,10.);
#2823=VECTOR('',#10111,10.);
#2824=VECTOR('',#10112,10.);
#2825=VECTOR('',#10113,10.);
#2826=VECTOR('',#10118,10.);
#2827=VECTOR('',#10123,10.);
#2828=VECTOR('',#10124,10.);
#2829=VECTOR('',#10125,10.);
#2830=VECTOR('',#10128,10.);
#2831=VECTOR('',#10129,10.);
#2832=VECTOR('',#10132,10.);
#2833=VECTOR('',#10135,10.);
#2834=VECTOR('',#10138,10.);
#2835=VECTOR('',#10141,10.);
#2836=VECTOR('',#10144,10.);
#2837=VECTOR('',#10147,10.);
#2838=VECTOR('',#10152,10.);
#2839=VECTOR('',#10153,10.);
#2840=VECTOR('',#10154,10.);
#2841=VECTOR('',#10155,10.);
#2842=VECTOR('',#10156,10.);
#2843=VECTOR('',#10157,10.);
#2844=VECTOR('',#10158,10.);
#2845=VECTOR('',#10159,10.);
#2846=VECTOR('',#10162,10.);
#2847=VECTOR('',#10165,10.);
#2848=VECTOR('',#10166,10.);
#2849=VECTOR('',#10169,10.);
#2850=VECTOR('',#10172,10.);
#2851=VECTOR('',#10175,10.);
#2852=VECTOR('',#10178,10.);
#2853=VECTOR('',#10183,10.);
#2854=VECTOR('',#10184,10.);
#2855=VECTOR('',#10185,10.);
#2856=VECTOR('',#10192,10.);
#2857=VECTOR('',#10195,10.);
#2858=VECTOR('',#10196,10.);
#2859=VECTOR('',#10197,10.);
#2860=VECTOR('',#10200,10.);
#2861=VECTOR('',#10201,10.);
#2862=VECTOR('',#10204,10.);
#2863=VECTOR('',#10205,10.);
#2864=VECTOR('',#10210,10.);
#2865=VECTOR('',#10213,10.);
#2866=VECTOR('',#10214,10.);
#2867=VECTOR('',#10219,10.);
#2868=VECTOR('',#10222,10.);
#2869=VECTOR('',#10225,10.);
#2870=VECTOR('',#10230,10.);
#2871=VECTOR('',#10231,10.);
#2872=VECTOR('',#10232,10.);
#2873=VECTOR('',#10239,10.);
#2874=VECTOR('',#10242,10.);
#2875=VECTOR('',#10243,10.);
#2876=VECTOR('',#10244,10.);
#2877=VECTOR('',#10247,10.);
#2878=VECTOR('',#10248,10.);
#2879=VECTOR('',#10251,10.);
#2880=VECTOR('',#10252,10.);
#2881=VECTOR('',#10257,10.);
#2882=VECTOR('',#10260,10.);
#2883=VECTOR('',#10261,10.);
#2884=VECTOR('',#10266,10.);
#2885=VECTOR('',#10269,10.);
#2886=VECTOR('',#10272,10.);
#2887=VECTOR('',#10279,3.8764055574942);
#2888=VECTOR('',#10282,10.);
#2889=VECTOR('',#10283,10.);
#2890=VECTOR('',#10284,10.);
#2891=VECTOR('',#10291,10.);
#2892=VECTOR('',#10294,10.);
#2893=VECTOR('',#10295,10.);
#2894=VECTOR('',#10296,10.);
#2895=VECTOR('',#10299,10.);
#2896=VECTOR('',#10300,10.);
#2897=VECTOR('',#10303,10.);
#2898=VECTOR('',#10304,10.);
#2899=VECTOR('',#10309,10.);
#2900=VECTOR('',#10312,10.);
#2901=VECTOR('',#10313,10.);
#2902=VECTOR('',#10318,10.);
#2903=VECTOR('',#10321,10.);
#2904=VECTOR('',#10324,10.);
#2905=VECTOR('',#10331,2.9);
#2906=VECTOR('',#10338,2.9);
#2907=VECTOR('',#10345,2.9);
#2908=VECTOR('',#10352,2.9);
#2909=VECTOR('',#10359,2.9);
#2910=VECTOR('',#10362,2.9);
#2911=VECTOR('',#10365,2.9);
#2912=VECTOR('',#10368,2.9);
#2913=VECTOR('',#10371,10.);
#2914=VECTOR('',#10372,10.);
#2915=VECTOR('',#10375,10.);
#2916=VECTOR('',#10376,10.);
#2917=VECTOR('',#10379,10.);
#2918=VECTOR('',#10380,10.);
#2919=VECTOR('',#10387,10.);
#2920=VECTOR('',#10388,10.);
#2921=VECTOR('',#10397,1.625);
#2922=VECTOR('',#10402,10.);
#2923=VECTOR('',#10405,10.);
#2924=VECTOR('',#10410,1.625);
#2925=VECTOR('',#10417,1.625);
#2926=VECTOR('',#10428,1.625);
#2927=VECTOR('',#10437,4.2764055574942);
#2928=VECTOR('',#10440,3.1);
#2929=VECTOR('',#10447,10.);
#2930=VECTOR('',#10450,10.);
#2931=VECTOR('',#10453,10.);
#2932=VECTOR('',#10456,10.);
#2933=VECTOR('',#10461,10.);
#2934=VECTOR('',#10464,10.);
#2935=VECTOR('',#10465,10.);
#2936=VECTOR('',#10470,10.);
#2937=VECTOR('',#10473,10.);
#2938=VECTOR('',#10478,10.);
#2939=VECTOR('',#10481,10.);
#2940=VECTOR('',#10482,10.);
#2941=VECTOR('',#10487,10.);
#2942=VECTOR('',#10490,10.);
#2943=VECTOR('',#10495,10.);
#2944=VECTOR('',#10498,10.);
#2945=VECTOR('',#10499,10.);
#2946=VECTOR('',#10504,10.);
#2947=VECTOR('',#10507,10.);
#2948=VECTOR('',#10512,10.);
#2949=VECTOR('',#10515,10.);
#2950=VECTOR('',#10516,10.);
#2951=VECTOR('',#10521,10.);
#2952=VECTOR('',#10524,10.);
#2953=VECTOR('',#10529,10.);
#2954=VECTOR('',#10532,10.);
#2955=VECTOR('',#10533,10.);
#2956=VECTOR('',#10538,10.);
#2957=VECTOR('',#10541,10.);
#2958=VECTOR('',#10546,10.);
#2959=VECTOR('',#10549,10.);
#2960=VECTOR('',#10550,10.);
#2961=VECTOR('',#10555,10.);
#2962=VECTOR('',#10558,10.);
#2963=VECTOR('',#10561,10.);
#2964=VECTOR('',#10562,10.);
#2965=VECTOR('',#10565,10.);
#2966=VECTOR('',#10568,10.);
#2967=VECTOR('',#10571,10.);
#2968=VECTOR('',#10574,10.);
#2969=VECTOR('',#10577,10.);
#2970=VECTOR('',#10578,10.);
#2971=VECTOR('',#10585,10.);
#2972=VECTOR('',#10586,10.);
#2973=VECTOR('',#10587,10.);
#2974=VECTOR('',#10588,10.);
#2975=VECTOR('',#10603,1.625);
#2976=VECTOR('',#10608,1.625);
#2977=VECTOR('',#10613,1.625);
#2978=VECTOR('',#10618,10.);
#2979=VECTOR('',#10619,10.);
#2980=VECTOR('',#10620,10.);
#2981=VECTOR('',#10621,10.);
#2982=VECTOR('',#10624,10.);
#2983=VECTOR('',#10625,10.);
#2984=VECTOR('',#10626,10.);
#2985=VECTOR('',#10629,10.);
#2986=VECTOR('',#10632,10.);
#2987=VECTOR('',#10635,10.);
#2988=VECTOR('',#10636,10.);
#2989=VECTOR('',#10637,10.);
#2990=VECTOR('',#10638,10.);
#2991=VECTOR('',#10641,10.);
#2992=VECTOR('',#10642,10.);
#2993=VECTOR('',#10643,10.);
#2994=VECTOR('',#10646,10.);
#2995=VECTOR('',#10649,10.);
#2996=VECTOR('',#10652,10.);
#2997=VECTOR('',#10653,10.);
#2998=VECTOR('',#10654,10.);
#2999=VECTOR('',#10655,10.);
#3000=VECTOR('',#10658,10.);
#3001=VECTOR('',#10659,10.);
#3002=VECTOR('',#10660,10.);
#3003=VECTOR('',#10663,10.);
#3004=VECTOR('',#10666,10.);
#3005=VECTOR('',#10669,10.);
#3006=VECTOR('',#10670,10.);
#3007=VECTOR('',#10671,10.);
#3008=VECTOR('',#10672,10.);
#3009=VECTOR('',#10675,10.);
#3010=VECTOR('',#10676,10.);
#3011=VECTOR('',#10677,10.);
#3012=VECTOR('',#10680,10.);
#3013=VECTOR('',#10683,10.);
#3014=VECTOR('',#10686,10.);
#3015=VECTOR('',#10687,10.);
#3016=VECTOR('',#10688,10.);
#3017=VECTOR('',#10691,10.);
#3018=VECTOR('',#10692,10.);
#3019=VECTOR('',#10693,10.);
#3020=VECTOR('',#10696,10.);
#3021=VECTOR('',#10697,10.);
#3022=VECTOR('',#10698,10.);
#3023=VECTOR('',#10701,10.);
#3024=VECTOR('',#10702,10.);
#3025=VECTOR('',#10703,10.);
#3026=VECTOR('',#10706,10.);
#3027=VECTOR('',#10707,10.);
#3028=VECTOR('',#10710,10.);
#3029=VECTOR('',#10715,10.);
#3030=VECTOR('',#10716,10.);
#3031=VECTOR('',#10719,10.);
#3032=VECTOR('',#10722,10.);
#3033=VECTOR('',#10723,10.);
#3034=VECTOR('',#10724,10.);
#3035=VECTOR('',#10725,10.);
#3036=VECTOR('',#10728,10.);
#3037=VECTOR('',#10729,10.);
#3038=VECTOR('',#10730,10.);
#3039=VECTOR('',#10733,10.);
#3040=VECTOR('',#10734,10.);
#3041=VECTOR('',#10737,10.);
#3042=VECTOR('',#10742,10.);
#3043=VECTOR('',#10743,10.);
#3044=VECTOR('',#10746,10.);
#3045=VECTOR('',#10749,10.);
#3046=VECTOR('',#10750,10.);
#3047=VECTOR('',#10751,10.);
#3048=VECTOR('',#10752,10.);
#3049=VECTOR('',#10755,10.);
#3050=VECTOR('',#10756,10.);
#3051=VECTOR('',#10757,10.);
#3052=VECTOR('',#10760,10.);
#3053=VECTOR('',#10761,10.);
#3054=VECTOR('',#10764,10.);
#3055=VECTOR('',#10769,10.);
#3056=VECTOR('',#10770,10.);
#3057=VECTOR('',#10773,10.);
#3058=VECTOR('',#10776,10.);
#3059=VECTOR('',#10777,10.);
#3060=VECTOR('',#10778,10.);
#3061=VECTOR('',#10779,10.);
#3062=VECTOR('',#10782,10.);
#3063=VECTOR('',#10783,10.);
#3064=VECTOR('',#10784,10.);
#3065=VECTOR('',#10787,10.);
#3066=VECTOR('',#10788,10.);
#3067=VECTOR('',#10793,10.);
#3068=VECTOR('',#10796,10.);
#3069=VECTOR('',#10797,10.);
#3070=VECTOR('',#10800,10.);
#3071=VECTOR('',#10803,10.);
#3072=VECTOR('',#10804,10.);
#3073=VECTOR('',#10805,10.);
#3074=VECTOR('',#10806,10.);
#3075=VECTOR('',#10809,10.);
#3076=VECTOR('',#10810,10.);
#3077=VECTOR('',#10811,10.);
#3078=VECTOR('',#10812,10.);
#3079=VECTOR('',#10815,10.);
#3080=VECTOR('',#10816,10.);
#3081=VECTOR('',#10817,10.);
#3082=VECTOR('',#10818,10.);
#3083=VECTOR('',#10819,10.);
#3084=VECTOR('',#10820,10.);
#3085=VECTOR('',#10821,10.);
#3086=VECTOR('',#10824,10.);
#3087=VECTOR('',#10825,10.);
#3088=VECTOR('',#10828,10.);
#3089=VECTOR('',#10831,10.);
#3090=VECTOR('',#10832,10.);
#3091=VECTOR('',#10833,10.);
#3092=VECTOR('',#10834,10.);
#3093=VECTOR('',#10835,10.);
#3094=VECTOR('',#10836,10.);
#3095=VECTOR('',#10837,10.);
#3096=VECTOR('',#10840,10.);
#3097=VECTOR('',#10841,10.);
#3098=VECTOR('',#10844,10.);
#3099=VECTOR('',#10847,10.);
#3100=VECTOR('',#10848,10.);
#3101=VECTOR('',#10849,10.);
#3102=VECTOR('',#10850,10.);
#3103=VECTOR('',#10851,10.);
#3104=VECTOR('',#10852,10.);
#3105=VECTOR('',#10853,10.);
#3106=VECTOR('',#10856,10.);
#3107=VECTOR('',#10857,10.);
#3108=VECTOR('',#10860,10.);
#3109=VECTOR('',#10863,10.);
#3110=VECTOR('',#10864,10.);
#3111=VECTOR('',#10865,10.);
#3112=VECTOR('',#10866,10.);
#3113=VECTOR('',#10867,10.);
#3114=VECTOR('',#10870,10.);
#3115=VECTOR('',#10871,10.);
#3116=VECTOR('',#10872,10.);
#3117=VECTOR('',#10875,10.);
#3118=VECTOR('',#10876,10.);
#3119=VECTOR('',#10877,10.);
#3120=VECTOR('',#10878,10.);
#3121=VECTOR('',#10879,10.);
#3122=VECTOR('',#10882,10.);
#3123=VECTOR('',#10883,10.);
#3124=VECTOR('',#10888,10.);
#3125=VECTOR('',#10891,10.);
#3126=VECTOR('',#10894,10.);
#3127=VECTOR('',#10897,10.);
#3128=VECTOR('',#10898,10.);
#3129=VECTOR('',#10899,10.);
#3130=VECTOR('',#10900,10.);
#3131=VECTOR('',#10901,10.);
#3132=VECTOR('',#10902,10.);
#3133=VECTOR('',#10903,10.);
#3134=VECTOR('',#10904,10.);
#3135=VECTOR('',#10905,10.);
#3136=VECTOR('',#10908,10.);
#3137=VECTOR('',#10909,10.);
#3138=VECTOR('',#10910,10.);
#3139=VECTOR('',#10915,10.);
#3140=VECTOR('',#10918,10.);
#3141=VECTOR('',#10919,10.);
#3142=VECTOR('',#10922,10.);
#3143=VECTOR('',#10923,10.);
#3144=VECTOR('',#10926,10.);
#3145=VECTOR('',#10927,10.);
#3146=VECTOR('',#10932,10.);
#3147=VECTOR('',#10935,10.);
#3148=VECTOR('',#10936,10.);
#3149=VECTOR('',#10939,10.);
#3150=VECTOR('',#10940,10.);
#3151=VECTOR('',#10943,10.);
#3152=VECTOR('',#10944,10.);
#3153=VECTOR('',#10949,10.);
#3154=VECTOR('',#10952,10.);
#3155=VECTOR('',#10953,10.);
#3156=VECTOR('',#10956,10.);
#3157=VECTOR('',#10957,10.);
#3158=VECTOR('',#10960,10.);
#3159=VECTOR('',#10961,10.);
#3160=VECTOR('',#10966,10.);
#3161=VECTOR('',#10969,10.);
#3162=VECTOR('',#10970,10.);
#3163=VECTOR('',#10973,10.);
#3164=VECTOR('',#10974,10.);
#3165=VECTOR('',#10975,10.);
#3166=VECTOR('',#10976,10.);
#3167=VECTOR('',#10979,10.);
#3168=VECTOR('',#10980,10.);
#3169=VECTOR('',#10983,10.);
#3170=VECTOR('',#10984,10.);
#3171=VECTOR('',#10987,10.);
#3172=VECTOR('',#10990,10.);
#3173=VECTOR('',#10991,10.);
#3174=VECTOR('',#10992,10.);
#3175=VECTOR('',#10993,10.);
#3176=VECTOR('',#10998,10.);
#3177=VECTOR('',#11003,10.);
#3178=VECTOR('',#11004,10.);
#3179=VECTOR('',#11005,10.);
#3180=VECTOR('',#11010,10.);
#3181=VECTOR('',#11015,10.);
#3182=VECTOR('',#11016,10.);
#3183=VECTOR('',#11019,10.);
#3184=VECTOR('',#11020,10.);
#3185=VECTOR('',#11021,10.);
#3186=VECTOR('',#11024,10.);
#3187=VECTOR('',#11025,10.);
#3188=VECTOR('',#11026,10.);
#3189=VECTOR('',#11027,10.);
#3190=VECTOR('',#11030,10.);
#3191=VECTOR('',#11031,10.);
#3192=VECTOR('',#11032,10.);
#3193=VECTOR('',#11033,10.);
#3194=VECTOR('',#11034,10.);
#3195=VECTOR('',#11035,10.);
#3196=VECTOR('',#11036,10.);
#3197=VECTOR('',#11037,10.);
#3198=VECTOR('',#11038,10.);
#3199=VECTOR('',#11039,10.);
#3200=VECTOR('',#11040,10.);
#3201=VECTOR('',#11041,10.);
#3202=VECTOR('',#11044,10.);
#3203=VECTOR('',#11045,10.);
#3204=VECTOR('',#11046,10.);
#3205=VECTOR('',#11047,10.);
#3206=VECTOR('',#11048,10.);
#3207=VECTOR('',#11049,10.);
#3208=VECTOR('',#11050,10.);
#3209=VECTOR('',#11053,10.);
#3210=VECTOR('',#11054,10.);
#3211=VECTOR('',#11055,10.);
#3212=VECTOR('',#11056,10.);
#3213=VECTOR('',#11059,10.);
#3214=VECTOR('',#11060,10.);
#3215=VECTOR('',#11061,10.);
#3216=VECTOR('',#11064,10.);
#3217=VECTOR('',#11065,10.);
#3218=VECTOR('',#11066,10.);
#3219=VECTOR('',#11067,10.);
#3220=VECTOR('',#11068,10.);
#3221=VECTOR('',#11071,10.);
#3222=VECTOR('',#11072,10.);
#3223=VECTOR('',#11073,10.);
#3224=VECTOR('',#11074,10.);
#3225=VECTOR('',#11075,10.);
#3226=VECTOR('',#11076,10.);
#3227=VECTOR('',#11077,10.);
#3228=VECTOR('',#11078,10.);
#3229=VECTOR('',#11079,10.);
#3230=VECTOR('',#11080,10.);
#3231=VECTOR('',#11081,10.);
#3232=VECTOR('',#11082,10.);
#3233=VECTOR('',#11087,10.);
#3234=VECTOR('',#11090,10.);
#3235=VECTOR('',#11093,10.);
#3236=VECTOR('',#11094,10.);
#3237=VECTOR('',#11095,10.);
#3238=VECTOR('',#11100,10.);
#3239=VECTOR('',#11105,10.);
#3240=VECTOR('',#11106,10.);
#3241=VECTOR('',#11107,10.);
#3242=VECTOR('',#11112,10.);
#3243=VECTOR('',#11117,10.);
#3244=VECTOR('',#11118,10.);
#3245=VECTOR('',#11119,10.);
#3246=VECTOR('',#11124,10.);
#3247=VECTOR('',#11129,10.);
#3248=VECTOR('',#11130,10.);
#3249=VECTOR('',#11133,10.);
#3250=VECTOR('',#11134,10.);
#3251=VECTOR('',#11135,10.);
#3252=VECTOR('',#11136,10.);
#3253=VECTOR('',#11141,10.);
#3254=VECTOR('',#11142,10.);
#3255=VECTOR('',#11145,10.);
#3256=VECTOR('',#11146,10.);
#3257=VECTOR('',#11151,10.);
#3258=VECTOR('',#11154,10.);
#3259=VECTOR('',#11155,10.);
#3260=VECTOR('',#11160,10.);
#3261=VECTOR('',#11163,10.);
#3262=VECTOR('',#11164,10.);
#3263=VECTOR('',#11169,10.);
#3264=VECTOR('',#11172,10.);
#3265=VECTOR('',#11177,1.96173654010747);
#3266=VECTOR('',#11184,10.);
#3267=VECTOR('',#11187,10.);
#3268=VECTOR('',#11190,10.);
#3269=VECTOR('',#11191,10.);
#3270=VECTOR('',#11192,10.);
#3271=VECTOR('',#11197,10.);
#3272=VECTOR('',#11202,10.);
#3273=VECTOR('',#11203,10.);
#3274=VECTOR('',#11204,10.);
#3275=VECTOR('',#11209,10.);
#3276=VECTOR('',#11214,10.);
#3277=VECTOR('',#11215,10.);
#3278=VECTOR('',#11216,10.);
#3279=VECTOR('',#11221,10.);
#3280=VECTOR('',#11226,10.);
#3281=VECTOR('',#11227,10.);
#3282=VECTOR('',#11232,10.);
#3283=VECTOR('',#11235,10.);
#3284=VECTOR('',#11238,10.);
#3285=VECTOR('',#11239,10.);
#3286=VECTOR('',#11240,10.);
#3287=VECTOR('',#11245,10.);
#3288=VECTOR('',#11250,10.);
#3289=VECTOR('',#11251,10.);
#3290=VECTOR('',#11252,10.);
#3291=VECTOR('',#11257,10.);
#3292=VECTOR('',#11262,10.);
#3293=VECTOR('',#11263,10.);
#3294=VECTOR('',#11264,10.);
#3295=VECTOR('',#11269,10.);
#3296=VECTOR('',#11274,10.);
#3297=VECTOR('',#11275,10.);
#3298=VECTOR('',#11280,10.);
#3299=VECTOR('',#11283,10.);
#3300=VECTOR('',#11286,10.);
#3301=VECTOR('',#11287,10.);
#3302=VECTOR('',#11288,10.);
#3303=VECTOR('',#11293,10.);
#3304=VECTOR('',#11298,10.);
#3305=VECTOR('',#11299,10.);
#3306=VECTOR('',#11300,10.);
#3307=VECTOR('',#11305,10.);
#3308=VECTOR('',#11310,10.);
#3309=VECTOR('',#11311,10.);
#3310=VECTOR('',#11312,10.);
#3311=VECTOR('',#11317,10.);
#3312=VECTOR('',#11322,10.);
#3313=VECTOR('',#11323,10.);
#3314=VECTOR('',#11326,10.);
#3315=VECTOR('',#11327,10.);
#3316=VECTOR('',#11328,10.);
#3317=VECTOR('',#11331,10.);
#3318=VECTOR('',#11340,10.);
#3319=VECTOR('',#11343,10.);
#3320=VECTOR('',#11344,10.);
#3321=VECTOR('',#11345,10.);
#3322=VECTOR('',#11350,10.);
#3323=VECTOR('',#11353,10.);
#3324=VECTOR('',#11354,10.);
#3325=VECTOR('',#11359,10.);
#3326=VECTOR('',#11360,10.);
#3327=VECTOR('',#11361,10.);
#3328=VECTOR('',#11362,10.);
#3329=VECTOR('',#11363,10.);
#3330=VECTOR('',#11364,10.);
#3331=VECTOR('',#11365,10.);
#3332=VECTOR('',#11366,10.);
#3333=VECTOR('',#11367,10.);
#3334=VECTOR('',#11368,10.);
#3335=VECTOR('',#11369,10.);
#3336=VECTOR('',#11370,10.);
#3337=VECTOR('',#11371,10.);
#3338=VECTOR('',#11372,10.);
#3339=VECTOR('',#11375,10.);
#3340=VECTOR('',#11376,10.);
#3341=VECTOR('',#11377,10.);
#3342=VECTOR('',#11378,10.);
#3343=VECTOR('',#11379,10.);
#3344=VECTOR('',#11380,10.);
#3345=VECTOR('',#11381,10.);
#3346=VECTOR('',#11382,10.);
#3347=VECTOR('',#11383,10.);
#3348=VECTOR('',#11384,10.);
#3349=VECTOR('',#11385,10.);
#3350=VECTOR('',#11386,10.);
#3351=VECTOR('',#11387,10.);
#3352=VECTOR('',#11388,10.);
#3353=VECTOR('',#11389,10.);
#3354=VECTOR('',#11392,10.);
#3355=VECTOR('',#11393,10.);
#3356=VECTOR('',#11394,10.);
#3357=VECTOR('',#11395,10.);
#3358=VECTOR('',#11396,10.);
#3359=VECTOR('',#11397,10.);
#3360=VECTOR('',#11398,10.);
#3361=VECTOR('',#11399,10.);
#3362=VECTOR('',#11400,10.);
#3363=VECTOR('',#11403,10.);
#3364=VECTOR('',#11404,10.);
#3365=VECTOR('',#11405,10.);
#3366=VECTOR('',#11406,10.);
#3367=VECTOR('',#11407,10.);
#3368=VECTOR('',#11408,10.);
#3369=VECTOR('',#11409,10.);
#3370=VECTOR('',#11410,10.);
#3371=VECTOR('',#11411,10.);
#3372=VECTOR('',#11414,10.);
#3373=VECTOR('',#11415,10.);
#3374=VECTOR('',#11416,10.);
#3375=VECTOR('',#11417,10.);
#3376=VECTOR('',#11418,10.);
#3377=VECTOR('',#11419,10.);
#3378=VECTOR('',#11420,10.);
#3379=VECTOR('',#11421,10.);
#3380=VECTOR('',#11422,10.);
#3381=VECTOR('',#11423,10.);
#3382=VECTOR('',#11424,10.);
#3383=VECTOR('',#11425,10.);
#3384=VECTOR('',#11426,10.);
#3385=VECTOR('',#11427,10.);
#3386=VECTOR('',#11428,10.);
#3387=VECTOR('',#11429,10.);
#3388=VECTOR('',#11430,10.);
#3389=VECTOR('',#11433,10.);
#3390=VECTOR('',#11434,10.);
#3391=VECTOR('',#11435,10.);
#3392=VECTOR('',#11436,10.);
#3393=VECTOR('',#11437,10.);
#3394=VECTOR('',#11438,10.);
#3395=VECTOR('',#11439,10.);
#3396=VECTOR('',#11440,10.);
#3397=VECTOR('',#11441,10.);
#3398=VECTOR('',#11442,10.);
#3399=VECTOR('',#11443,10.);
#3400=VECTOR('',#11444,10.);
#3401=VECTOR('',#11445,10.);
#3402=VECTOR('',#11446,10.);
#3403=VECTOR('',#11449,10.);
#3404=VECTOR('',#11450,10.);
#3405=VECTOR('',#11451,10.);
#3406=VECTOR('',#11452,10.);
#3407=VECTOR('',#11453,10.);
#3408=VECTOR('',#11454,10.);
#3409=VECTOR('',#11455,10.);
#3410=VECTOR('',#11456,10.);
#3411=VECTOR('',#11457,10.);
#3412=VECTOR('',#11458,10.);
#3413=VECTOR('',#11461,10.);
#3414=VECTOR('',#11462,10.);
#3415=VECTOR('',#11465,10.);
#3416=VECTOR('',#11466,10.);
#3417=VECTOR('',#11469,10.);
#3418=VECTOR('',#11472,10.);
#3419=VECTOR('',#11473,10.);
#3420=VECTOR('',#11474,10.);
#3421=VECTOR('',#11477,10.);
#3422=VECTOR('',#11478,10.);
#3423=VECTOR('',#11481,10.);
#3424=VECTOR('',#11482,10.);
#3425=VECTOR('',#11485,10.);
#3426=VECTOR('',#11486,10.);
#3427=VECTOR('',#11489,10.);
#3428=VECTOR('',#11490,10.);
#3429=VECTOR('',#11493,10.);
#3430=VECTOR('',#11494,10.);
#3431=VECTOR('',#11497,10.);
#3432=VECTOR('',#11498,10.);
#3433=VECTOR('',#11501,10.);
#3434=VECTOR('',#11502,10.);
#3435=VECTOR('',#11505,10.);
#3436=VECTOR('',#11506,10.);
#3437=VECTOR('',#11509,10.);
#3438=VECTOR('',#11510,10.);
#3439=VECTOR('',#11513,10.);
#3440=VECTOR('',#11514,10.);
#3441=VECTOR('',#11517,10.);
#3442=VECTOR('',#11520,10.);
#3443=VECTOR('',#11521,10.);
#3444=VECTOR('',#11522,10.);
#3445=VECTOR('',#11525,10.);
#3446=VECTOR('',#11526,10.);
#3447=VECTOR('',#11529,10.);
#3448=VECTOR('',#11530,10.);
#3449=VECTOR('',#11533,10.);
#3450=VECTOR('',#11534,10.);
#3451=VECTOR('',#11537,10.);
#3452=VECTOR('',#11538,10.);
#3453=VECTOR('',#11541,10.);
#3454=VECTOR('',#11542,10.);
#3455=VECTOR('',#11545,10.);
#3456=VECTOR('',#11548,10.);
#3457=VECTOR('',#11549,10.);
#3458=VECTOR('',#11550,10.);
#3459=VECTOR('',#11553,10.);
#3460=VECTOR('',#11554,10.);
#3461=VECTOR('',#11557,10.);
#3462=VECTOR('',#11558,10.);
#3463=VECTOR('',#11561,10.);
#3464=VECTOR('',#11562,10.);
#3465=VECTOR('',#11563,10.);
#3466=VECTOR('',#11564,10.);
#3467=VECTOR('',#11565,10.);
#3468=VECTOR('',#11566,10.);
#3469=VECTOR('',#11567,10.);
#3470=VECTOR('',#11568,10.);
#3471=VECTOR('',#11569,10.);
#3472=VECTOR('',#11570,10.);
#3473=VECTOR('',#11571,10.);
#3474=VECTOR('',#11572,10.);
#3475=VECTOR('',#11575,10.);
#3476=VECTOR('',#11576,10.);
#3477=VECTOR('',#11579,10.);
#3478=VECTOR('',#11580,10.);
#3479=VECTOR('',#11583,10.);
#3480=VECTOR('',#11586,10.);
#3481=VECTOR('',#11587,10.);
#3482=VECTOR('',#11588,10.);
#3483=VECTOR('',#11591,10.);
#3484=VECTOR('',#11592,10.);
#3485=VECTOR('',#11593,10.);
#3486=VECTOR('',#11594,10.);
#3487=VECTOR('',#11595,10.);
#3488=VECTOR('',#11596,10.);
#3489=VECTOR('',#11599,10.);
#3490=VECTOR('',#11600,10.);
#3491=VECTOR('',#11603,10.);
#3492=VECTOR('',#11604,10.);
#3493=VECTOR('',#11607,10.);
#3494=VECTOR('',#11610,10.);
#3495=VECTOR('',#11611,10.);
#3496=VECTOR('',#11612,10.);
#3497=VECTOR('',#11615,10.);
#3498=VECTOR('',#11616,10.);
#3499=VECTOR('',#11619,10.);
#3500=VECTOR('',#11620,10.);
#3501=VECTOR('',#11623,10.);
#3502=VECTOR('',#11624,10.);
#3503=VECTOR('',#11627,10.);
#3504=VECTOR('',#11628,10.);
#3505=VECTOR('',#11631,10.);
#3506=VECTOR('',#11632,10.);
#3507=VECTOR('',#11635,10.);
#3508=VECTOR('',#11636,10.);
#3509=VECTOR('',#11639,10.);
#3510=VECTOR('',#11640,10.);
#3511=VECTOR('',#11643,10.);
#3512=VECTOR('',#11644,10.);
#3513=VECTOR('',#11647,10.);
#3514=VECTOR('',#11648,10.);
#3515=VECTOR('',#11651,10.);
#3516=VECTOR('',#11652,10.);
#3517=VECTOR('',#11655,10.);
#3518=VECTOR('',#11658,10.);
#3519=VECTOR('',#11661,10.);
#3520=VECTOR('',#11664,10.);
#3521=VECTOR('',#11665,10.);
#3522=VECTOR('',#11670,10.);
#3523=VECTOR('',#11673,10.);
#3524=VECTOR('',#11674,10.);
#3525=VECTOR('',#11679,10.);
#3526=VECTOR('',#11682,10.);
#3527=VECTOR('',#11683,10.);
#3528=VECTOR('',#11688,10.);
#3529=VECTOR('',#11691,10.);
#3530=VECTOR('',#11694,10.);
#3531=VECTOR('',#11695,10.);
#3532=VECTOR('',#11696,10.);
#3533=VECTOR('',#11699,10.);
#3534=VECTOR('',#11700,10.);
#3535=VECTOR('',#11703,10.);
#3536=VECTOR('',#11704,10.);
#3537=VECTOR('',#11707,10.);
#3538=VECTOR('',#11710,10.);
#3539=VECTOR('',#11713,10.);
#3540=VECTOR('',#11716,10.);
#3541=VECTOR('',#11717,10.);
#3542=VECTOR('',#11722,10.);
#3543=VECTOR('',#11725,10.);
#3544=VECTOR('',#11726,10.);
#3545=VECTOR('',#11731,10.);
#3546=VECTOR('',#11734,10.);
#3547=VECTOR('',#11735,10.);
#3548=VECTOR('',#11740,10.);
#3549=VECTOR('',#11743,10.);
#3550=VECTOR('',#11748,2.46173654010747);
#3551=VECTOR('',#11751,10.);
#3552=VECTOR('',#11754,10.);
#3553=VECTOR('',#11757,10.);
#3554=VECTOR('',#11758,10.);
#3555=VECTOR('',#11763,10.);
#3556=VECTOR('',#11766,10.);
#3557=VECTOR('',#11767,10.);
#3558=VECTOR('',#11772,10.);
#3559=VECTOR('',#11775,10.);
#3560=VECTOR('',#11776,10.);
#3561=VECTOR('',#11781,10.);
#3562=VECTOR('',#11784,10.);
#3563=VECTOR('',#11787,10.);
#3564=VECTOR('',#11788,10.);
#3565=VECTOR('',#11793,10.);
#3566=VECTOR('',#11794,10.);
#3567=VECTOR('',#11797,10.);
#3568=VECTOR('',#11802,10.);
#3569=VECTOR('',#11803,10.);
#3570=VECTOR('',#11806,10.);
#3571=VECTOR('',#11811,10.);
#3572=VECTOR('',#11812,10.);
#3573=VECTOR('',#11815,10.);
#3574=VECTOR('',#11820,10.);
#3575=VECTOR('',#11823,10.);
#3576=VECTOR('',#11826,10.);
#3577=VECTOR('',#11829,10.);
#3578=VECTOR('',#11830,10.);
#3579=VECTOR('',#11835,10.);
#3580=VECTOR('',#11838,10.);
#3581=VECTOR('',#11839,10.);
#3582=VECTOR('',#11844,10.);
#3583=VECTOR('',#11847,10.);
#3584=VECTOR('',#11848,10.);
#3585=VECTOR('',#11853,10.);
#3586=VECTOR('',#11856,10.);
#3587=VECTOR('',#11861,10.);
#3588=VECTOR('',#11864,10.);
#3589=VECTOR('',#11865,10.);
#3590=VERTEX_POINT('',#11886);
#3591=VERTEX_POINT('',#11887);
#3592=VERTEX_POINT('',#11889);
#3593=VERTEX_POINT('',#11891);
#3594=VERTEX_POINT('',#11893);
#3595=VERTEX_POINT('',#11895);
#3596=VERTEX_POINT('',#11898);
#3597=VERTEX_POINT('',#11901);
#3598=VERTEX_POINT('',#11902);
#3599=VERTEX_POINT('',#11904);
#3600=VERTEX_POINT('',#11906);
#3601=VERTEX_POINT('',#11910);
#3602=VERTEX_POINT('',#11911);
#3603=VERTEX_POINT('',#11913);
#3604=VERTEX_POINT('',#11915);
#3605=VERTEX_POINT('',#11919);
#3606=VERTEX_POINT('',#11920);
#3607=VERTEX_POINT('',#11922);
#3608=VERTEX_POINT('',#11924);
#3609=VERTEX_POINT('',#11928);
#3610=VERTEX_POINT('',#11929);
#3611=VERTEX_POINT('',#11931);
#3612=VERTEX_POINT('',#11933);
#3613=VERTEX_POINT('',#11937);
#3614=VERTEX_POINT('',#11939);
#3615=VERTEX_POINT('',#11943);
#3616=VERTEX_POINT('',#11945);
#3617=VERTEX_POINT('',#11949);
#3618=VERTEX_POINT('',#11951);
#3619=VERTEX_POINT('',#11955);
#3620=VERTEX_POINT('',#11956);
#3621=VERTEX_POINT('',#11958);
#3622=VERTEX_POINT('',#11960);
#3623=VERTEX_POINT('',#11964);
#3624=VERTEX_POINT('',#11966);
#3625=VERTEX_POINT('',#11970);
#3626=VERTEX_POINT('',#11972);
#3627=VERTEX_POINT('',#11976);
#3628=VERTEX_POINT('',#11978);
#3629=VERTEX_POINT('',#11982);
#3630=VERTEX_POINT('',#11983);
#3631=VERTEX_POINT('',#11985);
#3632=VERTEX_POINT('',#11987);
#3633=VERTEX_POINT('',#11991);
#3634=VERTEX_POINT('',#11992);
#3635=VERTEX_POINT('',#11994);
#3636=VERTEX_POINT('',#11996);
#3637=VERTEX_POINT('',#12000);
#3638=VERTEX_POINT('',#12002);
#3639=VERTEX_POINT('',#12004);
#3640=VERTEX_POINT('',#12008);
#3641=VERTEX_POINT('',#12010);
#3642=VERTEX_POINT('',#12012);
#3643=VERTEX_POINT('',#12014);
#3644=VERTEX_POINT('',#12016);
#3645=VERTEX_POINT('',#12019);
#3646=VERTEX_POINT('',#12020);
#3647=VERTEX_POINT('',#12022);
#3648=VERTEX_POINT('',#12024);
#3649=VERTEX_POINT('',#12026);
#3650=VERTEX_POINT('',#12028);
#3651=VERTEX_POINT('',#12030);
#3652=VERTEX_POINT('',#12032);
#3653=VERTEX_POINT('',#12036);
#3654=VERTEX_POINT('',#12037);
#3655=VERTEX_POINT('',#12039);
#3656=VERTEX_POINT('',#12041);
#3657=VERTEX_POINT('',#12045);
#3658=VERTEX_POINT('',#12047);
#3659=VERTEX_POINT('',#12049);
#3660=VERTEX_POINT('',#12053);
#3661=VERTEX_POINT('',#12056);
#3662=VERTEX_POINT('',#12058);
#3663=VERTEX_POINT('',#12061);
#3664=VERTEX_POINT('',#12063);
#3665=VERTEX_POINT('',#12064);
#3666=VERTEX_POINT('',#12066);
#3667=VERTEX_POINT('',#12068);
#3668=VERTEX_POINT('',#12070);
#3669=VERTEX_POINT('',#12072);
#3670=VERTEX_POINT('',#12074);
#3671=VERTEX_POINT('',#12076);
#3672=VERTEX_POINT('',#12079);
#3673=VERTEX_POINT('',#12081);
#3674=VERTEX_POINT('',#12083);
#3675=VERTEX_POINT('',#12086);
#3676=VERTEX_POINT('',#12087);
#3677=VERTEX_POINT('',#12090);
#3678=VERTEX_POINT('',#12094);
#3679=VERTEX_POINT('',#12095);
#3680=VERTEX_POINT('',#12097);
#3681=VERTEX_POINT('',#12099);
#3682=VERTEX_POINT('',#12103);
#3683=VERTEX_POINT('',#12105);
#3684=VERTEX_POINT('',#12107);
#3685=VERTEX_POINT('',#12111);
#3686=VERTEX_POINT('',#12113);
#3687=VERTEX_POINT('',#12115);
#3688=VERTEX_POINT('',#12119);
#3689=VERTEX_POINT('',#12120);
#3690=VERTEX_POINT('',#12122);
#3691=VERTEX_POINT('',#12124);
#3692=VERTEX_POINT('',#12126);
#3693=VERTEX_POINT('',#12128);
#3694=VERTEX_POINT('',#12130);
#3695=VERTEX_POINT('',#12132);
#3696=VERTEX_POINT('',#12136);
#3697=VERTEX_POINT('',#12137);
#3698=VERTEX_POINT('',#12139);
#3699=VERTEX_POINT('',#12141);
#3700=VERTEX_POINT('',#12143);
#3701=VERTEX_POINT('',#12145);
#3702=VERTEX_POINT('',#12149);
#3703=VERTEX_POINT('',#12151);
#3704=VERTEX_POINT('',#12153);
#3705=VERTEX_POINT('',#12157);
#3706=VERTEX_POINT('',#12161);
#3707=VERTEX_POINT('',#12165);
#3708=VERTEX_POINT('',#12167);
#3709=VERTEX_POINT('',#12169);
#3710=VERTEX_POINT('',#12171);
#3711=VERTEX_POINT('',#12173);
#3712=VERTEX_POINT('',#12175);
#3713=VERTEX_POINT('',#12177);
#3714=VERTEX_POINT('',#12179);
#3715=VERTEX_POINT('',#12181);
#3716=VERTEX_POINT('',#12183);
#3717=VERTEX_POINT('',#12185);
#3718=VERTEX_POINT('',#12187);
#3719=VERTEX_POINT('',#12189);
#3720=VERTEX_POINT('',#12193);
#3721=VERTEX_POINT('',#12195);
#3722=VERTEX_POINT('',#12199);
#3723=VERTEX_POINT('',#12200);
#3724=VERTEX_POINT('',#12208);
#3725=VERTEX_POINT('',#12211);
#3726=VERTEX_POINT('',#12214);
#3727=VERTEX_POINT('',#12218);
#3728=VERTEX_POINT('',#12220);
#3729=VERTEX_POINT('',#12224);
#3730=VERTEX_POINT('',#12226);
#3731=VERTEX_POINT('',#12230);
#3732=VERTEX_POINT('',#12232);
#3733=VERTEX_POINT('',#12236);
#3734=VERTEX_POINT('',#12238);
#3735=VERTEX_POINT('',#12240);
#3736=VERTEX_POINT('',#12243);
#3737=VERTEX_POINT('',#12245);
#3738=VERTEX_POINT('',#12247);
#3739=VERTEX_POINT('',#12249);
#3740=VERTEX_POINT('',#12254);
#3741=VERTEX_POINT('',#12256);
#3742=VERTEX_POINT('',#12260);
#3743=VERTEX_POINT('',#12262);
#3744=VERTEX_POINT('',#12266);
#3745=VERTEX_POINT('',#12268);
#3746=VERTEX_POINT('',#12272);
#3747=VERTEX_POINT('',#12273);
#3748=VERTEX_POINT('',#12278);
#3749=VERTEX_POINT('',#12280);
#3750=VERTEX_POINT('',#12284);
#3751=VERTEX_POINT('',#12285);
#3752=VERTEX_POINT('',#12290);
#3753=VERTEX_POINT('',#12292);
#3754=VERTEX_POINT('',#12296);
#3755=VERTEX_POINT('',#12297);
#3756=VERTEX_POINT('',#12302);
#3757=VERTEX_POINT('',#12304);
#3758=VERTEX_POINT('',#12308);
#3759=VERTEX_POINT('',#12309);
#3760=VERTEX_POINT('',#12330);
#3761=VERTEX_POINT('',#12333);
#3762=VERTEX_POINT('',#12334);
#3763=VERTEX_POINT('',#12336);
#3764=VERTEX_POINT('',#12338);
#3765=VERTEX_POINT('',#12340);
#3766=VERTEX_POINT('',#12342);
#3767=VERTEX_POINT('',#12360);
#3768=VERTEX_POINT('',#12362);
#3769=VERTEX_POINT('',#12366);
#3770=VERTEX_POINT('',#12368);
#3771=VERTEX_POINT('',#12372);
#3772=VERTEX_POINT('',#12374);
#3773=VERTEX_POINT('',#12381);
#3774=VERTEX_POINT('',#12385);
#3775=VERTEX_POINT('',#12389);
#3776=VERTEX_POINT('',#12401);
#3777=VERTEX_POINT('',#12403);
#3778=VERTEX_POINT('',#12407);
#3779=VERTEX_POINT('',#12409);
#3780=VERTEX_POINT('',#12413);
#3781=VERTEX_POINT('',#12415);
#3782=VERTEX_POINT('',#12422);
#3783=VERTEX_POINT('',#12426);
#3784=VERTEX_POINT('',#12430);
#3785=VERTEX_POINT('',#12442);
#3786=VERTEX_POINT('',#12446);
#3787=VERTEX_POINT('',#12448);
#3788=VERTEX_POINT('',#12452);
#3789=VERTEX_POINT('',#12454);
#3790=VERTEX_POINT('',#12458);
#3791=VERTEX_POINT('',#12460);
#3792=VERTEX_POINT('',#12467);
#3793=VERTEX_POINT('',#12471);
#3794=VERTEX_POINT('',#12475);
#3795=VERTEX_POINT('',#12487);
#3796=VERTEX_POINT('',#12489);
#3797=VERTEX_POINT('',#12493);
#3798=VERTEX_POINT('',#12495);
#3799=VERTEX_POINT('',#12499);
#3800=VERTEX_POINT('',#12501);
#3801=VERTEX_POINT('',#12505);
#3802=VERTEX_POINT('',#12507);
#3803=VERTEX_POINT('',#12509);
#3804=VERTEX_POINT('',#12521);
#3805=VERTEX_POINT('',#12525);
#3806=VERTEX_POINT('',#12529);
#3807=VERTEX_POINT('',#12535);
#3808=VERTEX_POINT('',#12541);
#3809=VERTEX_POINT('',#12545);
#3810=VERTEX_POINT('',#12552);
#3811=VERTEX_POINT('',#12557);
#3812=VERTEX_POINT('',#12564);
#3813=VERTEX_POINT('',#12569);
#3814=VERTEX_POINT('',#12573);
#3815=VERTEX_POINT('',#12577);
#3816=VERTEX_POINT('',#12578);
#3817=VERTEX_POINT('',#12580);
#3818=VERTEX_POINT('',#12582);
#3819=VERTEX_POINT('',#12584);
#3820=VERTEX_POINT('',#12586);
#3821=VERTEX_POINT('',#12588);
#3822=VERTEX_POINT('',#12590);
#3823=VERTEX_POINT('',#12594);
#3824=VERTEX_POINT('',#12598);
#3825=VERTEX_POINT('',#12602);
#3826=VERTEX_POINT('',#12608);
#3827=VERTEX_POINT('',#12612);
#3828=VERTEX_POINT('',#12616);
#3829=VERTEX_POINT('',#12622);
#3830=VERTEX_POINT('',#12626);
#3831=VERTEX_POINT('',#12630);
#3832=VERTEX_POINT('',#12636);
#3833=VERTEX_POINT('',#12640);
#3834=VERTEX_POINT('',#12644);
#3835=VERTEX_POINT('',#12650);
#3836=VERTEX_POINT('',#12654);
#3837=VERTEX_POINT('',#12658);
#3838=VERTEX_POINT('',#12664);
#3839=VERTEX_POINT('',#12668);
#3840=VERTEX_POINT('',#12672);
#3841=VERTEX_POINT('',#12694);
#3842=VERTEX_POINT('',#12695);
#3843=VERTEX_POINT('',#12697);
#3844=VERTEX_POINT('',#12699);
#3845=VERTEX_POINT('',#12703);
#3846=VERTEX_POINT('',#12706);
#3847=VERTEX_POINT('',#12709);
#3848=VERTEX_POINT('',#12712);
#3849=VERTEX_POINT('',#12716);
#3850=VERTEX_POINT('',#12720);
#3851=VERTEX_POINT('',#12724);
#3852=VERTEX_POINT('',#12725);
#3853=VERTEX_POINT('',#12727);
#3854=VERTEX_POINT('',#12729);
#3855=VERTEX_POINT('',#12733);
#3856=VERTEX_POINT('',#12735);
#3857=VERTEX_POINT('',#12739);
#3858=VERTEX_POINT('',#12741);
#3859=VERTEX_POINT('',#12745);
#3860=VERTEX_POINT('',#12746);
#3861=VERTEX_POINT('',#12748);
#3862=VERTEX_POINT('',#12750);
#3863=VERTEX_POINT('',#12754);
#3864=VERTEX_POINT('',#12756);
#3865=VERTEX_POINT('',#12760);
#3866=VERTEX_POINT('',#12762);
#3867=VERTEX_POINT('',#12766);
#3868=VERTEX_POINT('',#12767);
#3869=VERTEX_POINT('',#12769);
#3870=VERTEX_POINT('',#12771);
#3871=VERTEX_POINT('',#12775);
#3872=VERTEX_POINT('',#12777);
#3873=VERTEX_POINT('',#12781);
#3874=VERTEX_POINT('',#12783);
#3875=VERTEX_POINT('',#12787);
#3876=VERTEX_POINT('',#12788);
#3877=VERTEX_POINT('',#12790);
#3878=VERTEX_POINT('',#12792);
#3879=VERTEX_POINT('',#12796);
#3880=VERTEX_POINT('',#12798);
#3881=VERTEX_POINT('',#12802);
#3882=VERTEX_POINT('',#12804);
#3883=VERTEX_POINT('',#12808);
#3884=VERTEX_POINT('',#12809);
#3885=VERTEX_POINT('',#12811);
#3886=VERTEX_POINT('',#12813);
#3887=VERTEX_POINT('',#12815);
#3888=VERTEX_POINT('',#12821);
#3889=VERTEX_POINT('',#12827);
#3890=VERTEX_POINT('',#12839);
#3891=VERTEX_POINT('',#12840);
#3892=VERTEX_POINT('',#12842);
#3893=VERTEX_POINT('',#12844);
#3894=VERTEX_POINT('',#12846);
#3895=VERTEX_POINT('',#12852);
#3896=VERTEX_POINT('',#12858);
#3897=VERTEX_POINT('',#12870);
#3898=VERTEX_POINT('',#12871);
#3899=VERTEX_POINT('',#12873);
#3900=VERTEX_POINT('',#12875);
#3901=VERTEX_POINT('',#12877);
#3902=VERTEX_POINT('',#12883);
#3903=VERTEX_POINT('',#12889);
#3904=VERTEX_POINT('',#12901);
#3905=VERTEX_POINT('',#12903);
#3906=VERTEX_POINT('',#12907);
#3907=VERTEX_POINT('',#12911);
#3908=VERTEX_POINT('',#12915);
#3909=VERTEX_POINT('',#12921);
#3910=VERTEX_POINT('',#12922);
#3911=VERTEX_POINT('',#12924);
#3912=VERTEX_POINT('',#12926);
#3913=VERTEX_POINT('',#12930);
#3914=VERTEX_POINT('',#12932);
#3915=VERTEX_POINT('',#12936);
#3916=VERTEX_POINT('',#12940);
#3917=VERTEX_POINT('',#12944);
#3918=VERTEX_POINT('',#12950);
#3919=VERTEX_POINT('',#12951);
#3920=VERTEX_POINT('',#12953);
#3921=VERTEX_POINT('',#12955);
#3922=VERTEX_POINT('',#12959);
#3923=VERTEX_POINT('',#12961);
#3924=VERTEX_POINT('',#12965);
#3925=VERTEX_POINT('',#12969);
#3926=VERTEX_POINT('',#12973);
#3927=VERTEX_POINT('',#12979);
#3928=VERTEX_POINT('',#12980);
#3929=VERTEX_POINT('',#12982);
#3930=VERTEX_POINT('',#12984);
#3931=VERTEX_POINT('',#12988);
#3932=VERTEX_POINT('',#12990);
#3933=VERTEX_POINT('',#12994);
#3934=VERTEX_POINT('',#12998);
#3935=VERTEX_POINT('',#13002);
#3936=VERTEX_POINT('',#13008);
#3937=VERTEX_POINT('',#13009);
#3938=VERTEX_POINT('',#13011);
#3939=VERTEX_POINT('',#13013);
#3940=VERTEX_POINT('',#13017);
#3941=VERTEX_POINT('',#13018);
#3942=VERTEX_POINT('',#13020);
#3943=VERTEX_POINT('',#13022);
#3944=VERTEX_POINT('',#13026);
#3945=VERTEX_POINT('',#13028);
#3946=VERTEX_POINT('',#13041);
#3947=VERTEX_POINT('',#13058);
#3948=VERTEX_POINT('',#13075);
#3949=VERTEX_POINT('',#13092);
#3950=VERTEX_POINT('',#13100);
#3951=VERTEX_POINT('',#13106);
#3952=VERTEX_POINT('',#13108);
#3953=VERTEX_POINT('',#13121);
#3954=VERTEX_POINT('',#13138);
#3955=VERTEX_POINT('',#13155);
#3956=VERTEX_POINT('',#13172);
#3957=VERTEX_POINT('',#13180);
#3958=VERTEX_POINT('',#13186);
#3959=VERTEX_POINT('',#13188);
#3960=VERTEX_POINT('',#13201);
#3961=VERTEX_POINT('',#13218);
#3962=VERTEX_POINT('',#13235);
#3963=VERTEX_POINT('',#13252);
#3964=VERTEX_POINT('',#13260);
#3965=VERTEX_POINT('',#13266);
#3966=VERTEX_POINT('',#13267);
#3967=VERTEX_POINT('',#13269);
#3968=VERTEX_POINT('',#13271);
#3969=VERTEX_POINT('',#13276);
#3970=VERTEX_POINT('',#13278);
#3971=VERTEX_POINT('',#13282);
#3972=VERTEX_POINT('',#13283);
#3973=VERTEX_POINT('',#13285);
#3974=VERTEX_POINT('',#13287);
#3975=VERTEX_POINT('',#13295);
#3976=VERTEX_POINT('',#13296);
#3977=VERTEX_POINT('',#13298);
#3978=VERTEX_POINT('',#13300);
#3979=VERTEX_POINT('',#13302);
#3980=VERTEX_POINT('',#13304);
#3981=VERTEX_POINT('',#13306);
#3982=VERTEX_POINT('',#13308);
#3983=VERTEX_POINT('',#13320);
#3984=VERTEX_POINT('',#13322);
#3985=VERTEX_POINT('',#13326);
#3986=VERTEX_POINT('',#13330);
#3987=VERTEX_POINT('',#13334);
#3988=VERTEX_POINT('',#13338);
#3989=VERTEX_POINT('',#13342);
#3990=VERTEX_POINT('',#13346);
#3991=VERTEX_POINT('',#13350);
#3992=VERTEX_POINT('',#13354);
#3993=VERTEX_POINT('',#13358);
#3994=VERTEX_POINT('',#13362);
#3995=VERTEX_POINT('',#13366);
#3996=VERTEX_POINT('',#13370);
#3997=VERTEX_POINT('',#13374);
#3998=VERTEX_POINT('',#13378);
#3999=VERTEX_POINT('',#13382);
#4000=VERTEX_POINT('',#13385);
#4001=VERTEX_POINT('',#13389);
#4002=VERTEX_POINT('',#13393);
#4003=VERTEX_POINT('',#13399);
#4004=VERTEX_POINT('',#13400);
#4005=VERTEX_POINT('',#13402);
#4006=VERTEX_POINT('',#13404);
#4007=VERTEX_POINT('',#13408);
#4008=VERTEX_POINT('',#13410);
#4009=VERTEX_POINT('',#13414);
#4010=VERTEX_POINT('',#13416);
#4011=VERTEX_POINT('',#13420);
#4012=VERTEX_POINT('',#13422);
#4013=VERTEX_POINT('',#13426);
#4014=VERTEX_POINT('',#13427);
#4015=VERTEX_POINT('',#13433);
#4016=VERTEX_POINT('',#13439);
#4017=VERTEX_POINT('',#13445);
#4018=VERTEX_POINT('',#13451);
#4019=VERTEX_POINT('',#13457);
#4020=VERTEX_POINT('',#13463);
#4021=VERTEX_POINT('',#13469);
#4022=VERTEX_POINT('',#13475);
#4023=VERTEX_POINT('',#13481);
#4024=VERTEX_POINT('',#13487);
#4025=VERTEX_POINT('',#13493);
#4026=VERTEX_POINT('',#13499);
#4027=VERTEX_POINT('',#13505);
#4028=VERTEX_POINT('',#13511);
#4029=VERTEX_POINT('',#13513);
#4030=VERTEX_POINT('',#13519);
#4031=VERTEX_POINT('',#13525);
#4032=VERTEX_POINT('',#13531);
#4033=VERTEX_POINT('',#13537);
#4034=VERTEX_POINT('',#13543);
#4035=VERTEX_POINT('',#13549);
#4036=VERTEX_POINT('',#13555);
#4037=VERTEX_POINT('',#13561);
#4038=VERTEX_POINT('',#13567);
#4039=VERTEX_POINT('',#13573);
#4040=VERTEX_POINT('',#13579);
#4041=VERTEX_POINT('',#13585);
#4042=VERTEX_POINT('',#13593);
#4043=VERTEX_POINT('',#13594);
#4044=VERTEX_POINT('',#13600);
#4045=VERTEX_POINT('',#13606);
#4046=VERTEX_POINT('',#13612);
#4047=VERTEX_POINT('',#13618);
#4048=VERTEX_POINT('',#13624);
#4049=VERTEX_POINT('',#13630);
#4050=VERTEX_POINT('',#13636);
#4051=VERTEX_POINT('',#13638);
#4052=VERTEX_POINT('',#13644);
#4053=VERTEX_POINT('',#13650);
#4054=VERTEX_POINT('',#13656);
#4055=VERTEX_POINT('',#13662);
#4056=VERTEX_POINT('',#13668);
#4057=VERTEX_POINT('',#13674);
#4058=VERTEX_POINT('',#13680);
#4059=VERTEX_POINT('',#13682);
#4060=VERTEX_POINT('',#13688);
#4061=VERTEX_POINT('',#13694);
#4062=VERTEX_POINT('',#13700);
#4063=VERTEX_POINT('',#13706);
#4064=VERTEX_POINT('',#13712);
#4065=VERTEX_POINT('',#13718);
#4066=VERTEX_POINT('',#13724);
#4067=VERTEX_POINT('',#13730);
#4068=VERTEX_POINT('',#13736);
#4069=VERTEX_POINT('',#13742);
#4070=VERTEX_POINT('',#13748);
#4071=VERTEX_POINT('',#13754);
#4072=VERTEX_POINT('',#13760);
#4073=VERTEX_POINT('',#13766);
#4074=VERTEX_POINT('',#13774);
#4075=VERTEX_POINT('',#13775);
#4076=VERTEX_POINT('',#13777);
#4077=VERTEX_POINT('',#13779);
#4078=VERTEX_POINT('',#13785);
#4079=VERTEX_POINT('',#13791);
#4080=VERTEX_POINT('',#13797);
#4081=VERTEX_POINT('',#13803);
#4082=VERTEX_POINT('',#13809);
#4083=VERTEX_POINT('',#13815);
#4084=VERTEX_POINT('',#13821);
#4085=VERTEX_POINT('',#13827);
#4086=VERTEX_POINT('',#13833);
#4087=VERTEX_POINT('',#13839);
#4088=VERTEX_POINT('',#13841);
#4089=VERTEX_POINT('',#13847);
#4090=VERTEX_POINT('',#13853);
#4091=VERTEX_POINT('',#13859);
#4092=VERTEX_POINT('',#13865);
#4093=VERTEX_POINT('',#13871);
#4094=VERTEX_POINT('',#13877);
#4095=VERTEX_POINT('',#13883);
#4096=VERTEX_POINT('',#13891);
#4097=VERTEX_POINT('',#13892);
#4098=VERTEX_POINT('',#13894);
#4099=VERTEX_POINT('',#13896);
#4100=VERTEX_POINT('',#13898);
#4101=VERTEX_POINT('',#13900);
#4102=VERTEX_POINT('',#13902);
#4103=VERTEX_POINT('',#13904);
#4104=VERTEX_POINT('',#13906);
#4105=VERTEX_POINT('',#13908);
#4106=VERTEX_POINT('',#13910);
#4107=VERTEX_POINT('',#13912);
#4108=VERTEX_POINT('',#13916);
#4109=VERTEX_POINT('',#13917);
#4110=VERTEX_POINT('',#13919);
#4111=VERTEX_POINT('',#13921);
#4112=VERTEX_POINT('',#13923);
#4113=VERTEX_POINT('',#13925);
#4114=VERTEX_POINT('',#13927);
#4115=VERTEX_POINT('',#13931);
#4116=VERTEX_POINT('',#13932);
#4117=VERTEX_POINT('',#13934);
#4118=VERTEX_POINT('',#13936);
#4119=VERTEX_POINT('',#13940);
#4120=VERTEX_POINT('',#13941);
#4121=VERTEX_POINT('',#13943);
#4122=VERTEX_POINT('',#13945);
#4123=VERTEX_POINT('',#13951);
#4124=VERTEX_POINT('',#13957);
#4125=VERTEX_POINT('',#13963);
#4126=VERTEX_POINT('',#13969);
#4127=VERTEX_POINT('',#13975);
#4128=VERTEX_POINT('',#13981);
#4129=VERTEX_POINT('',#13987);
#4130=VERTEX_POINT('',#13993);
#4131=VERTEX_POINT('',#13999);
#4132=VERTEX_POINT('',#14007);
#4133=VERTEX_POINT('',#14008);
#4134=VERTEX_POINT('',#14010);
#4135=VERTEX_POINT('',#14012);
#4136=VERTEX_POINT('',#14014);
#4137=VERTEX_POINT('',#14016);
#4138=VERTEX_POINT('',#14022);
#4139=VERTEX_POINT('',#14028);
#4140=VERTEX_POINT('',#14034);
#4141=VERTEX_POINT('',#14042);
#4142=VERTEX_POINT('',#14043);
#4143=VERTEX_POINT('',#14045);
#4144=VERTEX_POINT('',#14047);
#4145=VERTEX_POINT('',#14049);
#4146=VERTEX_POINT('',#14051);
#4147=VERTEX_POINT('',#14053);
#4148=VERTEX_POINT('',#14055);
#4149=VERTEX_POINT('',#14057);
#4150=VERTEX_POINT('',#14059);
#4151=VERTEX_POINT('',#14061);
#4152=VERTEX_POINT('',#14063);
#4153=VERTEX_POINT('',#14067);
#4154=VERTEX_POINT('',#14068);
#4155=VERTEX_POINT('',#14070);
#4156=VERTEX_POINT('',#14072);
#4157=VERTEX_POINT('',#14076);
#4158=VERTEX_POINT('',#14078);
#4159=VERTEX_POINT('',#14082);
#4160=VERTEX_POINT('',#14084);
#4161=VERTEX_POINT('',#14088);
#4162=VERTEX_POINT('',#14090);
#4163=VERTEX_POINT('',#14094);
#4164=VERTEX_POINT('',#14096);
#4165=VERTEX_POINT('',#14100);
#4166=VERTEX_POINT('',#14102);
#4167=VERTEX_POINT('',#14106);
#4168=VERTEX_POINT('',#14108);
#4169=VERTEX_POINT('',#14115);
#4170=VERTEX_POINT('',#14116);
#4171=VERTEX_POINT('',#14118);
#4172=VERTEX_POINT('',#14120);
#4173=VERTEX_POINT('',#14124);
#4174=VERTEX_POINT('',#14125);
#4175=VERTEX_POINT('',#14130);
#4176=VERTEX_POINT('',#14134);
#4177=VERTEX_POINT('',#14138);
#4178=VERTEX_POINT('',#14142);
#4179=VERTEX_POINT('',#14146);
#4180=VERTEX_POINT('',#14150);
#4181=VERTEX_POINT('',#14156);
#4182=VERTEX_POINT('',#14158);
#4183=VERTEX_POINT('',#14162);
#4184=VERTEX_POINT('',#14163);
#4185=VERTEX_POINT('',#14165);
#4186=VERTEX_POINT('',#14167);
#4187=VERTEX_POINT('',#14171);
#4188=VERTEX_POINT('',#14173);
#4189=VERTEX_POINT('',#14177);
#4190=VERTEX_POINT('',#14179);
#4191=VERTEX_POINT('',#14183);
#4192=VERTEX_POINT('',#14185);
#4193=VERTEX_POINT('',#14189);
#4194=VERTEX_POINT('',#14191);
#4195=VERTEX_POINT('',#14195);
#4196=VERTEX_POINT('',#14197);
#4197=VERTEX_POINT('',#14201);
#4198=VERTEX_POINT('',#14203);
#4199=VERTEX_POINT('',#14210);
#4200=VERTEX_POINT('',#14211);
#4201=VERTEX_POINT('',#14213);
#4202=VERTEX_POINT('',#14215);
#4203=VERTEX_POINT('',#14219);
#4204=VERTEX_POINT('',#14221);
#4205=VERTEX_POINT('',#14225);
#4206=VERTEX_POINT('',#14227);
#4207=VERTEX_POINT('',#14231);
#4208=VERTEX_POINT('',#14233);
#4209=VERTEX_POINT('',#14237);
#4210=VERTEX_POINT('',#14239);
#4211=VERTEX_POINT('',#14243);
#4212=VERTEX_POINT('',#14245);
#4213=VERTEX_POINT('',#14249);
#4214=VERTEX_POINT('',#14251);
#4215=VERTEX_POINT('',#14258);
#4216=VERTEX_POINT('',#14259);
#4217=VERTEX_POINT('',#14261);
#4218=VERTEX_POINT('',#14263);
#4219=VERTEX_POINT('',#14267);
#4220=VERTEX_POINT('',#14269);
#4221=VERTEX_POINT('',#14273);
#4222=VERTEX_POINT('',#14275);
#4223=VERTEX_POINT('',#14279);
#4224=VERTEX_POINT('',#14281);
#4225=VERTEX_POINT('',#14285);
#4226=VERTEX_POINT('',#14287);
#4227=VERTEX_POINT('',#14291);
#4228=VERTEX_POINT('',#14293);
#4229=VERTEX_POINT('',#14297);
#4230=VERTEX_POINT('',#14299);
#4231=VERTEX_POINT('',#14306);
#4232=VERTEX_POINT('',#14308);
#4233=VERTEX_POINT('',#14312);
#4234=VERTEX_POINT('',#14313);
#4235=VERTEX_POINT('',#14321);
#4236=VERTEX_POINT('',#14323);
#4237=VERTEX_POINT('',#14327);
#4238=VERTEX_POINT('',#14331);
#4239=VERTEX_POINT('',#14335);
#4240=VERTEX_POINT('',#14348);
#4241=VERTEX_POINT('',#14349);
#4242=VERTEX_POINT('',#14367);
#4243=VERTEX_POINT('',#14384);
#4244=VERTEX_POINT('',#14401);
#4245=VERTEX_POINT('',#14418);
#4246=VERTEX_POINT('',#14435);
#4247=VERTEX_POINT('',#14452);
#4248=VERTEX_POINT('',#14469);
#4249=VERTEX_POINT('',#14486);
#4250=VERTEX_POINT('',#14503);
#4251=VERTEX_POINT('',#14520);
#4252=VERTEX_POINT('',#14537);
#4253=VERTEX_POINT('',#14545);
#4254=VERTEX_POINT('',#14558);
#4255=VERTEX_POINT('',#14575);
#4256=VERTEX_POINT('',#14592);
#4257=VERTEX_POINT('',#14609);
#4258=VERTEX_POINT('',#14626);
#4259=VERTEX_POINT('',#14643);
#4260=VERTEX_POINT('',#14660);
#4261=VERTEX_POINT('',#14677);
#4262=VERTEX_POINT('',#14694);
#4263=VERTEX_POINT('',#14711);
#4264=VERTEX_POINT('',#14728);
#4265=VERTEX_POINT('',#14745);
#4266=VERTEX_POINT('',#14762);
#4267=VERTEX_POINT('',#14770);
#4268=VERTEX_POINT('',#14783);
#4269=VERTEX_POINT('',#14815);
#4270=VERTEX_POINT('',#14816);
#4271=VERTEX_POINT('',#14834);
#4272=VERTEX_POINT('',#14851);
#4273=VERTEX_POINT('',#14868);
#4274=VERTEX_POINT('',#14885);
#4275=VERTEX_POINT('',#14893);
#4276=VERTEX_POINT('',#14906);
#4277=VERTEX_POINT('',#14923);
#4278=VERTEX_POINT('',#14940);
#4279=VERTEX_POINT('',#14957);
#4280=VERTEX_POINT('',#14974);
#4281=VERTEX_POINT('',#14991);
#4282=VERTEX_POINT('',#15008);
#4283=VERTEX_POINT('',#15016);
#4284=VERTEX_POINT('',#15029);
#4285=VERTEX_POINT('',#15046);
#4286=VERTEX_POINT('',#15063);
#4287=VERTEX_POINT('',#15080);
#4288=VERTEX_POINT('',#15097);
#4289=VERTEX_POINT('',#15114);
#4290=VERTEX_POINT('',#15131);
#4291=VERTEX_POINT('',#15148);
#4292=VERTEX_POINT('',#15165);
#4293=VERTEX_POINT('',#15182);
#4294=VERTEX_POINT('',#15199);
#4295=VERTEX_POINT('',#15216);
#4296=VERTEX_POINT('',#15233);
#4297=VERTEX_POINT('',#15250);
#4298=VERTEX_POINT('',#15267);
#4299=VERTEX_POINT('',#15275);
#4300=VERTEX_POINT('',#15288);
#4301=VERTEX_POINT('',#15320);
#4302=VERTEX_POINT('',#15321);
#4303=VERTEX_POINT('',#15339);
#4304=VERTEX_POINT('',#15356);
#4305=VERTEX_POINT('',#15373);
#4306=VERTEX_POINT('',#15390);
#4307=VERTEX_POINT('',#15407);
#4308=VERTEX_POINT('',#15424);
#4309=VERTEX_POINT('',#15441);
#4310=VERTEX_POINT('',#15458);
#4311=VERTEX_POINT('',#15475);
#4312=VERTEX_POINT('',#15483);
#4313=VERTEX_POINT('',#15496);
#4314=VERTEX_POINT('',#15513);
#4315=VERTEX_POINT('',#15530);
#4316=VERTEX_POINT('',#15547);
#4317=VERTEX_POINT('',#15564);
#4318=VERTEX_POINT('',#15581);
#4319=VERTEX_POINT('',#15598);
#4320=VERTEX_POINT('',#15615);
#4321=VERTEX_POINT('',#15623);
#4322=VERTEX_POINT('',#15627);
#4323=VERTEX_POINT('',#15633);
#4324=VERTEX_POINT('',#15634);
#4325=VERTEX_POINT('',#15639);
#4326=VERTEX_POINT('',#15643);
#4327=VERTEX_POINT('',#15647);
#4328=VERTEX_POINT('',#15651);
#4329=VERTEX_POINT('',#15655);
#4330=VERTEX_POINT('',#15659);
#4331=VERTEX_POINT('',#15663);
#4332=VERTEX_POINT('',#15667);
#4333=VERTEX_POINT('',#15671);
#4334=VERTEX_POINT('',#15675);
#4335=VERTEX_POINT('',#15681);
#4336=VERTEX_POINT('',#15682);
#4337=VERTEX_POINT('',#15687);
#4338=VERTEX_POINT('',#15691);
#4339=VERTEX_POINT('',#15695);
#4340=VERTEX_POINT('',#15699);
#4341=VERTEX_POINT('',#15703);
#4342=VERTEX_POINT('',#15709);
#4343=VERTEX_POINT('',#15710);
#4344=VERTEX_POINT('',#15715);
#4345=VERTEX_POINT('',#15719);
#4346=VERTEX_POINT('',#15734);
#4347=VERTEX_POINT('',#15735);
#4348=VERTEX_POINT('',#15753);
#4349=VERTEX_POINT('',#15770);
#4350=VERTEX_POINT('',#15787);
#4351=VERTEX_POINT('',#15804);
#4352=VERTEX_POINT('',#15821);
#4353=VERTEX_POINT('',#15838);
#4354=VERTEX_POINT('',#15855);
#4355=VERTEX_POINT('',#15872);
#4356=VERTEX_POINT('',#15889);
#4357=VERTEX_POINT('',#15897);
#4358=VERTEX_POINT('',#15901);
#4359=VERTEX_POINT('',#15907);
#4360=VERTEX_POINT('',#15908);
#4361=VERTEX_POINT('',#15913);
#4362=VERTEX_POINT('',#15926);
#4363=VERTEX_POINT('',#15943);
#4364=VERTEX_POINT('',#15960);
#4365=VERTEX_POINT('',#15977);
#4366=VERTEX_POINT('',#15985);
#4367=VERTEX_POINT('',#15989);
#4368=VERTEX_POINT('',#15995);
#4369=VERTEX_POINT('',#15996);
#4370=VERTEX_POINT('',#16001);
#4371=VERTEX_POINT('',#16005);
#4372=VERTEX_POINT('',#16009);
#4373=VERTEX_POINT('',#16013);
#4374=VERTEX_POINT('',#16017);
#4375=VERTEX_POINT('',#16021);
#4376=VERTEX_POINT('',#16025);
#4377=VERTEX_POINT('',#16029);
#4378=VERTEX_POINT('',#16033);
#4379=VERTEX_POINT('',#16037);
#4380=VERTEX_POINT('',#16043);
#4381=VERTEX_POINT('',#16045);
#4382=VERTEX_POINT('',#16049);
#4383=VERTEX_POINT('',#16053);
#4384=VERTEX_POINT('',#16057);
#4385=VERTEX_POINT('',#16061);
#4386=VERTEX_POINT('',#16065);
#4387=VERTEX_POINT('',#16069);
#4388=VERTEX_POINT('',#16075);
#4389=VERTEX_POINT('',#16077);
#4390=VERTEX_POINT('',#16081);
#4391=VERTEX_POINT('',#16085);
#4392=VERTEX_POINT('',#16091);
#4393=VERTEX_POINT('',#16093);
#4394=VERTEX_POINT('',#16097);
#4395=VERTEX_POINT('',#16101);
#4396=VERTEX_POINT('',#16105);
#4397=VERTEX_POINT('',#16109);
#4398=VERTEX_POINT('',#16113);
#4399=VERTEX_POINT('',#16117);
#4400=VERTEX_POINT('',#16123);
#4401=VERTEX_POINT('',#16127);
#4402=VERTEX_POINT('',#16129);
#4403=VERTEX_POINT('',#16133);
#4404=VERTEX_POINT('',#16137);
#4405=VERTEX_POINT('',#16141);
#4406=VERTEX_POINT('',#16145);
#4407=VERTEX_POINT('',#16149);
#4408=VERTEX_POINT('',#16153);
#4409=VERTEX_POINT('',#16159);
#4410=VERTEX_POINT('',#16161);
#4411=VERTEX_POINT('',#16165);
#4412=VERTEX_POINT('',#16169);
#4413=VERTEX_POINT('',#16173);
#4414=VERTEX_POINT('',#16177);
#4415=VERTEX_POINT('',#16181);
#4416=VERTEX_POINT('',#16185);
#4417=VERTEX_POINT('',#16191);
#4418=VERTEX_POINT('',#16193);
#4419=VERTEX_POINT('',#16197);
#4420=VERTEX_POINT('',#16201);
#4421=VERTEX_POINT('',#16205);
#4422=VERTEX_POINT('',#16209);
#4423=VERTEX_POINT('',#16213);
#4424=VERTEX_POINT('',#16217);
#4425=VERTEX_POINT('',#16226);
#4426=EDGE_CURVE('',#3590,#3591,#1762,.T.);
#4427=EDGE_CURVE('',#3592,#3590,#1763,.T.);
#4428=EDGE_CURVE('',#3593,#3592,#1764,.T.);
#4429=EDGE_CURVE('',#3594,#3593,#1765,.T.);
#4430=EDGE_CURVE('',#3595,#3594,#1766,.T.);
#4431=EDGE_CURVE('',#3591,#3595,#1767,.T.);
#4432=EDGE_CURVE('',#3596,#3596,#508,.T.);
#4433=EDGE_CURVE('',#3597,#3598,#1768,.T.);
#4434=EDGE_CURVE('',#3597,#3599,#1769,.T.);
#4435=EDGE_CURVE('',#3599,#3600,#1770,.T.);
#4436=EDGE_CURVE('',#3598,#3600,#1771,.T.);
#4437=EDGE_CURVE('',#3601,#3602,#509,.T.);
#4438=EDGE_CURVE('',#3603,#3601,#1772,.T.);
#4439=EDGE_CURVE('',#3603,#3604,#510,.T.);
#4440=EDGE_CURVE('',#3604,#3602,#1773,.T.);
#4441=EDGE_CURVE('',#3605,#3606,#511,.T.);
#4442=EDGE_CURVE('',#3607,#3605,#1774,.T.);
#4443=EDGE_CURVE('',#3607,#3608,#512,.T.);
#4444=EDGE_CURVE('',#3608,#3606,#1775,.T.);
#4445=EDGE_CURVE('',#3609,#3610,#1776,.T.);
#4446=EDGE_CURVE('',#3611,#3609,#1777,.T.);
#4447=EDGE_CURVE('',#3612,#3611,#1778,.T.);
#4448=EDGE_CURVE('',#3610,#3612,#1779,.T.);
#4449=EDGE_CURVE('',#3613,#3609,#513,.T.);
#4450=EDGE_CURVE('',#3613,#3614,#1780,.T.);
#4451=EDGE_CURVE('',#3614,#3611,#514,.T.);
#4452=EDGE_CURVE('',#3615,#3613,#1781,.T.);
#4453=EDGE_CURVE('',#3616,#3615,#1782,.T.);
#4454=EDGE_CURVE('',#3614,#3616,#1783,.T.);
#4455=EDGE_CURVE('',#3617,#3615,#515,.T.);
#4456=EDGE_CURVE('',#3617,#3618,#1784,.T.);
#4457=EDGE_CURVE('',#3618,#3616,#516,.T.);
#4458=EDGE_CURVE('',#3619,#3620,#1785,.T.);
#4459=EDGE_CURVE('',#3621,#3619,#1786,.T.);
#4460=EDGE_CURVE('',#3622,#3621,#1787,.T.);
#4461=EDGE_CURVE('',#3620,#3622,#1788,.T.);
#4462=EDGE_CURVE('',#3623,#3619,#517,.T.);
#4463=EDGE_CURVE('',#3623,#3624,#1789,.T.);
#4464=EDGE_CURVE('',#3624,#3621,#518,.T.);
#4465=EDGE_CURVE('',#3625,#3623,#1790,.T.);
#4466=EDGE_CURVE('',#3626,#3625,#1791,.T.);
#4467=EDGE_CURVE('',#3624,#3626,#1792,.T.);
#4468=EDGE_CURVE('',#3627,#3625,#519,.T.);
#4469=EDGE_CURVE('',#3627,#3628,#1793,.T.);
#4470=EDGE_CURVE('',#3628,#3626,#520,.T.);
#4471=EDGE_CURVE('',#3629,#3630,#521,.T.);
#4472=EDGE_CURVE('',#3631,#3629,#1794,.T.);
#4473=EDGE_CURVE('',#3631,#3632,#522,.T.);
#4474=EDGE_CURVE('',#3632,#3630,#1795,.T.);
#4475=EDGE_CURVE('',#3633,#3634,#1796,.T.);
#4476=EDGE_CURVE('',#3633,#3635,#1797,.T.);
#4477=EDGE_CURVE('',#3636,#3635,#1798,.T.);
#4478=EDGE_CURVE('',#3636,#3634,#1799,.T.);
#4479=EDGE_CURVE('',#3637,#3635,#1800,.T.);
#4480=EDGE_CURVE('',#3638,#3637,#1801,.T.);
#4481=EDGE_CURVE('',#3638,#3639,#1802,.T.);
#4482=EDGE_CURVE('',#3636,#3639,#1803,.T.);
#4483=EDGE_CURVE('',#3640,#3633,#1804,.T.);
#4484=EDGE_CURVE('',#3641,#3640,#1805,.T.);
#4485=EDGE_CURVE('',#3641,#3642,#1806,.T.);
#4486=EDGE_CURVE('',#3643,#3642,#1807,.T.);
#4487=EDGE_CURVE('',#3644,#3643,#1808,.T.);
#4488=EDGE_CURVE('',#3637,#3644,#1809,.T.);
#4489=EDGE_CURVE('',#3645,#3646,#523,.T.);
#4490=EDGE_CURVE('',#3645,#3647,#1810,.T.);
#4491=EDGE_CURVE('',#3648,#3647,#524,.T.);
#4492=EDGE_CURVE('',#3648,#3649,#1811,.T.);
#4493=EDGE_CURVE('',#3650,#3649,#525,.T.);
#4494=EDGE_CURVE('',#3650,#3651,#1812,.T.);
#4495=EDGE_CURVE('',#3652,#3651,#526,.T.);
#4496=EDGE_CURVE('',#3652,#3646,#1813,.T.);
#4497=EDGE_CURVE('',#3653,#3654,#1814,.T.);
#4498=EDGE_CURVE('',#3653,#3655,#1815,.T.);
#4499=EDGE_CURVE('',#3656,#3655,#1816,.T.);
#4500=EDGE_CURVE('',#3656,#3654,#1817,.T.);
#4501=EDGE_CURVE('',#3657,#3655,#1818,.T.);
#4502=EDGE_CURVE('',#3658,#3657,#1819,.T.);
#4503=EDGE_CURVE('',#3658,#3659,#1820,.T.);
#4504=EDGE_CURVE('',#3656,#3659,#1821,.T.);
#4505=EDGE_CURVE('',#3660,#3653,#1822,.T.);
#4506=EDGE_CURVE('',#3644,#3660,#1823,.T.);
#4507=EDGE_CURVE('',#3661,#3643,#1824,.T.);
#4508=EDGE_CURVE('',#3662,#3661,#1825,.T.);
#4509=EDGE_CURVE('',#3657,#3662,#1826,.T.);
#4510=EDGE_CURVE('',#3663,#3663,#527,.T.);
#4511=EDGE_CURVE('',#3664,#3665,#1827,.T.);
#4512=EDGE_CURVE('',#3666,#3665,#528,.T.);
#4513=EDGE_CURVE('',#3666,#3667,#1828,.T.);
#4514=EDGE_CURVE('',#3668,#3667,#529,.T.);
#4515=EDGE_CURVE('',#3668,#3669,#1829,.T.);
#4516=EDGE_CURVE('',#3670,#3669,#530,.T.);
#4517=EDGE_CURVE('',#3670,#3671,#1830,.T.);
#4518=EDGE_CURVE('',#3664,#3671,#531,.T.);
#4519=EDGE_CURVE('',#3628,#3672,#1831,.T.);
#4520=EDGE_CURVE('',#3673,#3672,#532,.T.);
#4521=EDGE_CURVE('',#3673,#3674,#1832,.T.);
#4522=EDGE_CURVE('',#3622,#3674,#533,.T.);
#4523=EDGE_CURVE('',#3675,#3676,#1833,.T.);
#4524=EDGE_CURVE('',#3612,#3676,#534,.T.);
#4525=EDGE_CURVE('',#3618,#3677,#1834,.T.);
#4526=EDGE_CURVE('',#3675,#3677,#535,.T.);
#4527=EDGE_CURVE('',#3678,#3679,#1835,.T.);
#4528=EDGE_CURVE('',#3678,#3680,#1836,.T.);
#4529=EDGE_CURVE('',#3681,#3680,#1837,.T.);
#4530=EDGE_CURVE('',#3681,#3679,#1838,.T.);
#4531=EDGE_CURVE('',#3682,#3680,#1839,.T.);
#4532=EDGE_CURVE('',#3683,#3682,#1840,.T.);
#4533=EDGE_CURVE('',#3683,#3684,#1841,.T.);
#4534=EDGE_CURVE('',#3681,#3684,#1842,.T.);
#4535=EDGE_CURVE('',#3685,#3678,#1843,.T.);
#4536=EDGE_CURVE('',#3686,#3685,#1844,.T.);
#4537=EDGE_CURVE('',#3686,#3687,#1845,.T.);
#4538=EDGE_CURVE('',#3642,#3687,#1846,.T.);
#4539=EDGE_CURVE('',#3682,#3641,#1847,.T.);
#4540=EDGE_CURVE('',#3688,#3689,#1848,.T.);
#4541=EDGE_CURVE('',#3690,#3689,#536,.T.);
#4542=EDGE_CURVE('',#3690,#3691,#1849,.T.);
#4543=EDGE_CURVE('',#3692,#3691,#537,.T.);
#4544=EDGE_CURVE('',#3692,#3693,#1850,.T.);
#4545=EDGE_CURVE('',#3694,#3693,#538,.T.);
#4546=EDGE_CURVE('',#3694,#3695,#1851,.T.);
#4547=EDGE_CURVE('',#3688,#3695,#539,.T.);
#4548=EDGE_CURVE('',#3696,#3697,#1852,.T.);
#4549=EDGE_CURVE('',#3696,#3698,#1853,.T.);
#4550=EDGE_CURVE('',#3699,#3698,#1854,.T.);
#4551=EDGE_CURVE('',#3700,#3699,#1855,.T.);
#4552=EDGE_CURVE('',#3701,#3700,#1856,.T.);
#4553=EDGE_CURVE('',#3701,#3697,#1857,.T.);
#4554=EDGE_CURVE('',#3699,#3702,#1858,.T.);
#4555=EDGE_CURVE('',#3702,#3703,#1859,.T.);
#4556=EDGE_CURVE('',#3703,#3704,#1860,.T.);
#4557=EDGE_CURVE('',#3700,#3704,#1861,.T.);
#4558=EDGE_CURVE('',#3698,#3705,#1862,.T.);
#4559=EDGE_CURVE('',#3705,#3702,#1863,.T.);
#4560=EDGE_CURVE('',#3706,#3696,#1864,.T.);
#4561=EDGE_CURVE('',#3662,#3706,#1865,.T.);
#4562=EDGE_CURVE('',#3687,#3661,#1866,.T.);
#4563=EDGE_CURVE('',#3686,#3707,#1867,.T.);
#4564=EDGE_CURVE('',#3707,#3708,#1868,.T.);
#4565=EDGE_CURVE('',#3708,#3709,#1869,.T.);
#4566=EDGE_CURVE('',#3710,#3709,#540,.F.);
#4567=EDGE_CURVE('',#3710,#3711,#1870,.T.);
#4568=EDGE_CURVE('',#3712,#3711,#541,.F.);
#4569=EDGE_CURVE('',#3712,#3713,#1871,.T.);
#4570=EDGE_CURVE('',#3714,#3713,#542,.F.);
#4571=EDGE_CURVE('',#3714,#3715,#1872,.T.);
#4572=EDGE_CURVE('',#3716,#3715,#543,.F.);
#4573=EDGE_CURVE('',#3716,#3717,#1873,.T.);
#4574=EDGE_CURVE('',#3717,#3718,#1874,.T.);
#4575=EDGE_CURVE('',#3718,#3719,#1875,.T.);
#4576=EDGE_CURVE('',#3719,#3705,#1876,.T.);
#4577=EDGE_CURVE('',#3704,#3720,#1877,.T.);
#4578=EDGE_CURVE('',#3720,#3721,#1878,.T.);
#4579=EDGE_CURVE('',#3721,#3701,#1879,.T.);
#4580=EDGE_CURVE('',#3722,#3723,#1880,.T.);
#4581=EDGE_CURVE('',#3723,#3721,#544,.T.);
#4582=EDGE_CURVE('',#3720,#3722,#545,.T.);
#4583=EDGE_CURVE('',#3679,#3723,#1881,.T.);
#4584=EDGE_CURVE('',#3722,#3678,#1882,.T.);
#4585=EDGE_CURVE('',#3639,#3724,#546,.T.);
#4586=EDGE_CURVE('',#3724,#3654,#1883,.T.);
#4587=EDGE_CURVE('',#3659,#3725,#547,.T.);
#4588=EDGE_CURVE('',#3725,#3697,#1884,.T.);
#4589=EDGE_CURVE('',#3684,#3726,#548,.T.);
#4590=EDGE_CURVE('',#3726,#3634,#1885,.T.);
#4591=EDGE_CURVE('',#3727,#3597,#549,.T.);
#4592=EDGE_CURVE('',#3727,#3728,#1886,.T.);
#4593=EDGE_CURVE('',#3728,#3599,#550,.T.);
#4594=EDGE_CURVE('',#3729,#3727,#1887,.T.);
#4595=EDGE_CURVE('',#3729,#3730,#1888,.T.);
#4596=EDGE_CURVE('',#3730,#3728,#1889,.T.);
#4597=EDGE_CURVE('',#3731,#3729,#551,.T.);
#4598=EDGE_CURVE('',#3732,#3731,#1890,.T.);
#4599=EDGE_CURVE('',#3732,#3730,#552,.T.);
#4600=EDGE_CURVE('',#3733,#3732,#1891,.T.);
#4601=EDGE_CURVE('',#3734,#3733,#553,.T.);
#4602=EDGE_CURVE('',#3735,#3734,#1892,.T.);
#4603=EDGE_CURVE('',#3600,#3735,#554,.T.);
#4604=EDGE_CURVE('',#3736,#3736,#555,.T.);
#4605=EDGE_CURVE('',#3737,#3737,#556,.T.);
#4606=EDGE_CURVE('',#3738,#3738,#557,.T.);
#4607=EDGE_CURVE('',#3739,#3739,#558,.T.);
#4608=EDGE_CURVE('',#3719,#3703,#1893,.T.);
#4609=EDGE_CURVE('',#3740,#3717,#1894,.T.);
#4610=EDGE_CURVE('',#3741,#3716,#1895,.T.);
#4611=EDGE_CURVE('',#3740,#3741,#1896,.T.);
#4612=EDGE_CURVE('',#3742,#3740,#1897,.F.);
#4613=EDGE_CURVE('',#3741,#3743,#1898,.T.);
#4614=EDGE_CURVE('',#3743,#3742,#1899,.T.);
#4615=EDGE_CURVE('',#3741,#3744,#559,.T.);
#4616=EDGE_CURVE('',#3744,#3745,#1900,.T.);
#4617=EDGE_CURVE('',#3745,#3743,#560,.T.);
#4618=EDGE_CURVE('',#3746,#3747,#1901,.T.);
#4619=EDGE_CURVE('',#3747,#3745,#1902,.T.);
#4620=EDGE_CURVE('',#3744,#3746,#1903,.T.);
#4621=EDGE_CURVE('',#3746,#3748,#561,.T.);
#4622=EDGE_CURVE('',#3748,#3749,#1904,.T.);
#4623=EDGE_CURVE('',#3749,#3747,#562,.T.);
#4624=EDGE_CURVE('',#3750,#3751,#1905,.T.);
#4625=EDGE_CURVE('',#3751,#3749,#1906,.T.);
#4626=EDGE_CURVE('',#3748,#3750,#1907,.T.);
#4627=EDGE_CURVE('',#3750,#3752,#563,.T.);
#4628=EDGE_CURVE('',#3752,#3753,#1908,.T.);
#4629=EDGE_CURVE('',#3753,#3751,#564,.T.);
#4630=EDGE_CURVE('',#3754,#3755,#1909,.T.);
#4631=EDGE_CURVE('',#3755,#3753,#1910,.T.);
#4632=EDGE_CURVE('',#3752,#3754,#1911,.T.);
#4633=EDGE_CURVE('',#3754,#3756,#565,.T.);
#4634=EDGE_CURVE('',#3756,#3757,#1912,.T.);
#4635=EDGE_CURVE('',#3757,#3755,#566,.T.);
#4636=EDGE_CURVE('',#3758,#3759,#1913,.T.);
#4637=EDGE_CURVE('',#3759,#3757,#1914,.T.);
#4638=EDGE_CURVE('',#3756,#3758,#1915,.T.);
#4639=EDGE_CURVE('',#3709,#3756,#1916,.T.);
#4640=EDGE_CURVE('',#3708,#3758,#1917,.T.);
#4641=EDGE_CURVE('',#3754,#3710,#1918,.T.);
#4642=EDGE_CURVE('',#3711,#3752,#1919,.T.);
#4643=EDGE_CURVE('',#3750,#3712,#1920,.T.);
#4644=EDGE_CURVE('',#3713,#3748,#1921,.T.);
#4645=EDGE_CURVE('',#3746,#3714,#1922,.T.);
#4646=EDGE_CURVE('',#3715,#3744,#1923,.T.);
#4647=EDGE_CURVE('',#3759,#3760,#1924,.T.);
#4648=EDGE_CURVE('',#3742,#3760,#1925,.T.);
#4649=EDGE_CURVE('',#3761,#3762,#1926,.T.);
#4650=EDGE_CURVE('',#3762,#3763,#1927,.T.);
#4651=EDGE_CURVE('',#3763,#3764,#1928,.T.);
#4652=EDGE_CURVE('',#3764,#3765,#1929,.T.);
#4653=EDGE_CURVE('',#3765,#3766,#1930,.T.);
#4654=EDGE_CURVE('',#3766,#3761,#1931,.T.);
#4655=EDGE_CURVE('',#3707,#3760,#1932,.T.);
#4656=EDGE_CURVE('',#3763,#3592,#1933,.T.);
#4657=EDGE_CURVE('',#3590,#3764,#1934,.T.);
#4658=EDGE_CURVE('',#3762,#3593,#1935,.T.);
#4659=EDGE_CURVE('',#3761,#3594,#1936,.T.);
#4660=EDGE_CURVE('',#3766,#3595,#1937,.T.);
#4661=EDGE_CURVE('',#3765,#3591,#1938,.T.);
#4662=EDGE_CURVE('',#3602,#3767,#1939,.T.);
#4663=EDGE_CURVE('',#3604,#3768,#1940,.T.);
#4664=EDGE_CURVE('',#3768,#3767,#1941,.T.);
#4665=EDGE_CURVE('',#3767,#3769,#567,.T.);
#4666=EDGE_CURVE('',#3768,#3770,#568,.T.);
#4667=EDGE_CURVE('',#3770,#3769,#1942,.T.);
#4668=EDGE_CURVE('',#3769,#3771,#1943,.T.);
#4669=EDGE_CURVE('',#3770,#3772,#1944,.T.);
#4670=EDGE_CURVE('',#3772,#3771,#1945,.T.);
#4671=EDGE_CURVE('',#3603,#3652,#1946,.T.);
#4672=EDGE_CURVE('',#3651,#3604,#1947,.T.);
#4673=EDGE_CURVE('',#3773,#3603,#1948,.T.);
#4674=EDGE_CURVE('',#3646,#3773,#1949,.T.);
#4675=EDGE_CURVE('',#3774,#3773,#569,.T.);
#4676=EDGE_CURVE('',#3774,#3645,#1950,.T.);
#4677=EDGE_CURVE('',#3775,#3774,#1951,.T.);
#4678=EDGE_CURVE('',#3647,#3775,#1952,.T.);
#4679=EDGE_CURVE('',#3772,#3775,#570,.T.);
#4680=EDGE_CURVE('',#3772,#3648,#1953,.T.);
#4681=EDGE_CURVE('',#3649,#3770,#1954,.T.);
#4682=EDGE_CURVE('',#3768,#3650,#1955,.T.);
#4683=EDGE_CURVE('',#3630,#3776,#1956,.T.);
#4684=EDGE_CURVE('',#3632,#3777,#1957,.T.);
#4685=EDGE_CURVE('',#3777,#3776,#1958,.T.);
#4686=EDGE_CURVE('',#3776,#3778,#571,.T.);
#4687=EDGE_CURVE('',#3777,#3779,#572,.T.);
#4688=EDGE_CURVE('',#3779,#3778,#1959,.T.);
#4689=EDGE_CURVE('',#3778,#3780,#1960,.T.);
#4690=EDGE_CURVE('',#3779,#3781,#1961,.T.);
#4691=EDGE_CURVE('',#3781,#3780,#1962,.T.);
#4692=EDGE_CURVE('',#3631,#3668,#1963,.T.);
#4693=EDGE_CURVE('',#3667,#3632,#1964,.T.);
#4694=EDGE_CURVE('',#3782,#3631,#1965,.T.);
#4695=EDGE_CURVE('',#3669,#3782,#1966,.T.);
#4696=EDGE_CURVE('',#3783,#3782,#573,.T.);
#4697=EDGE_CURVE('',#3783,#3670,#1967,.T.);
#4698=EDGE_CURVE('',#3784,#3783,#1968,.T.);
#4699=EDGE_CURVE('',#3671,#3784,#1969,.T.);
#4700=EDGE_CURVE('',#3781,#3784,#574,.T.);
#4701=EDGE_CURVE('',#3781,#3664,#1970,.T.);
#4702=EDGE_CURVE('',#3665,#3779,#1971,.T.);
#4703=EDGE_CURVE('',#3777,#3666,#1972,.T.);
#4704=EDGE_CURVE('',#3785,#3785,#575,.T.);
#4705=EDGE_CURVE('',#3785,#3663,#1973,.T.);
#4706=EDGE_CURVE('',#3606,#3786,#1974,.T.);
#4707=EDGE_CURVE('',#3608,#3787,#1975,.T.);
#4708=EDGE_CURVE('',#3787,#3786,#1976,.T.);
#4709=EDGE_CURVE('',#3786,#3788,#576,.T.);
#4710=EDGE_CURVE('',#3787,#3789,#577,.T.);
#4711=EDGE_CURVE('',#3789,#3788,#1977,.T.);
#4712=EDGE_CURVE('',#3788,#3790,#1978,.T.);
#4713=EDGE_CURVE('',#3789,#3791,#1979,.T.);
#4714=EDGE_CURVE('',#3791,#3790,#1980,.T.);
#4715=EDGE_CURVE('',#3607,#3694,#1981,.T.);
#4716=EDGE_CURVE('',#3693,#3608,#1982,.T.);
#4717=EDGE_CURVE('',#3792,#3607,#1983,.T.);
#4718=EDGE_CURVE('',#3695,#3792,#1984,.T.);
#4719=EDGE_CURVE('',#3793,#3792,#578,.T.);
#4720=EDGE_CURVE('',#3793,#3688,#1985,.T.);
#4721=EDGE_CURVE('',#3794,#3793,#1986,.T.);
#4722=EDGE_CURVE('',#3689,#3794,#1987,.T.);
#4723=EDGE_CURVE('',#3791,#3794,#579,.T.);
#4724=EDGE_CURVE('',#3791,#3690,#1988,.T.);
#4725=EDGE_CURVE('',#3691,#3789,#1989,.T.);
#4726=EDGE_CURVE('',#3787,#3692,#1990,.T.);
#4727=EDGE_CURVE('',#3795,#3795,#580,.T.);
#4728=EDGE_CURVE('',#3795,#3796,#1991,.T.);
#4729=EDGE_CURVE('',#3796,#3796,#581,.T.);
#4730=EDGE_CURVE('',#3797,#3797,#582,.T.);
#4731=EDGE_CURVE('',#3797,#3798,#1992,.T.);
#4732=EDGE_CURVE('',#3798,#3798,#583,.T.);
#4733=EDGE_CURVE('',#3799,#3799,#584,.T.);
#4734=EDGE_CURVE('',#3799,#3800,#1993,.T.);
#4735=EDGE_CURVE('',#3800,#3800,#585,.T.);
#4736=EDGE_CURVE('',#3801,#3801,#586,.T.);
#4737=EDGE_CURVE('',#3801,#3802,#1994,.T.);
#4738=EDGE_CURVE('',#3803,#3802,#587,.T.);
#4739=EDGE_CURVE('',#3802,#3803,#588,.T.);
#4740=EDGE_CURVE('',#3739,#3797,#1995,.T.);
#4741=EDGE_CURVE('',#3738,#3795,#1996,.T.);
#4742=EDGE_CURVE('',#3737,#3801,#1997,.T.);
#4743=EDGE_CURVE('',#3736,#3799,#1998,.T.);
#4744=EDGE_CURVE('',#3804,#3722,#1999,.T.);
#4745=EDGE_CURVE('',#3804,#3685,#2000,.T.);
#4746=EDGE_CURVE('',#3805,#3725,#2001,.T.);
#4747=EDGE_CURVE('',#3805,#3706,#2002,.T.);
#4748=EDGE_CURVE('',#3806,#3724,#2003,.T.);
#4749=EDGE_CURVE('',#3806,#3660,#2004,.T.);
#4750=EDGE_CURVE('',#3638,#3806,#589,.T.);
#4751=EDGE_CURVE('',#3807,#3726,#2005,.T.);
#4752=EDGE_CURVE('',#3807,#3640,#2006,.T.);
#4753=EDGE_CURVE('',#3683,#3807,#590,.T.);
#4754=EDGE_CURVE('',#3808,#3808,#591,.T.);
#4755=EDGE_CURVE('',#3808,#3803,#2007,.T.);
#4756=EDGE_CURVE('',#3804,#3809,#592,.T.);
#4757=EDGE_CURVE('',#3809,#3718,#2008,.T.);
#4758=EDGE_CURVE('',#3809,#3720,#2009,.T.);
#4759=EDGE_CURVE('',#3796,#3810,#2010,.T.);
#4760=EDGE_CURVE('',#3810,#3810,#593,.T.);
#4761=EDGE_CURVE('',#3798,#3811,#2011,.T.);
#4762=EDGE_CURVE('',#3811,#3811,#594,.T.);
#4763=EDGE_CURVE('',#3658,#3805,#595,.T.);
#4764=EDGE_CURVE('',#3800,#3812,#2012,.T.);
#4765=EDGE_CURVE('',#3812,#3812,#596,.T.);
#4766=EDGE_CURVE('',#3813,#3813,#597,.T.);
#4767=EDGE_CURVE('',#3813,#3785,#2013,.T.);
#4768=EDGE_CURVE('',#3596,#3814,#2014,.T.);
#4769=EDGE_CURVE('',#3814,#3814,#598,.T.);
#4770=EDGE_CURVE('',#3815,#3816,#599,.T.);
#4771=EDGE_CURVE('',#3817,#3815,#2015,.T.);
#4772=EDGE_CURVE('',#3818,#3817,#600,.T.);
#4773=EDGE_CURVE('',#3819,#3818,#2016,.T.);
#4774=EDGE_CURVE('',#3820,#3819,#601,.T.);
#4775=EDGE_CURVE('',#3821,#3820,#2017,.T.);
#4776=EDGE_CURVE('',#3822,#3821,#602,.T.);
#4777=EDGE_CURVE('',#3816,#3822,#2018,.T.);
#4778=EDGE_CURVE('',#3620,#3823,#603,.T.);
#4779=EDGE_CURVE('',#3674,#3823,#2019,.T.);
#4780=EDGE_CURVE('',#3823,#3824,#2020,.T.);
#4781=EDGE_CURVE('',#3824,#3673,#2021,.T.);
#4782=EDGE_CURVE('',#3824,#3825,#604,.T.);
#4783=EDGE_CURVE('',#3672,#3825,#2022,.T.);
#4784=EDGE_CURVE('',#3825,#3627,#2023,.T.);
#4785=EDGE_CURVE('',#3610,#3826,#605,.T.);
#4786=EDGE_CURVE('',#3676,#3826,#2024,.T.);
#4787=EDGE_CURVE('',#3826,#3827,#2025,.T.);
#4788=EDGE_CURVE('',#3827,#3675,#2026,.T.);
#4789=EDGE_CURVE('',#3827,#3828,#606,.T.);
#4790=EDGE_CURVE('',#3677,#3828,#2027,.T.);
#4791=EDGE_CURVE('',#3828,#3617,#2028,.T.);
#4792=EDGE_CURVE('',#3780,#3829,#607,.T.);
#4793=EDGE_CURVE('',#3829,#3784,#2029,.T.);
#4794=EDGE_CURVE('',#3829,#3830,#2030,.T.);
#4795=EDGE_CURVE('',#3783,#3830,#2031,.T.);
#4796=EDGE_CURVE('',#3830,#3831,#608,.T.);
#4797=EDGE_CURVE('',#3782,#3831,#2032,.T.);
#4798=EDGE_CURVE('',#3831,#3629,#2033,.T.);
#4799=EDGE_CURVE('',#3790,#3832,#609,.T.);
#4800=EDGE_CURVE('',#3832,#3794,#2034,.T.);
#4801=EDGE_CURVE('',#3832,#3833,#2035,.T.);
#4802=EDGE_CURVE('',#3793,#3833,#2036,.T.);
#4803=EDGE_CURVE('',#3833,#3834,#610,.T.);
#4804=EDGE_CURVE('',#3792,#3834,#2037,.T.);
#4805=EDGE_CURVE('',#3834,#3605,#2038,.T.);
#4806=EDGE_CURVE('',#3771,#3835,#611,.T.);
#4807=EDGE_CURVE('',#3835,#3775,#2039,.T.);
#4808=EDGE_CURVE('',#3835,#3836,#2040,.T.);
#4809=EDGE_CURVE('',#3774,#3836,#2041,.T.);
#4810=EDGE_CURVE('',#3836,#3837,#612,.T.);
#4811=EDGE_CURVE('',#3773,#3837,#2042,.T.);
#4812=EDGE_CURVE('',#3837,#3601,#2043,.T.);
#4813=EDGE_CURVE('',#3598,#3838,#613,.T.);
#4814=EDGE_CURVE('',#3838,#3735,#2044,.T.);
#4815=EDGE_CURVE('',#3838,#3839,#2045,.T.);
#4816=EDGE_CURVE('',#3839,#3734,#2046,.T.);
#4817=EDGE_CURVE('',#3839,#3840,#614,.T.);
#4818=EDGE_CURVE('',#3840,#3733,#2047,.T.);
#4819=EDGE_CURVE('',#3840,#3731,#2048,.T.);
#4820=EDGE_CURVE('',#3729,#3820,#2049,.T.);
#4821=EDGE_CURVE('',#3727,#3821,#2050,.T.);
#4822=EDGE_CURVE('',#3597,#3822,#2051,.T.);
#4823=EDGE_CURVE('',#3598,#3816,#2052,.T.);
#4824=EDGE_CURVE('',#3838,#3815,#2053,.T.);
#4825=EDGE_CURVE('',#3817,#3839,#2054,.T.);
#4826=EDGE_CURVE('',#3840,#3818,#2055,.T.);
#4827=EDGE_CURVE('',#3731,#3819,#2056,.T.);
#4828=EDGE_CURVE('',#3841,#3842,#2057,.T.);
#4829=EDGE_CURVE('',#3842,#3843,#2058,.T.);
#4830=EDGE_CURVE('',#3843,#3844,#2059,.T.);
#4831=EDGE_CURVE('',#3844,#3841,#2060,.T.);
#4832=EDGE_CURVE('',#3845,#3845,#615,.T.);
#4833=EDGE_CURVE('',#3846,#3846,#616,.T.);
#4834=EDGE_CURVE('',#3847,#3847,#617,.T.);
#4835=EDGE_CURVE('',#3845,#3848,#2061,.T.);
#4836=EDGE_CURVE('',#3848,#3848,#618,.F.);
#4837=EDGE_CURVE('',#3846,#3849,#2062,.T.);
#4838=EDGE_CURVE('',#3849,#3849,#619,.F.);
#4839=EDGE_CURVE('',#3847,#3850,#2063,.T.);
#4840=EDGE_CURVE('',#3850,#3850,#620,.F.);
#4841=EDGE_CURVE('',#3851,#3852,#2064,.T.);
#4842=EDGE_CURVE('',#3853,#3852,#2065,.T.);
#4843=EDGE_CURVE('',#3853,#3854,#2066,.T.);
#4844=EDGE_CURVE('',#3854,#3851,#2067,.T.);
#4845=EDGE_CURVE('',#3854,#3855,#2068,.T.);
#4846=EDGE_CURVE('',#3855,#3856,#2069,.T.);
#4847=EDGE_CURVE('',#3856,#3851,#2070,.T.);
#4848=EDGE_CURVE('',#3857,#3853,#2071,.T.);
#4849=EDGE_CURVE('',#3858,#3857,#621,.T.);
#4850=EDGE_CURVE('',#3855,#3858,#2072,.T.);
#4851=EDGE_CURVE('',#3859,#3860,#2073,.T.);
#4852=EDGE_CURVE('',#3861,#3860,#2074,.T.);
#4853=EDGE_CURVE('',#3861,#3862,#2075,.T.);
#4854=EDGE_CURVE('',#3862,#3859,#2076,.T.);
#4855=EDGE_CURVE('',#3862,#3863,#2077,.T.);
#4856=EDGE_CURVE('',#3863,#3864,#2078,.T.);
#4857=EDGE_CURVE('',#3864,#3859,#2079,.T.);
#4858=EDGE_CURVE('',#3865,#3861,#2080,.T.);
#4859=EDGE_CURVE('',#3866,#3865,#622,.T.);
#4860=EDGE_CURVE('',#3863,#3866,#2081,.T.);
#4861=EDGE_CURVE('',#3867,#3868,#2082,.T.);
#4862=EDGE_CURVE('',#3868,#3869,#2083,.T.);
#4863=EDGE_CURVE('',#3869,#3870,#2084,.T.);
#4864=EDGE_CURVE('',#3867,#3870,#2085,.T.);
#4865=EDGE_CURVE('',#3871,#3869,#2086,.T.);
#4866=EDGE_CURVE('',#3868,#3872,#2087,.T.);
#4867=EDGE_CURVE('',#3872,#3871,#2088,.T.);
#4868=EDGE_CURVE('',#3873,#3867,#2089,.T.);
#4869=EDGE_CURVE('',#3874,#3873,#623,.T.);
#4870=EDGE_CURVE('',#3872,#3874,#2090,.T.);
#4871=EDGE_CURVE('',#3875,#3876,#2091,.T.);
#4872=EDGE_CURVE('',#3877,#3876,#2092,.T.);
#4873=EDGE_CURVE('',#3877,#3878,#2093,.T.);
#4874=EDGE_CURVE('',#3875,#3878,#2094,.T.);
#4875=EDGE_CURVE('',#3878,#3879,#2095,.T.);
#4876=EDGE_CURVE('',#3879,#3880,#2096,.T.);
#4877=EDGE_CURVE('',#3880,#3875,#2097,.T.);
#4878=EDGE_CURVE('',#3881,#3877,#2098,.T.);
#4879=EDGE_CURVE('',#3882,#3881,#624,.T.);
#4880=EDGE_CURVE('',#3879,#3882,#2099,.T.);
#4881=EDGE_CURVE('',#3883,#3884,#2100,.T.);
#4882=EDGE_CURVE('',#3884,#3885,#2101,.T.);
#4883=EDGE_CURVE('',#3885,#3886,#2102,.T.);
#4884=EDGE_CURVE('',#3886,#3887,#121,.T.);
#4885=EDGE_CURVE('',#3887,#3888,#122,.T.);
#4886=EDGE_CURVE('',#3888,#3889,#123,.T.);
#4887=EDGE_CURVE('',#3889,#3883,#124,.T.);
#4888=EDGE_CURVE('',#3890,#3891,#2103,.T.);
#4889=EDGE_CURVE('',#3891,#3892,#2104,.T.);
#4890=EDGE_CURVE('',#3892,#3893,#2105,.T.);
#4891=EDGE_CURVE('',#3893,#3894,#125,.T.);
#4892=EDGE_CURVE('',#3894,#3895,#126,.T.);
#4893=EDGE_CURVE('',#3895,#3896,#127,.T.);
#4894=EDGE_CURVE('',#3896,#3890,#128,.T.);
#4895=EDGE_CURVE('',#3897,#3898,#2106,.T.);
#4896=EDGE_CURVE('',#3898,#3899,#2107,.T.);
#4897=EDGE_CURVE('',#3899,#3900,#2108,.T.);
#4898=EDGE_CURVE('',#3900,#3901,#129,.T.);
#4899=EDGE_CURVE('',#3901,#3902,#130,.T.);
#4900=EDGE_CURVE('',#3902,#3903,#131,.T.);
#4901=EDGE_CURVE('',#3903,#3897,#132,.T.);
#4902=EDGE_CURVE('',#3851,#3904,#2109,.T.);
#4903=EDGE_CURVE('',#3904,#3905,#2110,.T.);
#4904=EDGE_CURVE('',#3852,#3905,#2111,.F.);
#4905=EDGE_CURVE('',#3852,#3906,#2112,.T.);
#4906=EDGE_CURVE('',#3857,#3906,#2113,.T.);
#4907=EDGE_CURVE('',#3858,#3907,#2114,.T.);
#4908=EDGE_CURVE('',#3906,#3907,#625,.T.);
#4909=EDGE_CURVE('',#3856,#3908,#2115,.T.);
#4910=EDGE_CURVE('',#3908,#3904,#2116,.T.);
#4911=EDGE_CURVE('',#3907,#3856,#2117,.T.);
#4912=EDGE_CURVE('',#3909,#3910,#2118,.T.);
#4913=EDGE_CURVE('',#3911,#3910,#2119,.T.);
#4914=EDGE_CURVE('',#3912,#3911,#2120,.T.);
#4915=EDGE_CURVE('',#3912,#3909,#2121,.T.);
#4916=EDGE_CURVE('',#3859,#3913,#2122,.F.);
#4917=EDGE_CURVE('',#3913,#3914,#2123,.T.);
#4918=EDGE_CURVE('',#3860,#3914,#2124,.F.);
#4919=EDGE_CURVE('',#3860,#3915,#2125,.T.);
#4920=EDGE_CURVE('',#3865,#3915,#2126,.T.);
#4921=EDGE_CURVE('',#3866,#3916,#2127,.T.);
#4922=EDGE_CURVE('',#3915,#3916,#626,.T.);
#4923=EDGE_CURVE('',#3864,#3917,#2128,.T.);
#4924=EDGE_CURVE('',#3917,#3913,#2129,.T.);
#4925=EDGE_CURVE('',#3916,#3864,#2130,.T.);
#4926=EDGE_CURVE('',#3918,#3919,#2131,.T.);
#4927=EDGE_CURVE('',#3919,#3920,#2132,.T.);
#4928=EDGE_CURVE('',#3920,#3921,#2133,.T.);
#4929=EDGE_CURVE('',#3918,#3921,#2134,.T.);
#4930=EDGE_CURVE('',#3869,#3922,#2135,.F.);
#4931=EDGE_CURVE('',#3922,#3923,#2136,.T.);
#4932=EDGE_CURVE('',#3870,#3923,#2137,.F.);
#4933=EDGE_CURVE('',#3870,#3924,#2138,.T.);
#4934=EDGE_CURVE('',#3873,#3924,#2139,.T.);
#4935=EDGE_CURVE('',#3874,#3925,#2140,.T.);
#4936=EDGE_CURVE('',#3924,#3925,#627,.T.);
#4937=EDGE_CURVE('',#3871,#3926,#2141,.T.);
#4938=EDGE_CURVE('',#3926,#3922,#2142,.T.);
#4939=EDGE_CURVE('',#3925,#3871,#2143,.T.);
#4940=EDGE_CURVE('',#3927,#3928,#2144,.T.);
#4941=EDGE_CURVE('',#3928,#3929,#2145,.T.);
#4942=EDGE_CURVE('',#3929,#3930,#2146,.T.);
#4943=EDGE_CURVE('',#3927,#3930,#2147,.T.);
#4944=EDGE_CURVE('',#3875,#3931,#2148,.F.);
#4945=EDGE_CURVE('',#3931,#3932,#2149,.T.);
#4946=EDGE_CURVE('',#3876,#3932,#2150,.F.);
#4947=EDGE_CURVE('',#3876,#3933,#2151,.T.);
#4948=EDGE_CURVE('',#3881,#3933,#2152,.T.);
#4949=EDGE_CURVE('',#3933,#3934,#628,.T.);
#4950=EDGE_CURVE('',#3882,#3934,#2153,.T.);
#4951=EDGE_CURVE('',#3880,#3935,#2154,.T.);
#4952=EDGE_CURVE('',#3935,#3931,#2155,.T.);
#4953=EDGE_CURVE('',#3934,#3880,#2156,.T.);
#4954=EDGE_CURVE('',#3936,#3937,#2157,.T.);
#4955=EDGE_CURVE('',#3938,#3937,#2158,.T.);
#4956=EDGE_CURVE('',#3938,#3939,#2159,.T.);
#4957=EDGE_CURVE('',#3939,#3936,#2160,.T.);
#4958=EDGE_CURVE('',#3940,#3941,#2161,.T.);
#4959=EDGE_CURVE('',#3942,#3940,#2162,.T.);
#4960=EDGE_CURVE('',#3943,#3942,#2163,.T.);
#4961=EDGE_CURVE('',#3943,#3941,#2164,.T.);
#4962=EDGE_CURVE('',#3885,#3944,#2165,.T.);
#4963=EDGE_CURVE('',#3944,#3945,#2166,.T.);
#4964=EDGE_CURVE('',#3886,#3945,#2167,.T.);
#4965=EDGE_CURVE('',#3945,#3946,#133,.T.);
#4966=EDGE_CURVE('',#3887,#3946,#2168,.T.);
#4967=EDGE_CURVE('',#3946,#3947,#134,.T.);
#4968=EDGE_CURVE('',#3888,#3947,#2169,.T.);
#4969=EDGE_CURVE('',#3947,#3948,#135,.T.);
#4970=EDGE_CURVE('',#3889,#3948,#2170,.T.);
#4971=EDGE_CURVE('',#3948,#3949,#136,.T.);
#4972=EDGE_CURVE('',#3883,#3949,#2171,.T.);
#4973=EDGE_CURVE('',#3949,#3950,#2172,.T.);
#4974=EDGE_CURVE('',#3884,#3950,#2173,.T.);
#4975=EDGE_CURVE('',#3950,#3944,#2174,.T.);
#4976=EDGE_CURVE('',#3892,#3951,#2175,.T.);
#4977=EDGE_CURVE('',#3951,#3952,#2176,.T.);
#4978=EDGE_CURVE('',#3893,#3952,#2177,.T.);
#4979=EDGE_CURVE('',#3952,#3953,#137,.T.);
#4980=EDGE_CURVE('',#3894,#3953,#2178,.T.);
#4981=EDGE_CURVE('',#3953,#3954,#138,.T.);
#4982=EDGE_CURVE('',#3895,#3954,#2179,.T.);
#4983=EDGE_CURVE('',#3954,#3955,#139,.T.);
#4984=EDGE_CURVE('',#3896,#3955,#2180,.T.);
#4985=EDGE_CURVE('',#3955,#3956,#140,.T.);
#4986=EDGE_CURVE('',#3890,#3956,#2181,.T.);
#4987=EDGE_CURVE('',#3956,#3957,#2182,.T.);
#4988=EDGE_CURVE('',#3891,#3957,#2183,.T.);
#4989=EDGE_CURVE('',#3957,#3951,#2184,.T.);
#4990=EDGE_CURVE('',#3899,#3958,#2185,.T.);
#4991=EDGE_CURVE('',#3958,#3959,#2186,.T.);
#4992=EDGE_CURVE('',#3900,#3959,#2187,.T.);
#4993=EDGE_CURVE('',#3959,#3960,#141,.T.);
#4994=EDGE_CURVE('',#3901,#3960,#2188,.T.);
#4995=EDGE_CURVE('',#3960,#3961,#142,.T.);
#4996=EDGE_CURVE('',#3902,#3961,#2189,.T.);
#4997=EDGE_CURVE('',#3961,#3962,#143,.T.);
#4998=EDGE_CURVE('',#3903,#3962,#2190,.T.);
#4999=EDGE_CURVE('',#3962,#3963,#144,.T.);
#5000=EDGE_CURVE('',#3897,#3963,#2191,.T.);
#5001=EDGE_CURVE('',#3963,#3964,#2192,.T.);
#5002=EDGE_CURVE('',#3898,#3964,#2193,.T.);
#5003=EDGE_CURVE('',#3964,#3958,#2194,.T.);
#5004=EDGE_CURVE('',#3965,#3966,#2195,.T.);
#5005=EDGE_CURVE('',#3965,#3967,#2196,.T.);
#5006=EDGE_CURVE('',#3968,#3967,#2197,.T.);
#5007=EDGE_CURVE('',#3968,#3940,#2198,.T.);
#5008=EDGE_CURVE('',#3941,#3966,#2199,.T.);
#5009=EDGE_CURVE('',#3967,#3969,#2200,.T.);
#5010=EDGE_CURVE('',#3969,#3970,#2201,.T.);
#5011=EDGE_CURVE('',#3970,#3968,#2202,.T.);
#5012=EDGE_CURVE('',#3971,#3972,#2203,.T.);
#5013=EDGE_CURVE('',#3971,#3973,#2204,.T.);
#5014=EDGE_CURVE('',#3973,#3974,#2205,.T.);
#5015=EDGE_CURVE('',#3974,#3970,#2206,.T.);
#5016=EDGE_CURVE('',#3969,#3972,#2207,.T.);
#5017=EDGE_CURVE('',#3972,#3965,#2208,.T.);
#5018=EDGE_CURVE('',#3966,#3971,#2209,.T.);
#5019=EDGE_CURVE('',#3975,#3976,#629,.T.);
#5020=EDGE_CURVE('',#3977,#3975,#2210,.T.);
#5021=EDGE_CURVE('',#3978,#3977,#630,.T.);
#5022=EDGE_CURVE('',#3979,#3978,#2211,.T.);
#5023=EDGE_CURVE('',#3980,#3979,#631,.T.);
#5024=EDGE_CURVE('',#3981,#3980,#2212,.T.);
#5025=EDGE_CURVE('',#3982,#3981,#632,.T.);
#5026=EDGE_CURVE('',#3976,#3982,#2213,.T.);
#5027=EDGE_CURVE('',#3920,#3917,#2214,.T.);
#5028=EDGE_CURVE('',#3919,#3923,#2215,.T.);
#5029=EDGE_CURVE('',#3929,#3926,#2216,.T.);
#5030=EDGE_CURVE('',#3928,#3932,#2217,.T.);
#5031=EDGE_CURVE('',#3936,#3935,#2218,.T.);
#5032=EDGE_CURVE('',#3939,#3905,#2219,.T.);
#5033=EDGE_CURVE('',#3909,#3908,#2220,.T.);
#5034=EDGE_CURVE('',#3912,#3914,#2221,.T.);
#5035=EDGE_CURVE('',#3983,#3938,#2222,.T.);
#5036=EDGE_CURVE('',#3984,#3983,#2223,.T.);
#5037=EDGE_CURVE('',#3906,#3984,#2224,.T.);
#5038=EDGE_CURVE('',#3985,#3984,#633,.T.);
#5039=EDGE_CURVE('',#3907,#3985,#2225,.T.);
#5040=EDGE_CURVE('',#3986,#3985,#2226,.T.);
#5041=EDGE_CURVE('',#3910,#3986,#2227,.T.);
#5042=EDGE_CURVE('',#3986,#3987,#2228,.T.);
#5043=EDGE_CURVE('',#3911,#3987,#2229,.T.);
#5044=EDGE_CURVE('',#3987,#3988,#2230,.T.);
#5045=EDGE_CURVE('',#3915,#3988,#2231,.T.);
#5046=EDGE_CURVE('',#3988,#3989,#634,.T.);
#5047=EDGE_CURVE('',#3916,#3989,#2232,.T.);
#5048=EDGE_CURVE('',#3989,#3990,#2233,.T.);
#5049=EDGE_CURVE('',#3990,#3921,#2234,.T.);
#5050=EDGE_CURVE('',#3991,#3918,#2235,.T.);
#5051=EDGE_CURVE('',#3990,#3991,#2236,.T.);
#5052=EDGE_CURVE('',#3992,#3991,#2237,.T.);
#5053=EDGE_CURVE('',#3924,#3992,#2238,.T.);
#5054=EDGE_CURVE('',#3993,#3992,#635,.T.);
#5055=EDGE_CURVE('',#3925,#3993,#2239,.T.);
#5056=EDGE_CURVE('',#3994,#3993,#2240,.T.);
#5057=EDGE_CURVE('',#3930,#3994,#2241,.T.);
#5058=EDGE_CURVE('',#3995,#3927,#2242,.T.);
#5059=EDGE_CURVE('',#3994,#3995,#2243,.T.);
#5060=EDGE_CURVE('',#3996,#3995,#2244,.T.);
#5061=EDGE_CURVE('',#3933,#3996,#2245,.T.);
#5062=EDGE_CURVE('',#3996,#3997,#636,.F.);
#5063=EDGE_CURVE('',#3997,#3934,#2246,.T.);
#5064=EDGE_CURVE('',#3998,#3997,#2247,.T.);
#5065=EDGE_CURVE('',#3937,#3998,#2248,.T.);
#5066=EDGE_CURVE('',#3942,#3999,#2249,.T.);
#5067=EDGE_CURVE('',#3999,#3983,#2250,.T.);
#5068=EDGE_CURVE('',#3998,#4000,#2251,.T.);
#5069=EDGE_CURVE('',#4000,#3943,#2252,.T.);
#5070=EDGE_CURVE('',#4001,#4000,#2253,.T.);
#5071=EDGE_CURVE('',#4001,#3973,#2254,.T.);
#5072=EDGE_CURVE('',#4002,#4001,#2255,.T.);
#5073=EDGE_CURVE('',#4002,#3974,#2256,.T.);
#5074=EDGE_CURVE('',#3999,#4002,#2257,.T.);
#5075=EDGE_CURVE('',#4003,#4004,#2258,.T.);
#5076=EDGE_CURVE('',#4003,#4005,#2259,.T.);
#5077=EDGE_CURVE('',#4006,#4005,#2260,.T.);
#5078=EDGE_CURVE('',#4004,#4006,#2261,.T.);
#5079=EDGE_CURVE('',#4007,#4003,#637,.T.);
#5080=EDGE_CURVE('',#4007,#4008,#2262,.T.);
#5081=EDGE_CURVE('',#4005,#4008,#638,.T.);
#5082=EDGE_CURVE('',#4009,#4007,#2263,.T.);
#5083=EDGE_CURVE('',#4009,#4010,#2264,.T.);
#5084=EDGE_CURVE('',#4008,#4010,#2265,.T.);
#5085=EDGE_CURVE('',#4011,#4009,#639,.T.);
#5086=EDGE_CURVE('',#4011,#4012,#2266,.T.);
#5087=EDGE_CURVE('',#4010,#4012,#640,.T.);
#5088=EDGE_CURVE('',#4013,#4014,#145,.T.);
#5089=EDGE_CURVE('',#4015,#4013,#146,.T.);
#5090=EDGE_CURVE('',#4016,#4015,#147,.T.);
#5091=EDGE_CURVE('',#4017,#4016,#148,.T.);
#5092=EDGE_CURVE('',#4018,#4017,#149,.T.);
#5093=EDGE_CURVE('',#4019,#4018,#150,.T.);
#5094=EDGE_CURVE('',#4020,#4019,#151,.T.);
#5095=EDGE_CURVE('',#4021,#4020,#152,.T.);
#5096=EDGE_CURVE('',#4022,#4021,#153,.T.);
#5097=EDGE_CURVE('',#4023,#4022,#154,.T.);
#5098=EDGE_CURVE('',#4024,#4023,#155,.T.);
#5099=EDGE_CURVE('',#4025,#4024,#156,.T.);
#5100=EDGE_CURVE('',#4026,#4025,#157,.T.);
#5101=EDGE_CURVE('',#4027,#4026,#158,.T.);
#5102=EDGE_CURVE('',#4028,#4027,#2267,.T.);
#5103=EDGE_CURVE('',#4029,#4028,#159,.T.);
#5104=EDGE_CURVE('',#4030,#4029,#160,.T.);
#5105=EDGE_CURVE('',#4031,#4030,#161,.T.);
#5106=EDGE_CURVE('',#4032,#4031,#162,.T.);
#5107=EDGE_CURVE('',#4033,#4032,#163,.T.);
#5108=EDGE_CURVE('',#4034,#4033,#164,.T.);
#5109=EDGE_CURVE('',#4035,#4034,#165,.T.);
#5110=EDGE_CURVE('',#4036,#4035,#166,.T.);
#5111=EDGE_CURVE('',#4037,#4036,#167,.T.);
#5112=EDGE_CURVE('',#4038,#4037,#168,.T.);
#5113=EDGE_CURVE('',#4039,#4038,#169,.T.);
#5114=EDGE_CURVE('',#4040,#4039,#170,.T.);
#5115=EDGE_CURVE('',#4041,#4040,#171,.T.);
#5116=EDGE_CURVE('',#4014,#4041,#2268,.T.);
#5117=EDGE_CURVE('',#4042,#4043,#172,.T.);
#5118=EDGE_CURVE('',#4044,#4042,#173,.T.);
#5119=EDGE_CURVE('',#4045,#4044,#174,.T.);
#5120=EDGE_CURVE('',#4046,#4045,#175,.T.);
#5121=EDGE_CURVE('',#4047,#4046,#176,.T.);
#5122=EDGE_CURVE('',#4048,#4047,#177,.T.);
#5123=EDGE_CURVE('',#4049,#4048,#178,.T.);
#5124=EDGE_CURVE('',#4050,#4049,#2269,.T.);
#5125=EDGE_CURVE('',#4051,#4050,#179,.T.);
#5126=EDGE_CURVE('',#4052,#4051,#180,.T.);
#5127=EDGE_CURVE('',#4053,#4052,#181,.T.);
#5128=EDGE_CURVE('',#4054,#4053,#182,.T.);
#5129=EDGE_CURVE('',#4055,#4054,#183,.T.);
#5130=EDGE_CURVE('',#4056,#4055,#184,.T.);
#5131=EDGE_CURVE('',#4057,#4056,#185,.T.);
#5132=EDGE_CURVE('',#4058,#4057,#2270,.T.);
#5133=EDGE_CURVE('',#4059,#4058,#186,.T.);
#5134=EDGE_CURVE('',#4060,#4059,#187,.T.);
#5135=EDGE_CURVE('',#4061,#4060,#188,.T.);
#5136=EDGE_CURVE('',#4062,#4061,#189,.T.);
#5137=EDGE_CURVE('',#4063,#4062,#190,.T.);
#5138=EDGE_CURVE('',#4064,#4063,#191,.T.);
#5139=EDGE_CURVE('',#4065,#4064,#192,.T.);
#5140=EDGE_CURVE('',#4066,#4065,#193,.T.);
#5141=EDGE_CURVE('',#4067,#4066,#194,.T.);
#5142=EDGE_CURVE('',#4068,#4067,#195,.T.);
#5143=EDGE_CURVE('',#4069,#4068,#196,.T.);
#5144=EDGE_CURVE('',#4070,#4069,#197,.T.);
#5145=EDGE_CURVE('',#4071,#4070,#198,.T.);
#5146=EDGE_CURVE('',#4072,#4071,#199,.T.);
#5147=EDGE_CURVE('',#4073,#4072,#200,.T.);
#5148=EDGE_CURVE('',#4043,#4073,#2271,.T.);
#5149=EDGE_CURVE('',#4074,#4075,#2272,.T.);
#5150=EDGE_CURVE('',#4076,#4074,#2273,.T.);
#5151=EDGE_CURVE('',#4077,#4076,#201,.T.);
#5152=EDGE_CURVE('',#4078,#4077,#202,.T.);
#5153=EDGE_CURVE('',#4079,#4078,#203,.T.);
#5154=EDGE_CURVE('',#4080,#4079,#204,.T.);
#5155=EDGE_CURVE('',#4081,#4080,#205,.T.);
#5156=EDGE_CURVE('',#4082,#4081,#206,.T.);
#5157=EDGE_CURVE('',#4083,#4082,#207,.T.);
#5158=EDGE_CURVE('',#4084,#4083,#208,.T.);
#5159=EDGE_CURVE('',#4085,#4084,#209,.T.);
#5160=EDGE_CURVE('',#4086,#4085,#210,.T.);
#5161=EDGE_CURVE('',#4087,#4086,#2274,.T.);
#5162=EDGE_CURVE('',#4088,#4087,#211,.T.);
#5163=EDGE_CURVE('',#4089,#4088,#212,.T.);
#5164=EDGE_CURVE('',#4090,#4089,#213,.T.);
#5165=EDGE_CURVE('',#4091,#4090,#214,.T.);
#5166=EDGE_CURVE('',#4092,#4091,#215,.T.);
#5167=EDGE_CURVE('',#4093,#4092,#216,.T.);
#5168=EDGE_CURVE('',#4094,#4093,#217,.T.);
#5169=EDGE_CURVE('',#4095,#4094,#218,.T.);
#5170=EDGE_CURVE('',#4075,#4095,#2275,.T.);
#5171=EDGE_CURVE('',#4096,#4097,#2276,.T.);
#5172=EDGE_CURVE('',#4098,#4096,#2277,.T.);
#5173=EDGE_CURVE('',#4099,#4098,#2278,.T.);
#5174=EDGE_CURVE('',#4100,#4099,#2279,.T.);
#5175=EDGE_CURVE('',#4101,#4100,#2280,.T.);
#5176=EDGE_CURVE('',#4102,#4101,#2281,.T.);
#5177=EDGE_CURVE('',#4103,#4102,#2282,.T.);
#5178=EDGE_CURVE('',#4104,#4103,#2283,.T.);
#5179=EDGE_CURVE('',#4105,#4104,#2284,.T.);
#5180=EDGE_CURVE('',#4106,#4105,#2285,.T.);
#5181=EDGE_CURVE('',#4107,#4106,#2286,.T.);
#5182=EDGE_CURVE('',#4097,#4107,#2287,.T.);
#5183=EDGE_CURVE('',#4108,#4109,#2288,.T.);
#5184=EDGE_CURVE('',#4110,#4108,#2289,.T.);
#5185=EDGE_CURVE('',#4111,#4110,#2290,.T.);
#5186=EDGE_CURVE('',#4112,#4111,#2291,.T.);
#5187=EDGE_CURVE('',#4113,#4112,#2292,.T.);
#5188=EDGE_CURVE('',#4114,#4113,#2293,.T.);
#5189=EDGE_CURVE('',#4109,#4114,#2294,.T.);
#5190=EDGE_CURVE('',#4115,#4116,#2295,.T.);
#5191=EDGE_CURVE('',#4117,#4115,#2296,.T.);
#5192=EDGE_CURVE('',#4118,#4117,#2297,.T.);
#5193=EDGE_CURVE('',#4116,#4118,#2298,.T.);
#5194=EDGE_CURVE('',#4119,#4120,#2299,.T.);
#5195=EDGE_CURVE('',#4121,#4119,#2300,.T.);
#5196=EDGE_CURVE('',#4122,#4121,#219,.T.);
#5197=EDGE_CURVE('',#4123,#4122,#220,.T.);
#5198=EDGE_CURVE('',#4124,#4123,#221,.T.);
#5199=EDGE_CURVE('',#4125,#4124,#222,.T.);
#5200=EDGE_CURVE('',#4126,#4125,#223,.T.);
#5201=EDGE_CURVE('',#4127,#4126,#224,.T.);
#5202=EDGE_CURVE('',#4128,#4127,#225,.T.);
#5203=EDGE_CURVE('',#4129,#4128,#226,.T.);
#5204=EDGE_CURVE('',#4130,#4129,#227,.T.);
#5205=EDGE_CURVE('',#4131,#4130,#228,.T.);
#5206=EDGE_CURVE('',#4120,#4131,#2301,.T.);
#5207=EDGE_CURVE('',#4132,#4133,#2302,.T.);
#5208=EDGE_CURVE('',#4134,#4132,#2303,.T.);
#5209=EDGE_CURVE('',#4135,#4134,#2304,.T.);
#5210=EDGE_CURVE('',#4136,#4135,#2305,.T.);
#5211=EDGE_CURVE('',#4137,#4136,#229,.T.);
#5212=EDGE_CURVE('',#4138,#4137,#230,.T.);
#5213=EDGE_CURVE('',#4139,#4138,#231,.T.);
#5214=EDGE_CURVE('',#4140,#4139,#232,.T.);
#5215=EDGE_CURVE('',#4133,#4140,#2306,.T.);
#5216=EDGE_CURVE('',#4141,#4142,#2307,.T.);
#5217=EDGE_CURVE('',#4143,#4141,#2308,.T.);
#5218=EDGE_CURVE('',#4144,#4143,#2309,.T.);
#5219=EDGE_CURVE('',#4145,#4144,#2310,.T.);
#5220=EDGE_CURVE('',#4146,#4145,#2311,.T.);
#5221=EDGE_CURVE('',#4147,#4146,#2312,.T.);
#5222=EDGE_CURVE('',#4148,#4147,#2313,.T.);
#5223=EDGE_CURVE('',#4149,#4148,#2314,.T.);
#5224=EDGE_CURVE('',#4150,#4149,#2315,.T.);
#5225=EDGE_CURVE('',#4151,#4150,#2316,.T.);
#5226=EDGE_CURVE('',#4152,#4151,#2317,.T.);
#5227=EDGE_CURVE('',#4142,#4152,#2318,.T.);
#5228=EDGE_CURVE('',#4153,#4154,#641,.T.);
#5229=EDGE_CURVE('',#4153,#4155,#2319,.T.);
#5230=EDGE_CURVE('',#4156,#4155,#642,.T.);
#5231=EDGE_CURVE('',#4154,#4156,#2320,.T.);
#5232=EDGE_CURVE('',#4157,#4153,#2321,.T.);
#5233=EDGE_CURVE('',#4157,#4158,#2322,.T.);
#5234=EDGE_CURVE('',#4155,#4158,#2323,.T.);
#5235=EDGE_CURVE('',#4159,#4157,#643,.T.);
#5236=EDGE_CURVE('',#4159,#4160,#2324,.T.);
#5237=EDGE_CURVE('',#4158,#4160,#644,.T.);
#5238=EDGE_CURVE('',#4161,#4159,#2325,.T.);
#5239=EDGE_CURVE('',#4161,#4162,#2326,.T.);
#5240=EDGE_CURVE('',#4160,#4162,#2327,.T.);
#5241=EDGE_CURVE('',#4163,#4161,#645,.T.);
#5242=EDGE_CURVE('',#4163,#4164,#2328,.T.);
#5243=EDGE_CURVE('',#4162,#4164,#646,.T.);
#5244=EDGE_CURVE('',#4165,#4163,#2329,.T.);
#5245=EDGE_CURVE('',#4165,#4166,#2330,.T.);
#5246=EDGE_CURVE('',#4164,#4166,#2331,.T.);
#5247=EDGE_CURVE('',#4167,#4165,#647,.T.);
#5248=EDGE_CURVE('',#4167,#4168,#2332,.T.);
#5249=EDGE_CURVE('',#4166,#4168,#648,.T.);
#5250=EDGE_CURVE('',#4154,#4167,#2333,.T.);
#5251=EDGE_CURVE('',#4168,#4156,#2334,.T.);
#5252=EDGE_CURVE('',#4169,#4170,#2335,.T.);
#5253=EDGE_CURVE('',#4170,#4171,#2336,.T.);
#5254=EDGE_CURVE('',#4171,#4172,#2337,.T.);
#5255=EDGE_CURVE('',#4172,#4169,#2338,.T.);
#5256=EDGE_CURVE('',#4173,#4174,#649,.T.);
#5257=EDGE_CURVE('',#3980,#4174,#2339,.T.);
#5258=EDGE_CURVE('',#3979,#4173,#2340,.T.);
#5259=EDGE_CURVE('',#4174,#4175,#2341,.T.);
#5260=EDGE_CURVE('',#3981,#4175,#2342,.T.);
#5261=EDGE_CURVE('',#4175,#4176,#650,.T.);
#5262=EDGE_CURVE('',#4176,#3982,#2343,.T.);
#5263=EDGE_CURVE('',#4176,#4177,#2344,.T.);
#5264=EDGE_CURVE('',#3976,#4177,#2345,.T.);
#5265=EDGE_CURVE('',#4177,#4178,#651,.T.);
#5266=EDGE_CURVE('',#3975,#4178,#2346,.T.);
#5267=EDGE_CURVE('',#4178,#4179,#2347,.T.);
#5268=EDGE_CURVE('',#3977,#4179,#2348,.T.);
#5269=EDGE_CURVE('',#4179,#4180,#652,.T.);
#5270=EDGE_CURVE('',#3978,#4180,#2349,.T.);
#5271=EDGE_CURVE('',#4180,#4173,#2350,.T.);
#5272=EDGE_CURVE('',#4181,#4181,#653,.T.);
#5273=EDGE_CURVE('',#4181,#4182,#2351,.T.);
#5274=EDGE_CURVE('',#4182,#4182,#654,.T.);
#5275=EDGE_CURVE('',#4183,#4184,#655,.T.);
#5276=EDGE_CURVE('',#4183,#4185,#2352,.T.);
#5277=EDGE_CURVE('',#4186,#4185,#656,.T.);
#5278=EDGE_CURVE('',#4184,#4186,#2353,.T.);
#5279=EDGE_CURVE('',#4187,#4183,#2354,.T.);
#5280=EDGE_CURVE('',#4187,#4188,#2355,.T.);
#5281=EDGE_CURVE('',#4185,#4188,#2356,.T.);
#5282=EDGE_CURVE('',#4189,#4187,#657,.T.);
#5283=EDGE_CURVE('',#4189,#4190,#2357,.T.);
#5284=EDGE_CURVE('',#4188,#4190,#658,.T.);
#5285=EDGE_CURVE('',#4191,#4189,#2358,.T.);
#5286=EDGE_CURVE('',#4191,#4192,#2359,.T.);
#5287=EDGE_CURVE('',#4190,#4192,#2360,.T.);
#5288=EDGE_CURVE('',#4193,#4191,#659,.T.);
#5289=EDGE_CURVE('',#4193,#4194,#2361,.T.);
#5290=EDGE_CURVE('',#4192,#4194,#660,.T.);
#5291=EDGE_CURVE('',#4195,#4193,#2362,.T.);
#5292=EDGE_CURVE('',#4195,#4196,#2363,.T.);
#5293=EDGE_CURVE('',#4194,#4196,#2364,.T.);
#5294=EDGE_CURVE('',#4197,#4195,#661,.T.);
#5295=EDGE_CURVE('',#4197,#4198,#2365,.T.);
#5296=EDGE_CURVE('',#4196,#4198,#662,.T.);
#5297=EDGE_CURVE('',#4184,#4197,#2366,.T.);
#5298=EDGE_CURVE('',#4198,#4186,#2367,.T.);
#5299=EDGE_CURVE('',#4199,#4200,#663,.T.);
#5300=EDGE_CURVE('',#4199,#4201,#2368,.T.);
#5301=EDGE_CURVE('',#4201,#4202,#664,.T.);
#5302=EDGE_CURVE('',#4202,#4200,#2369,.T.);
#5303=EDGE_CURVE('',#4203,#4199,#2370,.T.);
#5304=EDGE_CURVE('',#4204,#4203,#2371,.T.);
#5305=EDGE_CURVE('',#4201,#4204,#2372,.T.);
#5306=EDGE_CURVE('',#4205,#4203,#665,.T.);
#5307=EDGE_CURVE('',#4205,#4206,#2373,.T.);
#5308=EDGE_CURVE('',#4206,#4204,#666,.T.);
#5309=EDGE_CURVE('',#4207,#4205,#2374,.T.);
#5310=EDGE_CURVE('',#4208,#4207,#2375,.T.);
#5311=EDGE_CURVE('',#4206,#4208,#2376,.T.);
#5312=EDGE_CURVE('',#4209,#4207,#667,.T.);
#5313=EDGE_CURVE('',#4209,#4210,#2377,.T.);
#5314=EDGE_CURVE('',#4210,#4208,#668,.T.);
#5315=EDGE_CURVE('',#4211,#4209,#2378,.T.);
#5316=EDGE_CURVE('',#4212,#4211,#2379,.T.);
#5317=EDGE_CURVE('',#4210,#4212,#2380,.T.);
#5318=EDGE_CURVE('',#4213,#4211,#669,.T.);
#5319=EDGE_CURVE('',#4213,#4214,#2381,.T.);
#5320=EDGE_CURVE('',#4214,#4212,#670,.T.);
#5321=EDGE_CURVE('',#4200,#4213,#2382,.T.);
#5322=EDGE_CURVE('',#4214,#4202,#2383,.T.);
#5323=EDGE_CURVE('',#4215,#4216,#671,.T.);
#5324=EDGE_CURVE('',#4215,#4217,#2384,.T.);
#5325=EDGE_CURVE('',#4218,#4217,#672,.T.);
#5326=EDGE_CURVE('',#4216,#4218,#2385,.T.);
#5327=EDGE_CURVE('',#4219,#4215,#2386,.T.);
#5328=EDGE_CURVE('',#4219,#4220,#2387,.T.);
#5329=EDGE_CURVE('',#4217,#4220,#2388,.T.);
#5330=EDGE_CURVE('',#4221,#4219,#673,.T.);
#5331=EDGE_CURVE('',#4221,#4222,#2389,.T.);
#5332=EDGE_CURVE('',#4220,#4222,#674,.T.);
#5333=EDGE_CURVE('',#4223,#4221,#2390,.T.);
#5334=EDGE_CURVE('',#4223,#4224,#2391,.T.);
#5335=EDGE_CURVE('',#4222,#4224,#2392,.T.);
#5336=EDGE_CURVE('',#4225,#4223,#675,.T.);
#5337=EDGE_CURVE('',#4225,#4226,#2393,.T.);
#5338=EDGE_CURVE('',#4224,#4226,#676,.T.);
#5339=EDGE_CURVE('',#4227,#4225,#2394,.T.);
#5340=EDGE_CURVE('',#4227,#4228,#2395,.T.);
#5341=EDGE_CURVE('',#4226,#4228,#2396,.T.);
#5342=EDGE_CURVE('',#4229,#4227,#677,.T.);
#5343=EDGE_CURVE('',#4229,#4230,#2397,.T.);
#5344=EDGE_CURVE('',#4228,#4230,#678,.T.);
#5345=EDGE_CURVE('',#4216,#4229,#2398,.T.);
#5346=EDGE_CURVE('',#4230,#4218,#2399,.T.);
#5347=EDGE_CURVE('',#4231,#4011,#2400,.T.);
#5348=EDGE_CURVE('',#4231,#4232,#2401,.T.);
#5349=EDGE_CURVE('',#4012,#4232,#2402,.T.);
#5350=EDGE_CURVE('',#4233,#4234,#2403,.T.);
#5351=EDGE_CURVE('',#4234,#4006,#679,.T.);
#5352=EDGE_CURVE('',#4232,#4233,#680,.T.);
#5353=EDGE_CURVE('',#4004,#3844,#681,.T.);
#5354=EDGE_CURVE('',#3844,#4234,#2404,.T.);
#5355=EDGE_CURVE('',#4235,#4004,#2405,.T.);
#5356=EDGE_CURVE('',#4235,#4236,#2406,.T.);
#5357=EDGE_CURVE('',#4236,#4003,#2407,.T.);
#5358=EDGE_CURVE('',#4236,#4237,#682,.T.);
#5359=EDGE_CURVE('',#4237,#4007,#2408,.T.);
#5360=EDGE_CURVE('',#4237,#4238,#2409,.T.);
#5361=EDGE_CURVE('',#4009,#4238,#2410,.T.);
#5362=EDGE_CURVE('',#4238,#4239,#683,.T.);
#5363=EDGE_CURVE('',#4011,#4239,#2411,.T.);
#5364=EDGE_CURVE('',#4240,#4241,#233,.T.);
#5365=EDGE_CURVE('',#4240,#4016,#2412,.T.);
#5366=EDGE_CURVE('',#4241,#4015,#2413,.T.);
#5367=EDGE_CURVE('',#4242,#4240,#234,.T.);
#5368=EDGE_CURVE('',#4242,#4017,#2414,.T.);
#5369=EDGE_CURVE('',#4243,#4242,#235,.T.);
#5370=EDGE_CURVE('',#4243,#4018,#2415,.T.);
#5371=EDGE_CURVE('',#4244,#4243,#236,.T.);
#5372=EDGE_CURVE('',#4244,#4019,#2416,.T.);
#5373=EDGE_CURVE('',#4245,#4244,#237,.T.);
#5374=EDGE_CURVE('',#4245,#4020,#2417,.T.);
#5375=EDGE_CURVE('',#4246,#4245,#238,.T.);
#5376=EDGE_CURVE('',#4246,#4021,#2418,.T.);
#5377=EDGE_CURVE('',#4247,#4246,#239,.T.);
#5378=EDGE_CURVE('',#4247,#4022,#2419,.T.);
#5379=EDGE_CURVE('',#4248,#4247,#240,.T.);
#5380=EDGE_CURVE('',#4248,#4023,#2420,.T.);
#5381=EDGE_CURVE('',#4249,#4248,#241,.T.);
#5382=EDGE_CURVE('',#4249,#4024,#2421,.T.);
#5383=EDGE_CURVE('',#4250,#4249,#242,.T.);
#5384=EDGE_CURVE('',#4250,#4025,#2422,.T.);
#5385=EDGE_CURVE('',#4251,#4250,#243,.T.);
#5386=EDGE_CURVE('',#4251,#4026,#2423,.T.);
#5387=EDGE_CURVE('',#4252,#4251,#244,.T.);
#5388=EDGE_CURVE('',#4252,#4027,#2424,.T.);
#5389=EDGE_CURVE('',#4253,#4252,#2425,.T.);
#5390=EDGE_CURVE('',#4253,#4028,#2426,.T.);
#5391=EDGE_CURVE('',#4254,#4253,#245,.T.);
#5392=EDGE_CURVE('',#4254,#4029,#2427,.T.);
#5393=EDGE_CURVE('',#4255,#4254,#246,.T.);
#5394=EDGE_CURVE('',#4255,#4030,#2428,.T.);
#5395=EDGE_CURVE('',#4256,#4255,#247,.T.);
#5396=EDGE_CURVE('',#4256,#4031,#2429,.T.);
#5397=EDGE_CURVE('',#4257,#4256,#248,.T.);
#5398=EDGE_CURVE('',#4257,#4032,#2430,.T.);
#5399=EDGE_CURVE('',#4258,#4257,#249,.T.);
#5400=EDGE_CURVE('',#4258,#4033,#2431,.T.);
#5401=EDGE_CURVE('',#4259,#4258,#250,.T.);
#5402=EDGE_CURVE('',#4259,#4034,#2432,.T.);
#5403=EDGE_CURVE('',#4260,#4259,#251,.T.);
#5404=EDGE_CURVE('',#4260,#4035,#2433,.T.);
#5405=EDGE_CURVE('',#4261,#4260,#252,.T.);
#5406=EDGE_CURVE('',#4261,#4036,#2434,.T.);
#5407=EDGE_CURVE('',#4262,#4261,#253,.T.);
#5408=EDGE_CURVE('',#4262,#4037,#2435,.T.);
#5409=EDGE_CURVE('',#4263,#4262,#254,.T.);
#5410=EDGE_CURVE('',#4263,#4038,#2436,.T.);
#5411=EDGE_CURVE('',#4264,#4263,#255,.T.);
#5412=EDGE_CURVE('',#4264,#4039,#2437,.T.);
#5413=EDGE_CURVE('',#4265,#4264,#256,.T.);
#5414=EDGE_CURVE('',#4265,#4040,#2438,.T.);
#5415=EDGE_CURVE('',#4266,#4265,#257,.T.);
#5416=EDGE_CURVE('',#4266,#4041,#2439,.T.);
#5417=EDGE_CURVE('',#4267,#4266,#2440,.T.);
#5418=EDGE_CURVE('',#4267,#4014,#2441,.T.);
#5419=EDGE_CURVE('',#4268,#4267,#258,.T.);
#5420=EDGE_CURVE('',#4268,#4013,#2442,.T.);
#5421=EDGE_CURVE('',#4241,#4268,#259,.T.);
#5422=EDGE_CURVE('',#4269,#4270,#260,.T.);
#5423=EDGE_CURVE('',#4269,#4045,#2443,.T.);
#5424=EDGE_CURVE('',#4270,#4044,#2444,.T.);
#5425=EDGE_CURVE('',#4271,#4269,#261,.T.);
#5426=EDGE_CURVE('',#4271,#4046,#2445,.T.);
#5427=EDGE_CURVE('',#4272,#4271,#262,.T.);
#5428=EDGE_CURVE('',#4272,#4047,#2446,.T.);
#5429=EDGE_CURVE('',#4273,#4272,#263,.T.);
#5430=EDGE_CURVE('',#4273,#4048,#2447,.T.);
#5431=EDGE_CURVE('',#4274,#4273,#264,.T.);
#5432=EDGE_CURVE('',#4274,#4049,#2448,.T.);
#5433=EDGE_CURVE('',#4275,#4274,#2449,.T.);
#5434=EDGE_CURVE('',#4275,#4050,#2450,.T.);
#5435=EDGE_CURVE('',#4276,#4275,#265,.T.);
#5436=EDGE_CURVE('',#4276,#4051,#2451,.T.);
#5437=EDGE_CURVE('',#4277,#4276,#266,.T.);
#5438=EDGE_CURVE('',#4277,#4052,#2452,.T.);
#5439=EDGE_CURVE('',#4278,#4277,#267,.T.);
#5440=EDGE_CURVE('',#4278,#4053,#2453,.T.);
#5441=EDGE_CURVE('',#4279,#4278,#268,.T.);
#5442=EDGE_CURVE('',#4279,#4054,#2454,.T.);
#5443=EDGE_CURVE('',#4280,#4279,#269,.T.);
#5444=EDGE_CURVE('',#4280,#4055,#2455,.T.);
#5445=EDGE_CURVE('',#4281,#4280,#270,.T.);
#5446=EDGE_CURVE('',#4281,#4056,#2456,.T.);
#5447=EDGE_CURVE('',#4282,#4281,#271,.T.);
#5448=EDGE_CURVE('',#4282,#4057,#2457,.T.);
#5449=EDGE_CURVE('',#4283,#4282,#2458,.T.);
#5450=EDGE_CURVE('',#4283,#4058,#2459,.T.);
#5451=EDGE_CURVE('',#4284,#4283,#272,.T.);
#5452=EDGE_CURVE('',#4284,#4059,#2460,.T.);
#5453=EDGE_CURVE('',#4285,#4284,#273,.T.);
#5454=EDGE_CURVE('',#4285,#4060,#2461,.T.);
#5455=EDGE_CURVE('',#4286,#4285,#274,.T.);
#5456=EDGE_CURVE('',#4286,#4061,#2462,.T.);
#5457=EDGE_CURVE('',#4287,#4286,#275,.T.);
#5458=EDGE_CURVE('',#4287,#4062,#2463,.T.);
#5459=EDGE_CURVE('',#4288,#4287,#276,.T.);
#5460=EDGE_CURVE('',#4288,#4063,#2464,.T.);
#5461=EDGE_CURVE('',#4289,#4288,#277,.T.);
#5462=EDGE_CURVE('',#4289,#4064,#2465,.T.);
#5463=EDGE_CURVE('',#4290,#4289,#278,.T.);
#5464=EDGE_CURVE('',#4290,#4065,#2466,.T.);
#5465=EDGE_CURVE('',#4291,#4290,#279,.T.);
#5466=EDGE_CURVE('',#4291,#4066,#2467,.T.);
#5467=EDGE_CURVE('',#4292,#4291,#280,.T.);
#5468=EDGE_CURVE('',#4292,#4067,#2468,.T.);
#5469=EDGE_CURVE('',#4293,#4292,#281,.T.);
#5470=EDGE_CURVE('',#4293,#4068,#2469,.T.);
#5471=EDGE_CURVE('',#4294,#4293,#282,.T.);
#5472=EDGE_CURVE('',#4294,#4069,#2470,.T.);
#5473=EDGE_CURVE('',#4295,#4294,#283,.T.);
#5474=EDGE_CURVE('',#4295,#4070,#2471,.T.);
#5475=EDGE_CURVE('',#4296,#4295,#284,.T.);
#5476=EDGE_CURVE('',#4296,#4071,#2472,.T.);
#5477=EDGE_CURVE('',#4297,#4296,#285,.T.);
#5478=EDGE_CURVE('',#4297,#4072,#2473,.T.);
#5479=EDGE_CURVE('',#4298,#4297,#286,.T.);
#5480=EDGE_CURVE('',#4298,#4073,#2474,.T.);
#5481=EDGE_CURVE('',#4299,#4298,#2475,.T.);
#5482=EDGE_CURVE('',#4299,#4043,#2476,.T.);
#5483=EDGE_CURVE('',#4300,#4299,#287,.T.);
#5484=EDGE_CURVE('',#4300,#4042,#2477,.T.);
#5485=EDGE_CURVE('',#4270,#4300,#288,.T.);
#5486=EDGE_CURVE('',#4301,#4302,#289,.T.);
#5487=EDGE_CURVE('',#4301,#4077,#2478,.T.);
#5488=EDGE_CURVE('',#4302,#4076,#2479,.T.);
#5489=EDGE_CURVE('',#4303,#4301,#290,.T.);
#5490=EDGE_CURVE('',#4303,#4078,#2480,.T.);
#5491=EDGE_CURVE('',#4304,#4303,#291,.T.);
#5492=EDGE_CURVE('',#4304,#4079,#2481,.T.);
#5493=EDGE_CURVE('',#4305,#4304,#292,.T.);
#5494=EDGE_CURVE('',#4305,#4080,#2482,.T.);
#5495=EDGE_CURVE('',#4306,#4305,#293,.T.);
#5496=EDGE_CURVE('',#4306,#4081,#2483,.T.);
#5497=EDGE_CURVE('',#4307,#4306,#294,.T.);
#5498=EDGE_CURVE('',#4307,#4082,#2484,.T.);
#5499=EDGE_CURVE('',#4308,#4307,#295,.T.);
#5500=EDGE_CURVE('',#4308,#4083,#2485,.T.);
#5501=EDGE_CURVE('',#4309,#4308,#296,.T.);
#5502=EDGE_CURVE('',#4309,#4084,#2486,.T.);
#5503=EDGE_CURVE('',#4310,#4309,#297,.T.);
#5504=EDGE_CURVE('',#4310,#4085,#2487,.T.);
#5505=EDGE_CURVE('',#4311,#4310,#298,.T.);
#5506=EDGE_CURVE('',#4311,#4086,#2488,.T.);
#5507=EDGE_CURVE('',#4312,#4311,#2489,.T.);
#5508=EDGE_CURVE('',#4312,#4087,#2490,.T.);
#5509=EDGE_CURVE('',#4313,#4312,#299,.T.);
#5510=EDGE_CURVE('',#4313,#4088,#2491,.T.);
#5511=EDGE_CURVE('',#4314,#4313,#300,.T.);
#5512=EDGE_CURVE('',#4314,#4089,#2492,.T.);
#5513=EDGE_CURVE('',#4315,#4314,#301,.T.);
#5514=EDGE_CURVE('',#4315,#4090,#2493,.T.);
#5515=EDGE_CURVE('',#4316,#4315,#302,.T.);
#5516=EDGE_CURVE('',#4316,#4091,#2494,.T.);
#5517=EDGE_CURVE('',#4317,#4316,#303,.T.);
#5518=EDGE_CURVE('',#4317,#4092,#2495,.T.);
#5519=EDGE_CURVE('',#4318,#4317,#304,.T.);
#5520=EDGE_CURVE('',#4318,#4093,#2496,.T.);
#5521=EDGE_CURVE('',#4319,#4318,#305,.T.);
#5522=EDGE_CURVE('',#4319,#4094,#2497,.T.);
#5523=EDGE_CURVE('',#4320,#4319,#306,.T.);
#5524=EDGE_CURVE('',#4320,#4095,#2498,.T.);
#5525=EDGE_CURVE('',#4321,#4320,#2499,.T.);
#5526=EDGE_CURVE('',#4321,#4075,#2500,.T.);
#5527=EDGE_CURVE('',#4322,#4321,#2501,.T.);
#5528=EDGE_CURVE('',#4322,#4074,#2502,.T.);
#5529=EDGE_CURVE('',#4302,#4322,#2503,.T.);
#5530=EDGE_CURVE('',#4323,#4324,#2504,.T.);
#5531=EDGE_CURVE('',#4323,#4099,#2505,.T.);
#5532=EDGE_CURVE('',#4324,#4098,#2506,.T.);
#5533=EDGE_CURVE('',#4325,#4323,#2507,.T.);
#5534=EDGE_CURVE('',#4325,#4100,#2508,.T.);
#5535=EDGE_CURVE('',#4326,#4325,#2509,.T.);
#5536=EDGE_CURVE('',#4326,#4101,#2510,.T.);
#5537=EDGE_CURVE('',#4327,#4326,#2511,.T.);
#5538=EDGE_CURVE('',#4327,#4102,#2512,.T.);
#5539=EDGE_CURVE('',#4328,#4327,#2513,.T.);
#5540=EDGE_CURVE('',#4328,#4103,#2514,.T.);
#5541=EDGE_CURVE('',#4329,#4328,#2515,.T.);
#5542=EDGE_CURVE('',#4329,#4104,#2516,.T.);
#5543=EDGE_CURVE('',#4330,#4329,#2517,.T.);
#5544=EDGE_CURVE('',#4330,#4105,#2518,.T.);
#5545=EDGE_CURVE('',#4331,#4330,#2519,.T.);
#5546=EDGE_CURVE('',#4331,#4106,#2520,.T.);
#5547=EDGE_CURVE('',#4332,#4331,#2521,.T.);
#5548=EDGE_CURVE('',#4332,#4107,#2522,.T.);
#5549=EDGE_CURVE('',#4333,#4332,#2523,.T.);
#5550=EDGE_CURVE('',#4333,#4097,#2524,.T.);
#5551=EDGE_CURVE('',#4334,#4333,#2525,.T.);
#5552=EDGE_CURVE('',#4334,#4096,#2526,.T.);
#5553=EDGE_CURVE('',#4324,#4334,#2527,.T.);
#5554=EDGE_CURVE('',#4335,#4336,#2528,.T.);
#5555=EDGE_CURVE('',#4335,#4111,#2529,.T.);
#5556=EDGE_CURVE('',#4336,#4110,#2530,.T.);
#5557=EDGE_CURVE('',#4337,#4335,#2531,.T.);
#5558=EDGE_CURVE('',#4337,#4112,#2532,.T.);
#5559=EDGE_CURVE('',#4338,#4337,#2533,.T.);
#5560=EDGE_CURVE('',#4338,#4113,#2534,.T.);
#5561=EDGE_CURVE('',#4339,#4338,#2535,.T.);
#5562=EDGE_CURVE('',#4339,#4114,#2536,.T.);
#5563=EDGE_CURVE('',#4340,#4339,#2537,.T.);
#5564=EDGE_CURVE('',#4340,#4109,#2538,.T.);
#5565=EDGE_CURVE('',#4341,#4340,#2539,.T.);
#5566=EDGE_CURVE('',#4341,#4108,#2540,.T.);
#5567=EDGE_CURVE('',#4336,#4341,#2541,.T.);
#5568=EDGE_CURVE('',#4342,#4343,#2542,.T.);
#5569=EDGE_CURVE('',#4342,#4118,#2543,.T.);
#5570=EDGE_CURVE('',#4343,#4117,#2544,.T.);
#5571=EDGE_CURVE('',#4344,#4342,#2545,.T.);
#5572=EDGE_CURVE('',#4344,#4116,#2546,.T.);
#5573=EDGE_CURVE('',#4345,#4344,#2547,.T.);
#5574=EDGE_CURVE('',#4345,#4115,#2548,.T.);
#5575=EDGE_CURVE('',#4343,#4345,#2549,.T.);
#5576=EDGE_CURVE('',#4346,#4347,#307,.T.);
#5577=EDGE_CURVE('',#4346,#4122,#2550,.T.);
#5578=EDGE_CURVE('',#4347,#4121,#2551,.T.);
#5579=EDGE_CURVE('',#4348,#4346,#308,.T.);
#5580=EDGE_CURVE('',#4348,#4123,#2552,.T.);
#5581=EDGE_CURVE('',#4349,#4348,#309,.T.);
#5582=EDGE_CURVE('',#4349,#4124,#2553,.T.);
#5583=EDGE_CURVE('',#4350,#4349,#310,.T.);
#5584=EDGE_CURVE('',#4350,#4125,#2554,.T.);
#5585=EDGE_CURVE('',#4351,#4350,#311,.T.);
#5586=EDGE_CURVE('',#4351,#4126,#2555,.T.);
#5587=EDGE_CURVE('',#4352,#4351,#312,.T.);
#5588=EDGE_CURVE('',#4352,#4127,#2556,.T.);
#5589=EDGE_CURVE('',#4353,#4352,#313,.T.);
#5590=EDGE_CURVE('',#4353,#4128,#2557,.T.);
#5591=EDGE_CURVE('',#4354,#4353,#314,.T.);
#5592=EDGE_CURVE('',#4354,#4129,#2558,.T.);
#5593=EDGE_CURVE('',#4355,#4354,#315,.T.);
#5594=EDGE_CURVE('',#4355,#4130,#2559,.T.);
#5595=EDGE_CURVE('',#4356,#4355,#316,.T.);
#5596=EDGE_CURVE('',#4356,#4131,#2560,.T.);
#5597=EDGE_CURVE('',#4357,#4356,#2561,.T.);
#5598=EDGE_CURVE('',#4357,#4120,#2562,.T.);
#5599=EDGE_CURVE('',#4358,#4357,#2563,.T.);
#5600=EDGE_CURVE('',#4358,#4119,#2564,.T.);
#5601=EDGE_CURVE('',#4347,#4358,#2565,.T.);
#5602=EDGE_CURVE('',#4359,#4360,#2566,.T.);
#5603=EDGE_CURVE('',#4359,#4135,#2567,.T.);
#5604=EDGE_CURVE('',#4360,#4134,#2568,.T.);
#5605=EDGE_CURVE('',#4361,#4359,#2569,.T.);
#5606=EDGE_CURVE('',#4361,#4136,#2570,.T.);
#5607=EDGE_CURVE('',#4362,#4361,#317,.T.);
#5608=EDGE_CURVE('',#4362,#4137,#2571,.T.);
#5609=EDGE_CURVE('',#4363,#4362,#318,.T.);
#5610=EDGE_CURVE('',#4363,#4138,#2572,.T.);
#5611=EDGE_CURVE('',#4364,#4363,#319,.T.);
#5612=EDGE_CURVE('',#4364,#4139,#2573,.T.);
#5613=EDGE_CURVE('',#4365,#4364,#320,.T.);
#5614=EDGE_CURVE('',#4365,#4140,#2574,.T.);
#5615=EDGE_CURVE('',#4366,#4365,#2575,.T.);
#5616=EDGE_CURVE('',#4366,#4133,#2576,.T.);
#5617=EDGE_CURVE('',#4367,#4366,#2577,.T.);
#5618=EDGE_CURVE('',#4367,#4132,#2578,.T.);
#5619=EDGE_CURVE('',#4360,#4367,#2579,.T.);
#5620=EDGE_CURVE('',#4368,#4369,#2580,.T.);
#5621=EDGE_CURVE('',#4368,#4144,#2581,.T.);
#5622=EDGE_CURVE('',#4369,#4143,#2582,.T.);
#5623=EDGE_CURVE('',#4370,#4368,#2583,.T.);
#5624=EDGE_CURVE('',#4370,#4145,#2584,.T.);
#5625=EDGE_CURVE('',#4371,#4370,#2585,.T.);
#5626=EDGE_CURVE('',#4371,#4146,#2586,.T.);
#5627=EDGE_CURVE('',#4372,#4371,#2587,.T.);
#5628=EDGE_CURVE('',#4372,#4147,#2588,.T.);
#5629=EDGE_CURVE('',#4373,#4372,#2589,.T.);
#5630=EDGE_CURVE('',#4373,#4148,#2590,.T.);
#5631=EDGE_CURVE('',#4374,#4373,#2591,.T.);
#5632=EDGE_CURVE('',#4374,#4149,#2592,.T.);
#5633=EDGE_CURVE('',#4375,#4374,#2593,.T.);
#5634=EDGE_CURVE('',#4375,#4150,#2594,.T.);
#5635=EDGE_CURVE('',#4376,#4375,#2595,.T.);
#5636=EDGE_CURVE('',#4376,#4151,#2596,.T.);
#5637=EDGE_CURVE('',#4377,#4376,#2597,.T.);
#5638=EDGE_CURVE('',#4377,#4152,#2598,.T.);
#5639=EDGE_CURVE('',#4378,#4377,#2599,.T.);
#5640=EDGE_CURVE('',#4378,#4142,#2600,.T.);
#5641=EDGE_CURVE('',#4379,#4378,#2601,.T.);
#5642=EDGE_CURVE('',#4379,#4141,#2602,.T.);
#5643=EDGE_CURVE('',#4369,#4379,#2603,.T.);
#5644=EDGE_CURVE('',#4380,#4154,#2604,.T.);
#5645=EDGE_CURVE('',#4380,#4381,#684,.T.);
#5646=EDGE_CURVE('',#4381,#4153,#2605,.T.);
#5647=EDGE_CURVE('',#4381,#4382,#2606,.T.);
#5648=EDGE_CURVE('',#4382,#4157,#2607,.T.);
#5649=EDGE_CURVE('',#4382,#4383,#685,.T.);
#5650=EDGE_CURVE('',#4383,#4159,#2608,.T.);
#5651=EDGE_CURVE('',#4383,#4384,#2609,.T.);
#5652=EDGE_CURVE('',#4161,#4384,#2610,.T.);
#5653=EDGE_CURVE('',#4384,#4385,#686,.T.);
#5654=EDGE_CURVE('',#4163,#4385,#2611,.T.);
#5655=EDGE_CURVE('',#4385,#4386,#2612,.T.);
#5656=EDGE_CURVE('',#4165,#4386,#2613,.T.);
#5657=EDGE_CURVE('',#4386,#4387,#687,.T.);
#5658=EDGE_CURVE('',#4167,#4387,#2614,.T.);
#5659=EDGE_CURVE('',#4387,#4380,#2615,.T.);
#5660=EDGE_CURVE('',#4171,#4388,#2616,.F.);
#5661=EDGE_CURVE('',#4388,#4389,#2617,.T.);
#5662=EDGE_CURVE('',#4389,#4172,#2618,.F.);
#5663=EDGE_CURVE('',#4389,#4390,#2619,.T.);
#5664=EDGE_CURVE('',#4169,#4390,#2620,.F.);
#5665=EDGE_CURVE('',#4390,#4391,#2621,.T.);
#5666=EDGE_CURVE('',#4391,#4170,#2622,.F.);
#5667=EDGE_CURVE('',#4391,#4388,#2623,.T.);
#5668=EDGE_CURVE('',#4392,#4173,#2624,.T.);
#5669=EDGE_CURVE('',#4392,#4393,#688,.T.);
#5670=EDGE_CURVE('',#4174,#4393,#2625,.T.);
#5671=EDGE_CURVE('',#4393,#4394,#2626,.T.);
#5672=EDGE_CURVE('',#4175,#4394,#2627,.T.);
#5673=EDGE_CURVE('',#4394,#4395,#689,.T.);
#5674=EDGE_CURVE('',#4176,#4395,#2628,.T.);
#5675=EDGE_CURVE('',#4395,#4396,#2629,.T.);
#5676=EDGE_CURVE('',#4177,#4396,#2630,.T.);
#5677=EDGE_CURVE('',#4396,#4397,#690,.T.);
#5678=EDGE_CURVE('',#4178,#4397,#2631,.T.);
#5679=EDGE_CURVE('',#4397,#4398,#2632,.T.);
#5680=EDGE_CURVE('',#4179,#4398,#2633,.T.);
#5681=EDGE_CURVE('',#4398,#4399,#691,.T.);
#5682=EDGE_CURVE('',#4180,#4399,#2634,.T.);
#5683=EDGE_CURVE('',#4399,#4392,#2635,.T.);
#5684=EDGE_CURVE('',#4400,#4400,#692,.T.);
#5685=EDGE_CURVE('',#4400,#4181,#2636,.T.);
#5686=EDGE_CURVE('',#4401,#4184,#2637,.T.);
#5687=EDGE_CURVE('',#4401,#4402,#693,.T.);
#5688=EDGE_CURVE('',#4402,#4183,#2638,.T.);
#5689=EDGE_CURVE('',#4402,#4403,#2639,.T.);
#5690=EDGE_CURVE('',#4403,#4187,#2640,.T.);
#5691=EDGE_CURVE('',#4403,#4404,#694,.T.);
#5692=EDGE_CURVE('',#4404,#4189,#2641,.T.);
#5693=EDGE_CURVE('',#4404,#4405,#2642,.T.);
#5694=EDGE_CURVE('',#4191,#4405,#2643,.T.);
#5695=EDGE_CURVE('',#4405,#4406,#695,.T.);
#5696=EDGE_CURVE('',#4193,#4406,#2644,.T.);
#5697=EDGE_CURVE('',#4406,#4407,#2645,.T.);
#5698=EDGE_CURVE('',#4195,#4407,#2646,.T.);
#5699=EDGE_CURVE('',#4407,#4408,#696,.T.);
#5700=EDGE_CURVE('',#4197,#4408,#2647,.T.);
#5701=EDGE_CURVE('',#4408,#4401,#2648,.T.);
#5702=EDGE_CURVE('',#4409,#4199,#2649,.T.);
#5703=EDGE_CURVE('',#4410,#4200,#2650,.T.);
#5704=EDGE_CURVE('',#4410,#4409,#697,.T.);
#5705=EDGE_CURVE('',#4409,#4411,#2651,.T.);
#5706=EDGE_CURVE('',#4411,#4203,#2652,.T.);
#5707=EDGE_CURVE('',#4412,#4205,#2653,.T.);
#5708=EDGE_CURVE('',#4411,#4412,#698,.T.);
#5709=EDGE_CURVE('',#4412,#4413,#2654,.T.);
#5710=EDGE_CURVE('',#4207,#4413,#2655,.T.);
#5711=EDGE_CURVE('',#4209,#4414,#2656,.T.);
#5712=EDGE_CURVE('',#4413,#4414,#699,.T.);
#5713=EDGE_CURVE('',#4414,#4415,#2657,.T.);
#5714=EDGE_CURVE('',#4211,#4415,#2658,.T.);
#5715=EDGE_CURVE('',#4213,#4416,#2659,.T.);
#5716=EDGE_CURVE('',#4415,#4416,#700,.T.);
#5717=EDGE_CURVE('',#4416,#4410,#2660,.T.);
#5718=EDGE_CURVE('',#4417,#4216,#2661,.T.);
#5719=EDGE_CURVE('',#4417,#4418,#701,.T.);
#5720=EDGE_CURVE('',#4418,#4215,#2662,.T.);
#5721=EDGE_CURVE('',#4418,#4419,#2663,.T.);
#5722=EDGE_CURVE('',#4419,#4219,#2664,.T.);
#5723=EDGE_CURVE('',#4419,#4420,#702,.T.);
#5724=EDGE_CURVE('',#4420,#4221,#2665,.T.);
#5725=EDGE_CURVE('',#4420,#4421,#2666,.T.);
#5726=EDGE_CURVE('',#4223,#4421,#2667,.T.);
#5727=EDGE_CURVE('',#4421,#4422,#703,.T.);
#5728=EDGE_CURVE('',#4225,#4422,#2668,.T.);
#5729=EDGE_CURVE('',#4422,#4423,#2669,.T.);
#5730=EDGE_CURVE('',#4227,#4423,#2670,.T.);
#5731=EDGE_CURVE('',#4423,#4424,#704,.T.);
#5732=EDGE_CURVE('',#4229,#4424,#2671,.T.);
#5733=EDGE_CURVE('',#4424,#4417,#2672,.T.);
#5734=EDGE_CURVE('',#3841,#4231,#705,.T.);
#5735=EDGE_CURVE('',#3841,#4233,#2673,.T.);
#5736=EDGE_CURVE('',#4239,#4425,#2674,.T.);
#5737=EDGE_CURVE('',#4231,#4425,#2675,.T.);
#5738=EDGE_CURVE('',#3843,#4235,#706,.T.);
#5739=EDGE_CURVE('',#4425,#3842,#707,.T.);
#5740=ORIENTED_EDGE('',*,*,#4426,.F.);
#5741=ORIENTED_EDGE('',*,*,#4427,.F.);
#5742=ORIENTED_EDGE('',*,*,#4428,.F.);
#5743=ORIENTED_EDGE('',*,*,#4429,.F.);
#5744=ORIENTED_EDGE('',*,*,#4430,.F.);
#5745=ORIENTED_EDGE('',*,*,#4431,.F.);
#5746=ORIENTED_EDGE('',*,*,#4432,.F.);
#5747=ORIENTED_EDGE('',*,*,#4433,.F.);
#5748=ORIENTED_EDGE('',*,*,#4434,.T.);
#5749=ORIENTED_EDGE('',*,*,#4435,.T.);
#5750=ORIENTED_EDGE('',*,*,#4436,.F.);
#5751=ORIENTED_EDGE('',*,*,#4437,.F.);
#5752=ORIENTED_EDGE('',*,*,#4438,.F.);
#5753=ORIENTED_EDGE('',*,*,#4439,.T.);
#5754=ORIENTED_EDGE('',*,*,#4440,.T.);
#5755=ORIENTED_EDGE('',*,*,#4441,.F.);
#5756=ORIENTED_EDGE('',*,*,#4442,.F.);
#5757=ORIENTED_EDGE('',*,*,#4443,.T.);
#5758=ORIENTED_EDGE('',*,*,#4444,.T.);
#5759=ORIENTED_EDGE('',*,*,#4445,.F.);
#5760=ORIENTED_EDGE('',*,*,#4446,.F.);
#5761=ORIENTED_EDGE('',*,*,#4447,.F.);
#5762=ORIENTED_EDGE('',*,*,#4448,.F.);
#5763=ORIENTED_EDGE('',*,*,#4449,.F.);
#5764=ORIENTED_EDGE('',*,*,#4450,.T.);
#5765=ORIENTED_EDGE('',*,*,#4451,.T.);
#5766=ORIENTED_EDGE('',*,*,#4446,.T.);
#5767=ORIENTED_EDGE('',*,*,#4452,.F.);
#5768=ORIENTED_EDGE('',*,*,#4453,.F.);
#5769=ORIENTED_EDGE('',*,*,#4454,.F.);
#5770=ORIENTED_EDGE('',*,*,#4450,.F.);
#5771=ORIENTED_EDGE('',*,*,#4455,.F.);
#5772=ORIENTED_EDGE('',*,*,#4456,.T.);
#5773=ORIENTED_EDGE('',*,*,#4457,.T.);
#5774=ORIENTED_EDGE('',*,*,#4453,.T.);
#5775=ORIENTED_EDGE('',*,*,#4458,.F.);
#5776=ORIENTED_EDGE('',*,*,#4459,.F.);
#5777=ORIENTED_EDGE('',*,*,#4460,.F.);
#5778=ORIENTED_EDGE('',*,*,#4461,.F.);
#5779=ORIENTED_EDGE('',*,*,#4462,.F.);
#5780=ORIENTED_EDGE('',*,*,#4463,.T.);
#5781=ORIENTED_EDGE('',*,*,#4464,.T.);
#5782=ORIENTED_EDGE('',*,*,#4459,.T.);
#5783=ORIENTED_EDGE('',*,*,#4465,.F.);
#5784=ORIENTED_EDGE('',*,*,#4466,.F.);
#5785=ORIENTED_EDGE('',*,*,#4467,.F.);
#5786=ORIENTED_EDGE('',*,*,#4463,.F.);
#5787=ORIENTED_EDGE('',*,*,#4468,.F.);
#5788=ORIENTED_EDGE('',*,*,#4469,.T.);
#5789=ORIENTED_EDGE('',*,*,#4470,.T.);
#5790=ORIENTED_EDGE('',*,*,#4466,.T.);
#5791=ORIENTED_EDGE('',*,*,#4471,.F.);
#5792=ORIENTED_EDGE('',*,*,#4472,.F.);
#5793=ORIENTED_EDGE('',*,*,#4473,.T.);
#5794=ORIENTED_EDGE('',*,*,#4474,.T.);
#5795=ORIENTED_EDGE('',*,*,#4475,.F.);
#5796=ORIENTED_EDGE('',*,*,#4476,.T.);
#5797=ORIENTED_EDGE('',*,*,#4477,.F.);
#5798=ORIENTED_EDGE('',*,*,#4478,.T.);
#5799=ORIENTED_EDGE('',*,*,#4477,.T.);
#5800=ORIENTED_EDGE('',*,*,#4479,.F.);
#5801=ORIENTED_EDGE('',*,*,#4480,.F.);
#5802=ORIENTED_EDGE('',*,*,#4481,.T.);
#5803=ORIENTED_EDGE('',*,*,#4482,.F.);
#5804=ORIENTED_EDGE('',*,*,#4476,.F.);
#5805=ORIENTED_EDGE('',*,*,#4483,.F.);
#5806=ORIENTED_EDGE('',*,*,#4484,.F.);
#5807=ORIENTED_EDGE('',*,*,#4485,.T.);
#5808=ORIENTED_EDGE('',*,*,#4486,.F.);
#5809=ORIENTED_EDGE('',*,*,#4487,.F.);
#5810=ORIENTED_EDGE('',*,*,#4488,.F.);
#5811=ORIENTED_EDGE('',*,*,#4479,.T.);
#5812=ORIENTED_EDGE('',*,*,#4489,.F.);
#5813=ORIENTED_EDGE('',*,*,#4490,.T.);
#5814=ORIENTED_EDGE('',*,*,#4491,.F.);
#5815=ORIENTED_EDGE('',*,*,#4492,.T.);
#5816=ORIENTED_EDGE('',*,*,#4493,.F.);
#5817=ORIENTED_EDGE('',*,*,#4494,.T.);
#5818=ORIENTED_EDGE('',*,*,#4495,.F.);
#5819=ORIENTED_EDGE('',*,*,#4496,.T.);
#5820=ORIENTED_EDGE('',*,*,#4497,.F.);
#5821=ORIENTED_EDGE('',*,*,#4498,.T.);
#5822=ORIENTED_EDGE('',*,*,#4499,.F.);
#5823=ORIENTED_EDGE('',*,*,#4500,.T.);
#5824=ORIENTED_EDGE('',*,*,#4499,.T.);
#5825=ORIENTED_EDGE('',*,*,#4501,.F.);
#5826=ORIENTED_EDGE('',*,*,#4502,.F.);
#5827=ORIENTED_EDGE('',*,*,#4503,.T.);
#5828=ORIENTED_EDGE('',*,*,#4504,.F.);
#5829=ORIENTED_EDGE('',*,*,#4498,.F.);
#5830=ORIENTED_EDGE('',*,*,#4505,.F.);
#5831=ORIENTED_EDGE('',*,*,#4506,.F.);
#5832=ORIENTED_EDGE('',*,*,#4487,.T.);
#5833=ORIENTED_EDGE('',*,*,#4507,.F.);
#5834=ORIENTED_EDGE('',*,*,#4508,.F.);
#5835=ORIENTED_EDGE('',*,*,#4509,.F.);
#5836=ORIENTED_EDGE('',*,*,#4501,.T.);
#5837=ORIENTED_EDGE('',*,*,#4510,.T.);
#5838=ORIENTED_EDGE('',*,*,#4511,.T.);
#5839=ORIENTED_EDGE('',*,*,#4512,.F.);
#5840=ORIENTED_EDGE('',*,*,#4513,.T.);
#5841=ORIENTED_EDGE('',*,*,#4514,.F.);
#5842=ORIENTED_EDGE('',*,*,#4515,.T.);
#5843=ORIENTED_EDGE('',*,*,#4516,.F.);
#5844=ORIENTED_EDGE('',*,*,#4517,.T.);
#5845=ORIENTED_EDGE('',*,*,#4518,.F.);
#5846=ORIENTED_EDGE('',*,*,#4460,.T.);
#5847=ORIENTED_EDGE('',*,*,#4464,.F.);
#5848=ORIENTED_EDGE('',*,*,#4467,.T.);
#5849=ORIENTED_EDGE('',*,*,#4470,.F.);
#5850=ORIENTED_EDGE('',*,*,#4519,.T.);
#5851=ORIENTED_EDGE('',*,*,#4520,.F.);
#5852=ORIENTED_EDGE('',*,*,#4521,.T.);
#5853=ORIENTED_EDGE('',*,*,#4522,.F.);
#5854=ORIENTED_EDGE('',*,*,#4523,.T.);
#5855=ORIENTED_EDGE('',*,*,#4524,.F.);
#5856=ORIENTED_EDGE('',*,*,#4447,.T.);
#5857=ORIENTED_EDGE('',*,*,#4451,.F.);
#5858=ORIENTED_EDGE('',*,*,#4454,.T.);
#5859=ORIENTED_EDGE('',*,*,#4457,.F.);
#5860=ORIENTED_EDGE('',*,*,#4525,.T.);
#5861=ORIENTED_EDGE('',*,*,#4526,.F.);
#5862=ORIENTED_EDGE('',*,*,#4527,.F.);
#5863=ORIENTED_EDGE('',*,*,#4528,.T.);
#5864=ORIENTED_EDGE('',*,*,#4529,.F.);
#5865=ORIENTED_EDGE('',*,*,#4530,.T.);
#5866=ORIENTED_EDGE('',*,*,#4529,.T.);
#5867=ORIENTED_EDGE('',*,*,#4531,.F.);
#5868=ORIENTED_EDGE('',*,*,#4532,.F.);
#5869=ORIENTED_EDGE('',*,*,#4533,.T.);
#5870=ORIENTED_EDGE('',*,*,#4534,.F.);
#5871=ORIENTED_EDGE('',*,*,#4528,.F.);
#5872=ORIENTED_EDGE('',*,*,#4535,.F.);
#5873=ORIENTED_EDGE('',*,*,#4536,.F.);
#5874=ORIENTED_EDGE('',*,*,#4537,.T.);
#5875=ORIENTED_EDGE('',*,*,#4538,.F.);
#5876=ORIENTED_EDGE('',*,*,#4485,.F.);
#5877=ORIENTED_EDGE('',*,*,#4539,.F.);
#5878=ORIENTED_EDGE('',*,*,#4531,.T.);
#5879=ORIENTED_EDGE('',*,*,#4540,.T.);
#5880=ORIENTED_EDGE('',*,*,#4541,.F.);
#5881=ORIENTED_EDGE('',*,*,#4542,.T.);
#5882=ORIENTED_EDGE('',*,*,#4543,.F.);
#5883=ORIENTED_EDGE('',*,*,#4544,.T.);
#5884=ORIENTED_EDGE('',*,*,#4545,.F.);
#5885=ORIENTED_EDGE('',*,*,#4546,.T.);
#5886=ORIENTED_EDGE('',*,*,#4547,.F.);
#5887=ORIENTED_EDGE('',*,*,#4548,.F.);
#5888=ORIENTED_EDGE('',*,*,#4549,.T.);
#5889=ORIENTED_EDGE('',*,*,#4550,.F.);
#5890=ORIENTED_EDGE('',*,*,#4551,.F.);
#5891=ORIENTED_EDGE('',*,*,#4552,.F.);
#5892=ORIENTED_EDGE('',*,*,#4553,.T.);
#5893=ORIENTED_EDGE('',*,*,#4551,.T.);
#5894=ORIENTED_EDGE('',*,*,#4554,.T.);
#5895=ORIENTED_EDGE('',*,*,#4555,.T.);
#5896=ORIENTED_EDGE('',*,*,#4556,.T.);
#5897=ORIENTED_EDGE('',*,*,#4557,.F.);
#5898=ORIENTED_EDGE('',*,*,#4550,.T.);
#5899=ORIENTED_EDGE('',*,*,#4558,.T.);
#5900=ORIENTED_EDGE('',*,*,#4559,.T.);
#5901=ORIENTED_EDGE('',*,*,#4554,.F.);
#5902=ORIENTED_EDGE('',*,*,#4549,.F.);
#5903=ORIENTED_EDGE('',*,*,#4560,.F.);
#5904=ORIENTED_EDGE('',*,*,#4561,.F.);
#5905=ORIENTED_EDGE('',*,*,#4508,.T.);
#5906=ORIENTED_EDGE('',*,*,#4562,.F.);
#5907=ORIENTED_EDGE('',*,*,#4537,.F.);
#5908=ORIENTED_EDGE('',*,*,#4563,.T.);
#5909=ORIENTED_EDGE('',*,*,#4564,.T.);
#5910=ORIENTED_EDGE('',*,*,#4565,.T.);
#5911=ORIENTED_EDGE('',*,*,#4566,.F.);
#5912=ORIENTED_EDGE('',*,*,#4567,.T.);
#5913=ORIENTED_EDGE('',*,*,#4568,.F.);
#5914=ORIENTED_EDGE('',*,*,#4569,.T.);
#5915=ORIENTED_EDGE('',*,*,#4570,.F.);
#5916=ORIENTED_EDGE('',*,*,#4571,.T.);
#5917=ORIENTED_EDGE('',*,*,#4572,.F.);
#5918=ORIENTED_EDGE('',*,*,#4573,.T.);
#5919=ORIENTED_EDGE('',*,*,#4574,.T.);
#5920=ORIENTED_EDGE('',*,*,#4575,.T.);
#5921=ORIENTED_EDGE('',*,*,#4576,.T.);
#5922=ORIENTED_EDGE('',*,*,#4558,.F.);
#5923=ORIENTED_EDGE('',*,*,#4552,.T.);
#5924=ORIENTED_EDGE('',*,*,#4557,.T.);
#5925=ORIENTED_EDGE('',*,*,#4577,.T.);
#5926=ORIENTED_EDGE('',*,*,#4578,.T.);
#5927=ORIENTED_EDGE('',*,*,#4579,.T.);
#5928=ORIENTED_EDGE('',*,*,#4580,.T.);
#5929=ORIENTED_EDGE('',*,*,#4581,.T.);
#5930=ORIENTED_EDGE('',*,*,#4578,.F.);
#5931=ORIENTED_EDGE('',*,*,#4582,.T.);
#5932=ORIENTED_EDGE('',*,*,#4527,.T.);
#5933=ORIENTED_EDGE('',*,*,#4583,.T.);
#5934=ORIENTED_EDGE('',*,*,#4580,.F.);
#5935=ORIENTED_EDGE('',*,*,#4584,.T.);
#5936=ORIENTED_EDGE('',*,*,#4478,.F.);
#5937=ORIENTED_EDGE('',*,*,#4482,.T.);
#5938=ORIENTED_EDGE('',*,*,#4585,.T.);
#5939=ORIENTED_EDGE('',*,*,#4586,.T.);
#5940=ORIENTED_EDGE('',*,*,#4500,.F.);
#5941=ORIENTED_EDGE('',*,*,#4504,.T.);
#5942=ORIENTED_EDGE('',*,*,#4587,.T.);
#5943=ORIENTED_EDGE('',*,*,#4588,.T.);
#5944=ORIENTED_EDGE('',*,*,#4553,.F.);
#5945=ORIENTED_EDGE('',*,*,#4579,.F.);
#5946=ORIENTED_EDGE('',*,*,#4581,.F.);
#5947=ORIENTED_EDGE('',*,*,#4583,.F.);
#5948=ORIENTED_EDGE('',*,*,#4530,.F.);
#5949=ORIENTED_EDGE('',*,*,#4534,.T.);
#5950=ORIENTED_EDGE('',*,*,#4589,.T.);
#5951=ORIENTED_EDGE('',*,*,#4590,.T.);
#5952=ORIENTED_EDGE('',*,*,#4591,.F.);
#5953=ORIENTED_EDGE('',*,*,#4592,.T.);
#5954=ORIENTED_EDGE('',*,*,#4593,.T.);
#5955=ORIENTED_EDGE('',*,*,#4434,.F.);
#5956=ORIENTED_EDGE('',*,*,#4594,.F.);
#5957=ORIENTED_EDGE('',*,*,#4595,.T.);
#5958=ORIENTED_EDGE('',*,*,#4596,.T.);
#5959=ORIENTED_EDGE('',*,*,#4592,.F.);
#5960=ORIENTED_EDGE('',*,*,#4597,.F.);
#5961=ORIENTED_EDGE('',*,*,#4598,.F.);
#5962=ORIENTED_EDGE('',*,*,#4599,.T.);
#5963=ORIENTED_EDGE('',*,*,#4595,.F.);
#5964=ORIENTED_EDGE('',*,*,#4600,.F.);
#5965=ORIENTED_EDGE('',*,*,#4601,.F.);
#5966=ORIENTED_EDGE('',*,*,#4602,.F.);
#5967=ORIENTED_EDGE('',*,*,#4603,.F.);
#5968=ORIENTED_EDGE('',*,*,#4435,.F.);
#5969=ORIENTED_EDGE('',*,*,#4593,.F.);
#5970=ORIENTED_EDGE('',*,*,#4596,.F.);
#5971=ORIENTED_EDGE('',*,*,#4599,.F.);
#5972=ORIENTED_EDGE('',*,*,#4604,.T.);
#5973=ORIENTED_EDGE('',*,*,#4605,.T.);
#5974=ORIENTED_EDGE('',*,*,#4606,.T.);
#5975=ORIENTED_EDGE('',*,*,#4607,.T.);
#5976=ORIENTED_EDGE('',*,*,#4555,.F.);
#5977=ORIENTED_EDGE('',*,*,#4559,.F.);
#5978=ORIENTED_EDGE('',*,*,#4576,.F.);
#5979=ORIENTED_EDGE('',*,*,#4608,.T.);
#5980=ORIENTED_EDGE('',*,*,#4609,.T.);
#5981=ORIENTED_EDGE('',*,*,#4573,.F.);
#5982=ORIENTED_EDGE('',*,*,#4610,.F.);
#5983=ORIENTED_EDGE('',*,*,#4611,.F.);
#5984=ORIENTED_EDGE('',*,*,#4612,.T.);
#5985=ORIENTED_EDGE('',*,*,#4611,.T.);
#5986=ORIENTED_EDGE('',*,*,#4613,.T.);
#5987=ORIENTED_EDGE('',*,*,#4614,.T.);
#5988=ORIENTED_EDGE('',*,*,#4613,.F.);
#5989=ORIENTED_EDGE('',*,*,#4615,.T.);
#5990=ORIENTED_EDGE('',*,*,#4616,.T.);
#5991=ORIENTED_EDGE('',*,*,#4617,.T.);
#5992=ORIENTED_EDGE('',*,*,#4618,.T.);
#5993=ORIENTED_EDGE('',*,*,#4619,.T.);
#5994=ORIENTED_EDGE('',*,*,#4616,.F.);
#5995=ORIENTED_EDGE('',*,*,#4620,.T.);
#5996=ORIENTED_EDGE('',*,*,#4618,.F.);
#5997=ORIENTED_EDGE('',*,*,#4621,.T.);
#5998=ORIENTED_EDGE('',*,*,#4622,.T.);
#5999=ORIENTED_EDGE('',*,*,#4623,.T.);
#6000=ORIENTED_EDGE('',*,*,#4624,.T.);
#6001=ORIENTED_EDGE('',*,*,#4625,.T.);
#6002=ORIENTED_EDGE('',*,*,#4622,.F.);
#6003=ORIENTED_EDGE('',*,*,#4626,.T.);
#6004=ORIENTED_EDGE('',*,*,#4624,.F.);
#6005=ORIENTED_EDGE('',*,*,#4627,.T.);
#6006=ORIENTED_EDGE('',*,*,#4628,.T.);
#6007=ORIENTED_EDGE('',*,*,#4629,.T.);
#6008=ORIENTED_EDGE('',*,*,#4630,.T.);
#6009=ORIENTED_EDGE('',*,*,#4631,.T.);
#6010=ORIENTED_EDGE('',*,*,#4628,.F.);
#6011=ORIENTED_EDGE('',*,*,#4632,.T.);
#6012=ORIENTED_EDGE('',*,*,#4630,.F.);
#6013=ORIENTED_EDGE('',*,*,#4633,.T.);
#6014=ORIENTED_EDGE('',*,*,#4634,.T.);
#6015=ORIENTED_EDGE('',*,*,#4635,.T.);
#6016=ORIENTED_EDGE('',*,*,#4636,.T.);
#6017=ORIENTED_EDGE('',*,*,#4637,.T.);
#6018=ORIENTED_EDGE('',*,*,#4634,.F.);
#6019=ORIENTED_EDGE('',*,*,#4638,.T.);
#6020=ORIENTED_EDGE('',*,*,#4638,.F.);
#6021=ORIENTED_EDGE('',*,*,#4639,.F.);
#6022=ORIENTED_EDGE('',*,*,#4565,.F.);
#6023=ORIENTED_EDGE('',*,*,#4640,.T.);
#6024=ORIENTED_EDGE('',*,*,#4633,.F.);
#6025=ORIENTED_EDGE('',*,*,#4641,.T.);
#6026=ORIENTED_EDGE('',*,*,#4566,.T.);
#6027=ORIENTED_EDGE('',*,*,#4639,.T.);
#6028=ORIENTED_EDGE('',*,*,#4632,.F.);
#6029=ORIENTED_EDGE('',*,*,#4642,.F.);
#6030=ORIENTED_EDGE('',*,*,#4567,.F.);
#6031=ORIENTED_EDGE('',*,*,#4641,.F.);
#6032=ORIENTED_EDGE('',*,*,#4627,.F.);
#6033=ORIENTED_EDGE('',*,*,#4643,.T.);
#6034=ORIENTED_EDGE('',*,*,#4568,.T.);
#6035=ORIENTED_EDGE('',*,*,#4642,.T.);
#6036=ORIENTED_EDGE('',*,*,#4626,.F.);
#6037=ORIENTED_EDGE('',*,*,#4644,.F.);
#6038=ORIENTED_EDGE('',*,*,#4569,.F.);
#6039=ORIENTED_EDGE('',*,*,#4643,.F.);
#6040=ORIENTED_EDGE('',*,*,#4621,.F.);
#6041=ORIENTED_EDGE('',*,*,#4645,.T.);
#6042=ORIENTED_EDGE('',*,*,#4570,.T.);
#6043=ORIENTED_EDGE('',*,*,#4644,.T.);
#6044=ORIENTED_EDGE('',*,*,#4620,.F.);
#6045=ORIENTED_EDGE('',*,*,#4646,.F.);
#6046=ORIENTED_EDGE('',*,*,#4571,.F.);
#6047=ORIENTED_EDGE('',*,*,#4645,.F.);
#6048=ORIENTED_EDGE('',*,*,#4615,.F.);
#6049=ORIENTED_EDGE('',*,*,#4610,.T.);
#6050=ORIENTED_EDGE('',*,*,#4572,.T.);
#6051=ORIENTED_EDGE('',*,*,#4646,.T.);
#6052=ORIENTED_EDGE('',*,*,#4637,.F.);
#6053=ORIENTED_EDGE('',*,*,#4647,.T.);
#6054=ORIENTED_EDGE('',*,*,#4648,.F.);
#6055=ORIENTED_EDGE('',*,*,#4614,.F.);
#6056=ORIENTED_EDGE('',*,*,#4617,.F.);
#6057=ORIENTED_EDGE('',*,*,#4619,.F.);
#6058=ORIENTED_EDGE('',*,*,#4623,.F.);
#6059=ORIENTED_EDGE('',*,*,#4625,.F.);
#6060=ORIENTED_EDGE('',*,*,#4629,.F.);
#6061=ORIENTED_EDGE('',*,*,#4631,.F.);
#6062=ORIENTED_EDGE('',*,*,#4635,.F.);
#6063=ORIENTED_EDGE('',*,*,#4649,.T.);
#6064=ORIENTED_EDGE('',*,*,#4650,.T.);
#6065=ORIENTED_EDGE('',*,*,#4651,.T.);
#6066=ORIENTED_EDGE('',*,*,#4652,.T.);
#6067=ORIENTED_EDGE('',*,*,#4653,.T.);
#6068=ORIENTED_EDGE('',*,*,#4654,.T.);
#6069=ORIENTED_EDGE('',*,*,#4655,.T.);
#6070=ORIENTED_EDGE('',*,*,#4647,.F.);
#6071=ORIENTED_EDGE('',*,*,#4636,.F.);
#6072=ORIENTED_EDGE('',*,*,#4640,.F.);
#6073=ORIENTED_EDGE('',*,*,#4564,.F.);
#6074=ORIENTED_EDGE('',*,*,#4656,.T.);
#6075=ORIENTED_EDGE('',*,*,#4427,.T.);
#6076=ORIENTED_EDGE('',*,*,#4657,.T.);
#6077=ORIENTED_EDGE('',*,*,#4651,.F.);
#6078=ORIENTED_EDGE('',*,*,#4658,.T.);
#6079=ORIENTED_EDGE('',*,*,#4428,.T.);
#6080=ORIENTED_EDGE('',*,*,#4656,.F.);
#6081=ORIENTED_EDGE('',*,*,#4650,.F.);
#6082=ORIENTED_EDGE('',*,*,#4659,.T.);
#6083=ORIENTED_EDGE('',*,*,#4429,.T.);
#6084=ORIENTED_EDGE('',*,*,#4658,.F.);
#6085=ORIENTED_EDGE('',*,*,#4649,.F.);
#6086=ORIENTED_EDGE('',*,*,#4660,.T.);
#6087=ORIENTED_EDGE('',*,*,#4430,.T.);
#6088=ORIENTED_EDGE('',*,*,#4659,.F.);
#6089=ORIENTED_EDGE('',*,*,#4654,.F.);
#6090=ORIENTED_EDGE('',*,*,#4661,.T.);
#6091=ORIENTED_EDGE('',*,*,#4431,.T.);
#6092=ORIENTED_EDGE('',*,*,#4660,.F.);
#6093=ORIENTED_EDGE('',*,*,#4653,.F.);
#6094=ORIENTED_EDGE('',*,*,#4657,.F.);
#6095=ORIENTED_EDGE('',*,*,#4426,.T.);
#6096=ORIENTED_EDGE('',*,*,#4661,.F.);
#6097=ORIENTED_EDGE('',*,*,#4652,.F.);
#6098=ORIENTED_EDGE('',*,*,#4662,.F.);
#6099=ORIENTED_EDGE('',*,*,#4440,.F.);
#6100=ORIENTED_EDGE('',*,*,#4663,.T.);
#6101=ORIENTED_EDGE('',*,*,#4664,.T.);
#6102=ORIENTED_EDGE('',*,*,#4665,.F.);
#6103=ORIENTED_EDGE('',*,*,#4664,.F.);
#6104=ORIENTED_EDGE('',*,*,#4666,.T.);
#6105=ORIENTED_EDGE('',*,*,#4667,.T.);
#6106=ORIENTED_EDGE('',*,*,#4668,.F.);
#6107=ORIENTED_EDGE('',*,*,#4667,.F.);
#6108=ORIENTED_EDGE('',*,*,#4669,.T.);
#6109=ORIENTED_EDGE('',*,*,#4670,.T.);
#6110=ORIENTED_EDGE('',*,*,#4439,.F.);
#6111=ORIENTED_EDGE('',*,*,#4671,.T.);
#6112=ORIENTED_EDGE('',*,*,#4495,.T.);
#6113=ORIENTED_EDGE('',*,*,#4672,.T.);
#6114=ORIENTED_EDGE('',*,*,#4673,.F.);
#6115=ORIENTED_EDGE('',*,*,#4674,.F.);
#6116=ORIENTED_EDGE('',*,*,#4496,.F.);
#6117=ORIENTED_EDGE('',*,*,#4671,.F.);
#6118=ORIENTED_EDGE('',*,*,#4675,.F.);
#6119=ORIENTED_EDGE('',*,*,#4676,.T.);
#6120=ORIENTED_EDGE('',*,*,#4489,.T.);
#6121=ORIENTED_EDGE('',*,*,#4674,.T.);
#6122=ORIENTED_EDGE('',*,*,#4677,.F.);
#6123=ORIENTED_EDGE('',*,*,#4678,.F.);
#6124=ORIENTED_EDGE('',*,*,#4490,.F.);
#6125=ORIENTED_EDGE('',*,*,#4676,.F.);
#6126=ORIENTED_EDGE('',*,*,#4679,.F.);
#6127=ORIENTED_EDGE('',*,*,#4680,.T.);
#6128=ORIENTED_EDGE('',*,*,#4491,.T.);
#6129=ORIENTED_EDGE('',*,*,#4678,.T.);
#6130=ORIENTED_EDGE('',*,*,#4669,.F.);
#6131=ORIENTED_EDGE('',*,*,#4681,.F.);
#6132=ORIENTED_EDGE('',*,*,#4492,.F.);
#6133=ORIENTED_EDGE('',*,*,#4680,.F.);
#6134=ORIENTED_EDGE('',*,*,#4666,.F.);
#6135=ORIENTED_EDGE('',*,*,#4682,.T.);
#6136=ORIENTED_EDGE('',*,*,#4493,.T.);
#6137=ORIENTED_EDGE('',*,*,#4681,.T.);
#6138=ORIENTED_EDGE('',*,*,#4663,.F.);
#6139=ORIENTED_EDGE('',*,*,#4672,.F.);
#6140=ORIENTED_EDGE('',*,*,#4494,.F.);
#6141=ORIENTED_EDGE('',*,*,#4682,.F.);
#6142=ORIENTED_EDGE('',*,*,#4683,.F.);
#6143=ORIENTED_EDGE('',*,*,#4474,.F.);
#6144=ORIENTED_EDGE('',*,*,#4684,.T.);
#6145=ORIENTED_EDGE('',*,*,#4685,.T.);
#6146=ORIENTED_EDGE('',*,*,#4686,.F.);
#6147=ORIENTED_EDGE('',*,*,#4685,.F.);
#6148=ORIENTED_EDGE('',*,*,#4687,.T.);
#6149=ORIENTED_EDGE('',*,*,#4688,.T.);
#6150=ORIENTED_EDGE('',*,*,#4689,.F.);
#6151=ORIENTED_EDGE('',*,*,#4688,.F.);
#6152=ORIENTED_EDGE('',*,*,#4690,.T.);
#6153=ORIENTED_EDGE('',*,*,#4691,.T.);
#6154=ORIENTED_EDGE('',*,*,#4473,.F.);
#6155=ORIENTED_EDGE('',*,*,#4692,.T.);
#6156=ORIENTED_EDGE('',*,*,#4514,.T.);
#6157=ORIENTED_EDGE('',*,*,#4693,.T.);
#6158=ORIENTED_EDGE('',*,*,#4694,.F.);
#6159=ORIENTED_EDGE('',*,*,#4695,.F.);
#6160=ORIENTED_EDGE('',*,*,#4515,.F.);
#6161=ORIENTED_EDGE('',*,*,#4692,.F.);
#6162=ORIENTED_EDGE('',*,*,#4696,.F.);
#6163=ORIENTED_EDGE('',*,*,#4697,.T.);
#6164=ORIENTED_EDGE('',*,*,#4516,.T.);
#6165=ORIENTED_EDGE('',*,*,#4695,.T.);
#6166=ORIENTED_EDGE('',*,*,#4698,.F.);
#6167=ORIENTED_EDGE('',*,*,#4699,.F.);
#6168=ORIENTED_EDGE('',*,*,#4517,.F.);
#6169=ORIENTED_EDGE('',*,*,#4697,.F.);
#6170=ORIENTED_EDGE('',*,*,#4700,.F.);
#6171=ORIENTED_EDGE('',*,*,#4701,.T.);
#6172=ORIENTED_EDGE('',*,*,#4518,.T.);
#6173=ORIENTED_EDGE('',*,*,#4699,.T.);
#6174=ORIENTED_EDGE('',*,*,#4690,.F.);
#6175=ORIENTED_EDGE('',*,*,#4702,.F.);
#6176=ORIENTED_EDGE('',*,*,#4511,.F.);
#6177=ORIENTED_EDGE('',*,*,#4701,.F.);
#6178=ORIENTED_EDGE('',*,*,#4687,.F.);
#6179=ORIENTED_EDGE('',*,*,#4703,.T.);
#6180=ORIENTED_EDGE('',*,*,#4512,.T.);
#6181=ORIENTED_EDGE('',*,*,#4702,.T.);
#6182=ORIENTED_EDGE('',*,*,#4684,.F.);
#6183=ORIENTED_EDGE('',*,*,#4693,.F.);
#6184=ORIENTED_EDGE('',*,*,#4513,.F.);
#6185=ORIENTED_EDGE('',*,*,#4703,.F.);
#6186=ORIENTED_EDGE('',*,*,#4704,.F.);
#6187=ORIENTED_EDGE('',*,*,#4705,.T.);
#6188=ORIENTED_EDGE('',*,*,#4510,.F.);
#6189=ORIENTED_EDGE('',*,*,#4705,.F.);
#6190=ORIENTED_EDGE('',*,*,#4706,.F.);
#6191=ORIENTED_EDGE('',*,*,#4444,.F.);
#6192=ORIENTED_EDGE('',*,*,#4707,.T.);
#6193=ORIENTED_EDGE('',*,*,#4708,.T.);
#6194=ORIENTED_EDGE('',*,*,#4709,.F.);
#6195=ORIENTED_EDGE('',*,*,#4708,.F.);
#6196=ORIENTED_EDGE('',*,*,#4710,.T.);
#6197=ORIENTED_EDGE('',*,*,#4711,.T.);
#6198=ORIENTED_EDGE('',*,*,#4712,.F.);
#6199=ORIENTED_EDGE('',*,*,#4711,.F.);
#6200=ORIENTED_EDGE('',*,*,#4713,.T.);
#6201=ORIENTED_EDGE('',*,*,#4714,.T.);
#6202=ORIENTED_EDGE('',*,*,#4443,.F.);
#6203=ORIENTED_EDGE('',*,*,#4715,.T.);
#6204=ORIENTED_EDGE('',*,*,#4545,.T.);
#6205=ORIENTED_EDGE('',*,*,#4716,.T.);
#6206=ORIENTED_EDGE('',*,*,#4717,.F.);
#6207=ORIENTED_EDGE('',*,*,#4718,.F.);
#6208=ORIENTED_EDGE('',*,*,#4546,.F.);
#6209=ORIENTED_EDGE('',*,*,#4715,.F.);
#6210=ORIENTED_EDGE('',*,*,#4719,.F.);
#6211=ORIENTED_EDGE('',*,*,#4720,.T.);
#6212=ORIENTED_EDGE('',*,*,#4547,.T.);
#6213=ORIENTED_EDGE('',*,*,#4718,.T.);
#6214=ORIENTED_EDGE('',*,*,#4721,.F.);
#6215=ORIENTED_EDGE('',*,*,#4722,.F.);
#6216=ORIENTED_EDGE('',*,*,#4540,.F.);
#6217=ORIENTED_EDGE('',*,*,#4720,.F.);
#6218=ORIENTED_EDGE('',*,*,#4723,.F.);
#6219=ORIENTED_EDGE('',*,*,#4724,.T.);
#6220=ORIENTED_EDGE('',*,*,#4541,.T.);
#6221=ORIENTED_EDGE('',*,*,#4722,.T.);
#6222=ORIENTED_EDGE('',*,*,#4713,.F.);
#6223=ORIENTED_EDGE('',*,*,#4725,.F.);
#6224=ORIENTED_EDGE('',*,*,#4542,.F.);
#6225=ORIENTED_EDGE('',*,*,#4724,.F.);
#6226=ORIENTED_EDGE('',*,*,#4710,.F.);
#6227=ORIENTED_EDGE('',*,*,#4726,.T.);
#6228=ORIENTED_EDGE('',*,*,#4543,.T.);
#6229=ORIENTED_EDGE('',*,*,#4725,.T.);
#6230=ORIENTED_EDGE('',*,*,#4707,.F.);
#6231=ORIENTED_EDGE('',*,*,#4716,.F.);
#6232=ORIENTED_EDGE('',*,*,#4544,.F.);
#6233=ORIENTED_EDGE('',*,*,#4726,.F.);
#6234=ORIENTED_EDGE('',*,*,#4727,.F.);
#6235=ORIENTED_EDGE('',*,*,#4728,.T.);
#6236=ORIENTED_EDGE('',*,*,#4729,.F.);
#6237=ORIENTED_EDGE('',*,*,#4728,.F.);
#6238=ORIENTED_EDGE('',*,*,#4730,.F.);
#6239=ORIENTED_EDGE('',*,*,#4731,.T.);
#6240=ORIENTED_EDGE('',*,*,#4732,.F.);
#6241=ORIENTED_EDGE('',*,*,#4731,.F.);
#6242=ORIENTED_EDGE('',*,*,#4733,.F.);
#6243=ORIENTED_EDGE('',*,*,#4734,.T.);
#6244=ORIENTED_EDGE('',*,*,#4735,.F.);
#6245=ORIENTED_EDGE('',*,*,#4734,.F.);
#6246=ORIENTED_EDGE('',*,*,#4736,.F.);
#6247=ORIENTED_EDGE('',*,*,#4737,.T.);
#6248=ORIENTED_EDGE('',*,*,#4738,.F.);
#6249=ORIENTED_EDGE('',*,*,#4739,.F.);
#6250=ORIENTED_EDGE('',*,*,#4737,.F.);
#6251=ORIENTED_EDGE('',*,*,#4607,.F.);
#6252=ORIENTED_EDGE('',*,*,#4740,.T.);
#6253=ORIENTED_EDGE('',*,*,#4730,.T.);
#6254=ORIENTED_EDGE('',*,*,#4740,.F.);
#6255=ORIENTED_EDGE('',*,*,#4606,.F.);
#6256=ORIENTED_EDGE('',*,*,#4741,.T.);
#6257=ORIENTED_EDGE('',*,*,#4727,.T.);
#6258=ORIENTED_EDGE('',*,*,#4741,.F.);
#6259=ORIENTED_EDGE('',*,*,#4605,.F.);
#6260=ORIENTED_EDGE('',*,*,#4742,.T.);
#6261=ORIENTED_EDGE('',*,*,#4736,.T.);
#6262=ORIENTED_EDGE('',*,*,#4742,.F.);
#6263=ORIENTED_EDGE('',*,*,#4604,.F.);
#6264=ORIENTED_EDGE('',*,*,#4743,.T.);
#6265=ORIENTED_EDGE('',*,*,#4733,.T.);
#6266=ORIENTED_EDGE('',*,*,#4743,.F.);
#6267=ORIENTED_EDGE('',*,*,#4584,.F.);
#6268=ORIENTED_EDGE('',*,*,#4744,.F.);
#6269=ORIENTED_EDGE('',*,*,#4745,.T.);
#6270=ORIENTED_EDGE('',*,*,#4535,.T.);
#6271=ORIENTED_EDGE('',*,*,#4548,.T.);
#6272=ORIENTED_EDGE('',*,*,#4588,.F.);
#6273=ORIENTED_EDGE('',*,*,#4746,.F.);
#6274=ORIENTED_EDGE('',*,*,#4747,.T.);
#6275=ORIENTED_EDGE('',*,*,#4560,.T.);
#6276=ORIENTED_EDGE('',*,*,#4497,.T.);
#6277=ORIENTED_EDGE('',*,*,#4586,.F.);
#6278=ORIENTED_EDGE('',*,*,#4748,.F.);
#6279=ORIENTED_EDGE('',*,*,#4749,.T.);
#6280=ORIENTED_EDGE('',*,*,#4505,.T.);
#6281=ORIENTED_EDGE('',*,*,#4748,.T.);
#6282=ORIENTED_EDGE('',*,*,#4585,.F.);
#6283=ORIENTED_EDGE('',*,*,#4481,.F.);
#6284=ORIENTED_EDGE('',*,*,#4750,.T.);
#6285=ORIENTED_EDGE('',*,*,#4475,.T.);
#6286=ORIENTED_EDGE('',*,*,#4590,.F.);
#6287=ORIENTED_EDGE('',*,*,#4751,.F.);
#6288=ORIENTED_EDGE('',*,*,#4752,.T.);
#6289=ORIENTED_EDGE('',*,*,#4483,.T.);
#6290=ORIENTED_EDGE('',*,*,#4751,.T.);
#6291=ORIENTED_EDGE('',*,*,#4589,.F.);
#6292=ORIENTED_EDGE('',*,*,#4533,.F.);
#6293=ORIENTED_EDGE('',*,*,#4753,.T.);
#6294=ORIENTED_EDGE('',*,*,#4754,.F.);
#6295=ORIENTED_EDGE('',*,*,#4755,.T.);
#6296=ORIENTED_EDGE('',*,*,#4738,.T.);
#6297=ORIENTED_EDGE('',*,*,#4739,.T.);
#6298=ORIENTED_EDGE('',*,*,#4755,.F.);
#6299=ORIENTED_EDGE('',*,*,#4612,.F.);
#6300=ORIENTED_EDGE('',*,*,#4648,.T.);
#6301=ORIENTED_EDGE('',*,*,#4655,.F.);
#6302=ORIENTED_EDGE('',*,*,#4563,.F.);
#6303=ORIENTED_EDGE('',*,*,#4536,.T.);
#6304=ORIENTED_EDGE('',*,*,#4745,.F.);
#6305=ORIENTED_EDGE('',*,*,#4756,.T.);
#6306=ORIENTED_EDGE('',*,*,#4757,.T.);
#6307=ORIENTED_EDGE('',*,*,#4574,.F.);
#6308=ORIENTED_EDGE('',*,*,#4609,.F.);
#6309=ORIENTED_EDGE('',*,*,#4754,.T.);
#6310=ORIENTED_EDGE('',*,*,#4582,.F.);
#6311=ORIENTED_EDGE('',*,*,#4758,.F.);
#6312=ORIENTED_EDGE('',*,*,#4756,.F.);
#6313=ORIENTED_EDGE('',*,*,#4744,.T.);
#6314=ORIENTED_EDGE('',*,*,#4577,.F.);
#6315=ORIENTED_EDGE('',*,*,#4556,.F.);
#6316=ORIENTED_EDGE('',*,*,#4608,.F.);
#6317=ORIENTED_EDGE('',*,*,#4575,.F.);
#6318=ORIENTED_EDGE('',*,*,#4757,.F.);
#6319=ORIENTED_EDGE('',*,*,#4758,.T.);
#6320=ORIENTED_EDGE('',*,*,#4729,.T.);
#6321=ORIENTED_EDGE('',*,*,#4759,.T.);
#6322=ORIENTED_EDGE('',*,*,#4760,.T.);
#6323=ORIENTED_EDGE('',*,*,#4759,.F.);
#6324=ORIENTED_EDGE('',*,*,#4750,.F.);
#6325=ORIENTED_EDGE('',*,*,#4480,.T.);
#6326=ORIENTED_EDGE('',*,*,#4488,.T.);
#6327=ORIENTED_EDGE('',*,*,#4506,.T.);
#6328=ORIENTED_EDGE('',*,*,#4749,.F.);
#6329=ORIENTED_EDGE('',*,*,#4760,.F.);
#6330=ORIENTED_EDGE('',*,*,#4732,.T.);
#6331=ORIENTED_EDGE('',*,*,#4761,.T.);
#6332=ORIENTED_EDGE('',*,*,#4762,.T.);
#6333=ORIENTED_EDGE('',*,*,#4761,.F.);
#6334=ORIENTED_EDGE('',*,*,#4746,.T.);
#6335=ORIENTED_EDGE('',*,*,#4587,.F.);
#6336=ORIENTED_EDGE('',*,*,#4503,.F.);
#6337=ORIENTED_EDGE('',*,*,#4763,.T.);
#6338=ORIENTED_EDGE('',*,*,#4763,.F.);
#6339=ORIENTED_EDGE('',*,*,#4502,.T.);
#6340=ORIENTED_EDGE('',*,*,#4509,.T.);
#6341=ORIENTED_EDGE('',*,*,#4561,.T.);
#6342=ORIENTED_EDGE('',*,*,#4747,.F.);
#6343=ORIENTED_EDGE('',*,*,#4762,.F.);
#6344=ORIENTED_EDGE('',*,*,#4735,.T.);
#6345=ORIENTED_EDGE('',*,*,#4764,.T.);
#6346=ORIENTED_EDGE('',*,*,#4765,.T.);
#6347=ORIENTED_EDGE('',*,*,#4764,.F.);
#6348=ORIENTED_EDGE('',*,*,#4753,.F.);
#6349=ORIENTED_EDGE('',*,*,#4532,.T.);
#6350=ORIENTED_EDGE('',*,*,#4539,.T.);
#6351=ORIENTED_EDGE('',*,*,#4484,.T.);
#6352=ORIENTED_EDGE('',*,*,#4752,.F.);
#6353=ORIENTED_EDGE('',*,*,#4765,.F.);
#6354=ORIENTED_EDGE('',*,*,#4766,.F.);
#6355=ORIENTED_EDGE('',*,*,#4767,.T.);
#6356=ORIENTED_EDGE('',*,*,#4704,.T.);
#6357=ORIENTED_EDGE('',*,*,#4767,.F.);
#6358=ORIENTED_EDGE('',*,*,#4432,.T.);
#6359=ORIENTED_EDGE('',*,*,#4768,.T.);
#6360=ORIENTED_EDGE('',*,*,#4769,.F.);
#6361=ORIENTED_EDGE('',*,*,#4768,.F.);
#6362=ORIENTED_EDGE('',*,*,#4770,.F.);
#6363=ORIENTED_EDGE('',*,*,#4771,.F.);
#6364=ORIENTED_EDGE('',*,*,#4772,.F.);
#6365=ORIENTED_EDGE('',*,*,#4773,.F.);
#6366=ORIENTED_EDGE('',*,*,#4774,.F.);
#6367=ORIENTED_EDGE('',*,*,#4775,.F.);
#6368=ORIENTED_EDGE('',*,*,#4776,.F.);
#6369=ORIENTED_EDGE('',*,*,#4777,.F.);
#6370=ORIENTED_EDGE('',*,*,#4486,.T.);
#6371=ORIENTED_EDGE('',*,*,#4538,.T.);
#6372=ORIENTED_EDGE('',*,*,#4562,.T.);
#6373=ORIENTED_EDGE('',*,*,#4507,.T.);
#6374=ORIENTED_EDGE('',*,*,#4778,.F.);
#6375=ORIENTED_EDGE('',*,*,#4461,.T.);
#6376=ORIENTED_EDGE('',*,*,#4522,.T.);
#6377=ORIENTED_EDGE('',*,*,#4779,.T.);
#6378=ORIENTED_EDGE('',*,*,#4780,.F.);
#6379=ORIENTED_EDGE('',*,*,#4779,.F.);
#6380=ORIENTED_EDGE('',*,*,#4521,.F.);
#6381=ORIENTED_EDGE('',*,*,#4781,.F.);
#6382=ORIENTED_EDGE('',*,*,#4782,.F.);
#6383=ORIENTED_EDGE('',*,*,#4781,.T.);
#6384=ORIENTED_EDGE('',*,*,#4520,.T.);
#6385=ORIENTED_EDGE('',*,*,#4783,.T.);
#6386=ORIENTED_EDGE('',*,*,#4784,.F.);
#6387=ORIENTED_EDGE('',*,*,#4783,.F.);
#6388=ORIENTED_EDGE('',*,*,#4519,.F.);
#6389=ORIENTED_EDGE('',*,*,#4469,.F.);
#6390=ORIENTED_EDGE('',*,*,#4785,.F.);
#6391=ORIENTED_EDGE('',*,*,#4448,.T.);
#6392=ORIENTED_EDGE('',*,*,#4524,.T.);
#6393=ORIENTED_EDGE('',*,*,#4786,.T.);
#6394=ORIENTED_EDGE('',*,*,#4787,.F.);
#6395=ORIENTED_EDGE('',*,*,#4786,.F.);
#6396=ORIENTED_EDGE('',*,*,#4523,.F.);
#6397=ORIENTED_EDGE('',*,*,#4788,.F.);
#6398=ORIENTED_EDGE('',*,*,#4789,.F.);
#6399=ORIENTED_EDGE('',*,*,#4788,.T.);
#6400=ORIENTED_EDGE('',*,*,#4526,.T.);
#6401=ORIENTED_EDGE('',*,*,#4790,.T.);
#6402=ORIENTED_EDGE('',*,*,#4791,.F.);
#6403=ORIENTED_EDGE('',*,*,#4790,.F.);
#6404=ORIENTED_EDGE('',*,*,#4525,.F.);
#6405=ORIENTED_EDGE('',*,*,#4456,.F.);
#6406=ORIENTED_EDGE('',*,*,#4792,.F.);
#6407=ORIENTED_EDGE('',*,*,#4691,.F.);
#6408=ORIENTED_EDGE('',*,*,#4700,.T.);
#6409=ORIENTED_EDGE('',*,*,#4793,.F.);
#6410=ORIENTED_EDGE('',*,*,#4794,.F.);
#6411=ORIENTED_EDGE('',*,*,#4793,.T.);
#6412=ORIENTED_EDGE('',*,*,#4698,.T.);
#6413=ORIENTED_EDGE('',*,*,#4795,.T.);
#6414=ORIENTED_EDGE('',*,*,#4796,.F.);
#6415=ORIENTED_EDGE('',*,*,#4795,.F.);
#6416=ORIENTED_EDGE('',*,*,#4696,.T.);
#6417=ORIENTED_EDGE('',*,*,#4797,.T.);
#6418=ORIENTED_EDGE('',*,*,#4798,.F.);
#6419=ORIENTED_EDGE('',*,*,#4797,.F.);
#6420=ORIENTED_EDGE('',*,*,#4694,.T.);
#6421=ORIENTED_EDGE('',*,*,#4472,.T.);
#6422=ORIENTED_EDGE('',*,*,#4799,.F.);
#6423=ORIENTED_EDGE('',*,*,#4714,.F.);
#6424=ORIENTED_EDGE('',*,*,#4723,.T.);
#6425=ORIENTED_EDGE('',*,*,#4800,.F.);
#6426=ORIENTED_EDGE('',*,*,#4801,.F.);
#6427=ORIENTED_EDGE('',*,*,#4800,.T.);
#6428=ORIENTED_EDGE('',*,*,#4721,.T.);
#6429=ORIENTED_EDGE('',*,*,#4802,.T.);
#6430=ORIENTED_EDGE('',*,*,#4803,.F.);
#6431=ORIENTED_EDGE('',*,*,#4802,.F.);
#6432=ORIENTED_EDGE('',*,*,#4719,.T.);
#6433=ORIENTED_EDGE('',*,*,#4804,.T.);
#6434=ORIENTED_EDGE('',*,*,#4805,.F.);
#6435=ORIENTED_EDGE('',*,*,#4804,.F.);
#6436=ORIENTED_EDGE('',*,*,#4717,.T.);
#6437=ORIENTED_EDGE('',*,*,#4442,.T.);
#6438=ORIENTED_EDGE('',*,*,#4806,.F.);
#6439=ORIENTED_EDGE('',*,*,#4670,.F.);
#6440=ORIENTED_EDGE('',*,*,#4679,.T.);
#6441=ORIENTED_EDGE('',*,*,#4807,.F.);
#6442=ORIENTED_EDGE('',*,*,#4808,.F.);
#6443=ORIENTED_EDGE('',*,*,#4807,.T.);
#6444=ORIENTED_EDGE('',*,*,#4677,.T.);
#6445=ORIENTED_EDGE('',*,*,#4809,.T.);
#6446=ORIENTED_EDGE('',*,*,#4810,.F.);
#6447=ORIENTED_EDGE('',*,*,#4809,.F.);
#6448=ORIENTED_EDGE('',*,*,#4675,.T.);
#6449=ORIENTED_EDGE('',*,*,#4811,.T.);
#6450=ORIENTED_EDGE('',*,*,#4812,.F.);
#6451=ORIENTED_EDGE('',*,*,#4811,.F.);
#6452=ORIENTED_EDGE('',*,*,#4673,.T.);
#6453=ORIENTED_EDGE('',*,*,#4438,.T.);
#6454=ORIENTED_EDGE('',*,*,#4813,.F.);
#6455=ORIENTED_EDGE('',*,*,#4436,.T.);
#6456=ORIENTED_EDGE('',*,*,#4603,.T.);
#6457=ORIENTED_EDGE('',*,*,#4814,.F.);
#6458=ORIENTED_EDGE('',*,*,#4815,.F.);
#6459=ORIENTED_EDGE('',*,*,#4814,.T.);
#6460=ORIENTED_EDGE('',*,*,#4602,.T.);
#6461=ORIENTED_EDGE('',*,*,#4816,.F.);
#6462=ORIENTED_EDGE('',*,*,#4817,.F.);
#6463=ORIENTED_EDGE('',*,*,#4816,.T.);
#6464=ORIENTED_EDGE('',*,*,#4601,.T.);
#6465=ORIENTED_EDGE('',*,*,#4818,.F.);
#6466=ORIENTED_EDGE('',*,*,#4819,.F.);
#6467=ORIENTED_EDGE('',*,*,#4818,.T.);
#6468=ORIENTED_EDGE('',*,*,#4600,.T.);
#6469=ORIENTED_EDGE('',*,*,#4598,.T.);
#6470=ORIENTED_EDGE('',*,*,#4775,.T.);
#6471=ORIENTED_EDGE('',*,*,#4820,.F.);
#6472=ORIENTED_EDGE('',*,*,#4594,.T.);
#6473=ORIENTED_EDGE('',*,*,#4821,.T.);
#6474=ORIENTED_EDGE('',*,*,#4799,.T.);
#6475=ORIENTED_EDGE('',*,*,#4801,.T.);
#6476=ORIENTED_EDGE('',*,*,#4803,.T.);
#6477=ORIENTED_EDGE('',*,*,#4805,.T.);
#6478=ORIENTED_EDGE('',*,*,#4441,.T.);
#6479=ORIENTED_EDGE('',*,*,#4706,.T.);
#6480=ORIENTED_EDGE('',*,*,#4709,.T.);
#6481=ORIENTED_EDGE('',*,*,#4712,.T.);
#6482=ORIENTED_EDGE('',*,*,#4776,.T.);
#6483=ORIENTED_EDGE('',*,*,#4821,.F.);
#6484=ORIENTED_EDGE('',*,*,#4591,.T.);
#6485=ORIENTED_EDGE('',*,*,#4822,.T.);
#6486=ORIENTED_EDGE('',*,*,#4777,.T.);
#6487=ORIENTED_EDGE('',*,*,#4822,.F.);
#6488=ORIENTED_EDGE('',*,*,#4433,.T.);
#6489=ORIENTED_EDGE('',*,*,#4823,.T.);
#6490=ORIENTED_EDGE('',*,*,#4806,.T.);
#6491=ORIENTED_EDGE('',*,*,#4808,.T.);
#6492=ORIENTED_EDGE('',*,*,#4810,.T.);
#6493=ORIENTED_EDGE('',*,*,#4812,.T.);
#6494=ORIENTED_EDGE('',*,*,#4437,.T.);
#6495=ORIENTED_EDGE('',*,*,#4662,.T.);
#6496=ORIENTED_EDGE('',*,*,#4665,.T.);
#6497=ORIENTED_EDGE('',*,*,#4668,.T.);
#6498=ORIENTED_EDGE('',*,*,#4770,.T.);
#6499=ORIENTED_EDGE('',*,*,#4823,.F.);
#6500=ORIENTED_EDGE('',*,*,#4813,.T.);
#6501=ORIENTED_EDGE('',*,*,#4824,.T.);
#6502=ORIENTED_EDGE('',*,*,#4771,.T.);
#6503=ORIENTED_EDGE('',*,*,#4824,.F.);
#6504=ORIENTED_EDGE('',*,*,#4815,.T.);
#6505=ORIENTED_EDGE('',*,*,#4825,.F.);
#6506=ORIENTED_EDGE('',*,*,#4778,.T.);
#6507=ORIENTED_EDGE('',*,*,#4780,.T.);
#6508=ORIENTED_EDGE('',*,*,#4782,.T.);
#6509=ORIENTED_EDGE('',*,*,#4784,.T.);
#6510=ORIENTED_EDGE('',*,*,#4468,.T.);
#6511=ORIENTED_EDGE('',*,*,#4465,.T.);
#6512=ORIENTED_EDGE('',*,*,#4462,.T.);
#6513=ORIENTED_EDGE('',*,*,#4458,.T.);
#6514=ORIENTED_EDGE('',*,*,#4785,.T.);
#6515=ORIENTED_EDGE('',*,*,#4787,.T.);
#6516=ORIENTED_EDGE('',*,*,#4789,.T.);
#6517=ORIENTED_EDGE('',*,*,#4791,.T.);
#6518=ORIENTED_EDGE('',*,*,#4455,.T.);
#6519=ORIENTED_EDGE('',*,*,#4452,.T.);
#6520=ORIENTED_EDGE('',*,*,#4449,.T.);
#6521=ORIENTED_EDGE('',*,*,#4445,.T.);
#6522=ORIENTED_EDGE('',*,*,#4792,.T.);
#6523=ORIENTED_EDGE('',*,*,#4794,.T.);
#6524=ORIENTED_EDGE('',*,*,#4796,.T.);
#6525=ORIENTED_EDGE('',*,*,#4798,.T.);
#6526=ORIENTED_EDGE('',*,*,#4471,.T.);
#6527=ORIENTED_EDGE('',*,*,#4683,.T.);
#6528=ORIENTED_EDGE('',*,*,#4686,.T.);
#6529=ORIENTED_EDGE('',*,*,#4689,.T.);
#6530=ORIENTED_EDGE('',*,*,#4766,.T.);
#6531=ORIENTED_EDGE('',*,*,#4773,.T.);
#6532=ORIENTED_EDGE('',*,*,#4826,.F.);
#6533=ORIENTED_EDGE('',*,*,#4819,.T.);
#6534=ORIENTED_EDGE('',*,*,#4827,.T.);
#6535=ORIENTED_EDGE('',*,*,#4769,.T.);
#6536=ORIENTED_EDGE('',*,*,#4772,.T.);
#6537=ORIENTED_EDGE('',*,*,#4825,.T.);
#6538=ORIENTED_EDGE('',*,*,#4817,.T.);
#6539=ORIENTED_EDGE('',*,*,#4826,.T.);
#6540=ORIENTED_EDGE('',*,*,#4774,.T.);
#6541=ORIENTED_EDGE('',*,*,#4827,.F.);
#6542=ORIENTED_EDGE('',*,*,#4597,.T.);
#6543=ORIENTED_EDGE('',*,*,#4820,.T.);
#6544=ORIENTED_EDGE('',*,*,#4828,.T.);
#6545=ORIENTED_EDGE('',*,*,#4829,.T.);
#6546=ORIENTED_EDGE('',*,*,#4830,.T.);
#6547=ORIENTED_EDGE('',*,*,#4831,.T.);
#6548=ORIENTED_EDGE('',*,*,#4832,.F.);
#6549=ORIENTED_EDGE('',*,*,#4833,.F.);
#6550=ORIENTED_EDGE('',*,*,#4834,.F.);
#6551=ORIENTED_EDGE('',*,*,#4832,.T.);
#6552=ORIENTED_EDGE('',*,*,#4835,.T.);
#6553=ORIENTED_EDGE('',*,*,#4836,.F.);
#6554=ORIENTED_EDGE('',*,*,#4835,.F.);
#6555=ORIENTED_EDGE('',*,*,#4833,.T.);
#6556=ORIENTED_EDGE('',*,*,#4837,.T.);
#6557=ORIENTED_EDGE('',*,*,#4838,.F.);
#6558=ORIENTED_EDGE('',*,*,#4837,.F.);
#6559=ORIENTED_EDGE('',*,*,#4834,.T.);
#6560=ORIENTED_EDGE('',*,*,#4839,.T.);
#6561=ORIENTED_EDGE('',*,*,#4840,.F.);
#6562=ORIENTED_EDGE('',*,*,#4839,.F.);
#6563=ORIENTED_EDGE('',*,*,#4841,.T.);
#6564=ORIENTED_EDGE('',*,*,#4842,.F.);
#6565=ORIENTED_EDGE('',*,*,#4843,.T.);
#6566=ORIENTED_EDGE('',*,*,#4844,.T.);
#6567=ORIENTED_EDGE('',*,*,#4845,.T.);
#6568=ORIENTED_EDGE('',*,*,#4846,.T.);
#6569=ORIENTED_EDGE('',*,*,#4847,.T.);
#6570=ORIENTED_EDGE('',*,*,#4844,.F.);
#6571=ORIENTED_EDGE('',*,*,#4845,.F.);
#6572=ORIENTED_EDGE('',*,*,#4843,.F.);
#6573=ORIENTED_EDGE('',*,*,#4848,.F.);
#6574=ORIENTED_EDGE('',*,*,#4849,.F.);
#6575=ORIENTED_EDGE('',*,*,#4850,.F.);
#6576=ORIENTED_EDGE('',*,*,#4836,.T.);
#6577=ORIENTED_EDGE('',*,*,#4851,.T.);
#6578=ORIENTED_EDGE('',*,*,#4852,.F.);
#6579=ORIENTED_EDGE('',*,*,#4853,.T.);
#6580=ORIENTED_EDGE('',*,*,#4854,.T.);
#6581=ORIENTED_EDGE('',*,*,#4855,.T.);
#6582=ORIENTED_EDGE('',*,*,#4856,.T.);
#6583=ORIENTED_EDGE('',*,*,#4857,.T.);
#6584=ORIENTED_EDGE('',*,*,#4854,.F.);
#6585=ORIENTED_EDGE('',*,*,#4855,.F.);
#6586=ORIENTED_EDGE('',*,*,#4853,.F.);
#6587=ORIENTED_EDGE('',*,*,#4858,.F.);
#6588=ORIENTED_EDGE('',*,*,#4859,.F.);
#6589=ORIENTED_EDGE('',*,*,#4860,.F.);
#6590=ORIENTED_EDGE('',*,*,#4838,.T.);
#6591=ORIENTED_EDGE('',*,*,#4861,.T.);
#6592=ORIENTED_EDGE('',*,*,#4862,.T.);
#6593=ORIENTED_EDGE('',*,*,#4863,.T.);
#6594=ORIENTED_EDGE('',*,*,#4864,.F.);
#6595=ORIENTED_EDGE('',*,*,#4865,.T.);
#6596=ORIENTED_EDGE('',*,*,#4862,.F.);
#6597=ORIENTED_EDGE('',*,*,#4866,.T.);
#6598=ORIENTED_EDGE('',*,*,#4867,.T.);
#6599=ORIENTED_EDGE('',*,*,#4861,.F.);
#6600=ORIENTED_EDGE('',*,*,#4868,.F.);
#6601=ORIENTED_EDGE('',*,*,#4869,.F.);
#6602=ORIENTED_EDGE('',*,*,#4870,.F.);
#6603=ORIENTED_EDGE('',*,*,#4866,.F.);
#6604=ORIENTED_EDGE('',*,*,#4840,.T.);
#6605=ORIENTED_EDGE('',*,*,#4871,.T.);
#6606=ORIENTED_EDGE('',*,*,#4872,.F.);
#6607=ORIENTED_EDGE('',*,*,#4873,.T.);
#6608=ORIENTED_EDGE('',*,*,#4874,.F.);
#6609=ORIENTED_EDGE('',*,*,#4875,.T.);
#6610=ORIENTED_EDGE('',*,*,#4876,.T.);
#6611=ORIENTED_EDGE('',*,*,#4877,.T.);
#6612=ORIENTED_EDGE('',*,*,#4874,.T.);
#6613=ORIENTED_EDGE('',*,*,#4875,.F.);
#6614=ORIENTED_EDGE('',*,*,#4873,.F.);
#6615=ORIENTED_EDGE('',*,*,#4878,.F.);
#6616=ORIENTED_EDGE('',*,*,#4879,.F.);
#6617=ORIENTED_EDGE('',*,*,#4880,.F.);
#6618=ORIENTED_EDGE('',*,*,#4881,.T.);
#6619=ORIENTED_EDGE('',*,*,#4882,.T.);
#6620=ORIENTED_EDGE('',*,*,#4883,.T.);
#6621=ORIENTED_EDGE('',*,*,#4884,.T.);
#6622=ORIENTED_EDGE('',*,*,#4885,.T.);
#6623=ORIENTED_EDGE('',*,*,#4886,.T.);
#6624=ORIENTED_EDGE('',*,*,#4887,.T.);
#6625=ORIENTED_EDGE('',*,*,#4888,.T.);
#6626=ORIENTED_EDGE('',*,*,#4889,.T.);
#6627=ORIENTED_EDGE('',*,*,#4890,.T.);
#6628=ORIENTED_EDGE('',*,*,#4891,.T.);
#6629=ORIENTED_EDGE('',*,*,#4892,.T.);
#6630=ORIENTED_EDGE('',*,*,#4893,.T.);
#6631=ORIENTED_EDGE('',*,*,#4894,.T.);
#6632=ORIENTED_EDGE('',*,*,#4895,.T.);
#6633=ORIENTED_EDGE('',*,*,#4896,.T.);
#6634=ORIENTED_EDGE('',*,*,#4897,.T.);
#6635=ORIENTED_EDGE('',*,*,#4898,.T.);
#6636=ORIENTED_EDGE('',*,*,#4899,.T.);
#6637=ORIENTED_EDGE('',*,*,#4900,.T.);
#6638=ORIENTED_EDGE('',*,*,#4901,.T.);
#6639=ORIENTED_EDGE('',*,*,#4841,.F.);
#6640=ORIENTED_EDGE('',*,*,#4902,.T.);
#6641=ORIENTED_EDGE('',*,*,#4903,.T.);
#6642=ORIENTED_EDGE('',*,*,#4904,.F.);
#6643=ORIENTED_EDGE('',*,*,#4905,.T.);
#6644=ORIENTED_EDGE('',*,*,#4906,.F.);
#6645=ORIENTED_EDGE('',*,*,#4848,.T.);
#6646=ORIENTED_EDGE('',*,*,#4842,.T.);
#6647=ORIENTED_EDGE('',*,*,#4907,.F.);
#6648=ORIENTED_EDGE('',*,*,#4849,.T.);
#6649=ORIENTED_EDGE('',*,*,#4906,.T.);
#6650=ORIENTED_EDGE('',*,*,#4908,.T.);
#6651=ORIENTED_EDGE('',*,*,#4847,.F.);
#6652=ORIENTED_EDGE('',*,*,#4909,.T.);
#6653=ORIENTED_EDGE('',*,*,#4910,.T.);
#6654=ORIENTED_EDGE('',*,*,#4902,.F.);
#6655=ORIENTED_EDGE('',*,*,#4850,.T.);
#6656=ORIENTED_EDGE('',*,*,#4907,.T.);
#6657=ORIENTED_EDGE('',*,*,#4911,.T.);
#6658=ORIENTED_EDGE('',*,*,#4846,.F.);
#6659=ORIENTED_EDGE('',*,*,#4912,.T.);
#6660=ORIENTED_EDGE('',*,*,#4913,.F.);
#6661=ORIENTED_EDGE('',*,*,#4914,.F.);
#6662=ORIENTED_EDGE('',*,*,#4915,.T.);
#6663=ORIENTED_EDGE('',*,*,#4851,.F.);
#6664=ORIENTED_EDGE('',*,*,#4916,.T.);
#6665=ORIENTED_EDGE('',*,*,#4917,.T.);
#6666=ORIENTED_EDGE('',*,*,#4918,.F.);
#6667=ORIENTED_EDGE('',*,*,#4919,.T.);
#6668=ORIENTED_EDGE('',*,*,#4920,.F.);
#6669=ORIENTED_EDGE('',*,*,#4858,.T.);
#6670=ORIENTED_EDGE('',*,*,#4852,.T.);
#6671=ORIENTED_EDGE('',*,*,#4921,.F.);
#6672=ORIENTED_EDGE('',*,*,#4859,.T.);
#6673=ORIENTED_EDGE('',*,*,#4920,.T.);
#6674=ORIENTED_EDGE('',*,*,#4922,.T.);
#6675=ORIENTED_EDGE('',*,*,#4857,.F.);
#6676=ORIENTED_EDGE('',*,*,#4923,.T.);
#6677=ORIENTED_EDGE('',*,*,#4924,.T.);
#6678=ORIENTED_EDGE('',*,*,#4916,.F.);
#6679=ORIENTED_EDGE('',*,*,#4860,.T.);
#6680=ORIENTED_EDGE('',*,*,#4921,.T.);
#6681=ORIENTED_EDGE('',*,*,#4925,.T.);
#6682=ORIENTED_EDGE('',*,*,#4856,.F.);
#6683=ORIENTED_EDGE('',*,*,#4926,.T.);
#6684=ORIENTED_EDGE('',*,*,#4927,.T.);
#6685=ORIENTED_EDGE('',*,*,#4928,.T.);
#6686=ORIENTED_EDGE('',*,*,#4929,.F.);
#6687=ORIENTED_EDGE('',*,*,#4863,.F.);
#6688=ORIENTED_EDGE('',*,*,#4930,.T.);
#6689=ORIENTED_EDGE('',*,*,#4931,.T.);
#6690=ORIENTED_EDGE('',*,*,#4932,.F.);
#6691=ORIENTED_EDGE('',*,*,#4933,.T.);
#6692=ORIENTED_EDGE('',*,*,#4934,.F.);
#6693=ORIENTED_EDGE('',*,*,#4868,.T.);
#6694=ORIENTED_EDGE('',*,*,#4864,.T.);
#6695=ORIENTED_EDGE('',*,*,#4935,.F.);
#6696=ORIENTED_EDGE('',*,*,#4869,.T.);
#6697=ORIENTED_EDGE('',*,*,#4934,.T.);
#6698=ORIENTED_EDGE('',*,*,#4936,.T.);
#6699=ORIENTED_EDGE('',*,*,#4865,.F.);
#6700=ORIENTED_EDGE('',*,*,#4937,.T.);
#6701=ORIENTED_EDGE('',*,*,#4938,.T.);
#6702=ORIENTED_EDGE('',*,*,#4930,.F.);
#6703=ORIENTED_EDGE('',*,*,#4870,.T.);
#6704=ORIENTED_EDGE('',*,*,#4935,.T.);
#6705=ORIENTED_EDGE('',*,*,#4939,.T.);
#6706=ORIENTED_EDGE('',*,*,#4867,.F.);
#6707=ORIENTED_EDGE('',*,*,#4940,.T.);
#6708=ORIENTED_EDGE('',*,*,#4941,.T.);
#6709=ORIENTED_EDGE('',*,*,#4942,.T.);
#6710=ORIENTED_EDGE('',*,*,#4943,.F.);
#6711=ORIENTED_EDGE('',*,*,#4871,.F.);
#6712=ORIENTED_EDGE('',*,*,#4944,.T.);
#6713=ORIENTED_EDGE('',*,*,#4945,.T.);
#6714=ORIENTED_EDGE('',*,*,#4946,.F.);
#6715=ORIENTED_EDGE('',*,*,#4947,.T.);
#6716=ORIENTED_EDGE('',*,*,#4948,.F.);
#6717=ORIENTED_EDGE('',*,*,#4878,.T.);
#6718=ORIENTED_EDGE('',*,*,#4872,.T.);
#6719=ORIENTED_EDGE('',*,*,#4948,.T.);
#6720=ORIENTED_EDGE('',*,*,#4949,.T.);
#6721=ORIENTED_EDGE('',*,*,#4950,.F.);
#6722=ORIENTED_EDGE('',*,*,#4879,.T.);
#6723=ORIENTED_EDGE('',*,*,#4877,.F.);
#6724=ORIENTED_EDGE('',*,*,#4951,.T.);
#6725=ORIENTED_EDGE('',*,*,#4952,.T.);
#6726=ORIENTED_EDGE('',*,*,#4944,.F.);
#6727=ORIENTED_EDGE('',*,*,#4880,.T.);
#6728=ORIENTED_EDGE('',*,*,#4950,.T.);
#6729=ORIENTED_EDGE('',*,*,#4953,.T.);
#6730=ORIENTED_EDGE('',*,*,#4876,.F.);
#6731=ORIENTED_EDGE('',*,*,#4954,.T.);
#6732=ORIENTED_EDGE('',*,*,#4955,.F.);
#6733=ORIENTED_EDGE('',*,*,#4956,.T.);
#6734=ORIENTED_EDGE('',*,*,#4957,.T.);
#6735=ORIENTED_EDGE('',*,*,#4958,.F.);
#6736=ORIENTED_EDGE('',*,*,#4959,.F.);
#6737=ORIENTED_EDGE('',*,*,#4960,.F.);
#6738=ORIENTED_EDGE('',*,*,#4961,.T.);
#6739=ORIENTED_EDGE('',*,*,#4883,.F.);
#6740=ORIENTED_EDGE('',*,*,#4962,.T.);
#6741=ORIENTED_EDGE('',*,*,#4963,.T.);
#6742=ORIENTED_EDGE('',*,*,#4964,.F.);
#6743=ORIENTED_EDGE('',*,*,#4884,.F.);
#6744=ORIENTED_EDGE('',*,*,#4964,.T.);
#6745=ORIENTED_EDGE('',*,*,#4965,.T.);
#6746=ORIENTED_EDGE('',*,*,#4966,.F.);
#6747=ORIENTED_EDGE('',*,*,#4885,.F.);
#6748=ORIENTED_EDGE('',*,*,#4966,.T.);
#6749=ORIENTED_EDGE('',*,*,#4967,.T.);
#6750=ORIENTED_EDGE('',*,*,#4968,.F.);
#6751=ORIENTED_EDGE('',*,*,#4886,.F.);
#6752=ORIENTED_EDGE('',*,*,#4968,.T.);
#6753=ORIENTED_EDGE('',*,*,#4969,.T.);
#6754=ORIENTED_EDGE('',*,*,#4970,.F.);
#6755=ORIENTED_EDGE('',*,*,#4887,.F.);
#6756=ORIENTED_EDGE('',*,*,#4970,.T.);
#6757=ORIENTED_EDGE('',*,*,#4971,.T.);
#6758=ORIENTED_EDGE('',*,*,#4972,.F.);
#6759=ORIENTED_EDGE('',*,*,#4881,.F.);
#6760=ORIENTED_EDGE('',*,*,#4972,.T.);
#6761=ORIENTED_EDGE('',*,*,#4973,.T.);
#6762=ORIENTED_EDGE('',*,*,#4974,.F.);
#6763=ORIENTED_EDGE('',*,*,#4882,.F.);
#6764=ORIENTED_EDGE('',*,*,#4974,.T.);
#6765=ORIENTED_EDGE('',*,*,#4975,.T.);
#6766=ORIENTED_EDGE('',*,*,#4962,.F.);
#6767=ORIENTED_EDGE('',*,*,#4890,.F.);
#6768=ORIENTED_EDGE('',*,*,#4976,.T.);
#6769=ORIENTED_EDGE('',*,*,#4977,.T.);
#6770=ORIENTED_EDGE('',*,*,#4978,.F.);
#6771=ORIENTED_EDGE('',*,*,#4891,.F.);
#6772=ORIENTED_EDGE('',*,*,#4978,.T.);
#6773=ORIENTED_EDGE('',*,*,#4979,.T.);
#6774=ORIENTED_EDGE('',*,*,#4980,.F.);
#6775=ORIENTED_EDGE('',*,*,#4892,.F.);
#6776=ORIENTED_EDGE('',*,*,#4980,.T.);
#6777=ORIENTED_EDGE('',*,*,#4981,.T.);
#6778=ORIENTED_EDGE('',*,*,#4982,.F.);
#6779=ORIENTED_EDGE('',*,*,#4893,.F.);
#6780=ORIENTED_EDGE('',*,*,#4982,.T.);
#6781=ORIENTED_EDGE('',*,*,#4983,.T.);
#6782=ORIENTED_EDGE('',*,*,#4984,.F.);
#6783=ORIENTED_EDGE('',*,*,#4894,.F.);
#6784=ORIENTED_EDGE('',*,*,#4984,.T.);
#6785=ORIENTED_EDGE('',*,*,#4985,.T.);
#6786=ORIENTED_EDGE('',*,*,#4986,.F.);
#6787=ORIENTED_EDGE('',*,*,#4888,.F.);
#6788=ORIENTED_EDGE('',*,*,#4986,.T.);
#6789=ORIENTED_EDGE('',*,*,#4987,.T.);
#6790=ORIENTED_EDGE('',*,*,#4988,.F.);
#6791=ORIENTED_EDGE('',*,*,#4889,.F.);
#6792=ORIENTED_EDGE('',*,*,#4988,.T.);
#6793=ORIENTED_EDGE('',*,*,#4989,.T.);
#6794=ORIENTED_EDGE('',*,*,#4976,.F.);
#6795=ORIENTED_EDGE('',*,*,#4897,.F.);
#6796=ORIENTED_EDGE('',*,*,#4990,.T.);
#6797=ORIENTED_EDGE('',*,*,#4991,.T.);
#6798=ORIENTED_EDGE('',*,*,#4992,.F.);
#6799=ORIENTED_EDGE('',*,*,#4898,.F.);
#6800=ORIENTED_EDGE('',*,*,#4992,.T.);
#6801=ORIENTED_EDGE('',*,*,#4993,.T.);
#6802=ORIENTED_EDGE('',*,*,#4994,.F.);
#6803=ORIENTED_EDGE('',*,*,#4899,.F.);
#6804=ORIENTED_EDGE('',*,*,#4994,.T.);
#6805=ORIENTED_EDGE('',*,*,#4995,.T.);
#6806=ORIENTED_EDGE('',*,*,#4996,.F.);
#6807=ORIENTED_EDGE('',*,*,#4900,.F.);
#6808=ORIENTED_EDGE('',*,*,#4996,.T.);
#6809=ORIENTED_EDGE('',*,*,#4997,.T.);
#6810=ORIENTED_EDGE('',*,*,#4998,.F.);
#6811=ORIENTED_EDGE('',*,*,#4901,.F.);
#6812=ORIENTED_EDGE('',*,*,#4998,.T.);
#6813=ORIENTED_EDGE('',*,*,#4999,.T.);
#6814=ORIENTED_EDGE('',*,*,#5000,.F.);
#6815=ORIENTED_EDGE('',*,*,#4895,.F.);
#6816=ORIENTED_EDGE('',*,*,#5000,.T.);
#6817=ORIENTED_EDGE('',*,*,#5001,.T.);
#6818=ORIENTED_EDGE('',*,*,#5002,.F.);
#6819=ORIENTED_EDGE('',*,*,#4896,.F.);
#6820=ORIENTED_EDGE('',*,*,#5002,.T.);
#6821=ORIENTED_EDGE('',*,*,#5003,.T.);
#6822=ORIENTED_EDGE('',*,*,#4990,.F.);
#6823=ORIENTED_EDGE('',*,*,#5004,.F.);
#6824=ORIENTED_EDGE('',*,*,#5005,.T.);
#6825=ORIENTED_EDGE('',*,*,#5006,.F.);
#6826=ORIENTED_EDGE('',*,*,#5007,.T.);
#6827=ORIENTED_EDGE('',*,*,#4958,.T.);
#6828=ORIENTED_EDGE('',*,*,#5008,.T.);
#6829=ORIENTED_EDGE('',*,*,#5006,.T.);
#6830=ORIENTED_EDGE('',*,*,#5009,.T.);
#6831=ORIENTED_EDGE('',*,*,#5010,.T.);
#6832=ORIENTED_EDGE('',*,*,#5011,.T.);
#6833=ORIENTED_EDGE('',*,*,#5012,.F.);
#6834=ORIENTED_EDGE('',*,*,#5013,.T.);
#6835=ORIENTED_EDGE('',*,*,#5014,.T.);
#6836=ORIENTED_EDGE('',*,*,#5015,.T.);
#6837=ORIENTED_EDGE('',*,*,#5010,.F.);
#6838=ORIENTED_EDGE('',*,*,#5016,.T.);
#6839=ORIENTED_EDGE('',*,*,#5012,.T.);
#6840=ORIENTED_EDGE('',*,*,#5017,.T.);
#6841=ORIENTED_EDGE('',*,*,#5004,.T.);
#6842=ORIENTED_EDGE('',*,*,#5018,.T.);
#6843=ORIENTED_EDGE('',*,*,#5019,.F.);
#6844=ORIENTED_EDGE('',*,*,#5020,.F.);
#6845=ORIENTED_EDGE('',*,*,#5021,.F.);
#6846=ORIENTED_EDGE('',*,*,#5022,.F.);
#6847=ORIENTED_EDGE('',*,*,#5023,.F.);
#6848=ORIENTED_EDGE('',*,*,#5024,.F.);
#6849=ORIENTED_EDGE('',*,*,#5025,.F.);
#6850=ORIENTED_EDGE('',*,*,#5026,.F.);
#6851=ORIENTED_EDGE('',*,*,#4924,.F.);
#6852=ORIENTED_EDGE('',*,*,#5027,.F.);
#6853=ORIENTED_EDGE('',*,*,#4927,.F.);
#6854=ORIENTED_EDGE('',*,*,#5028,.T.);
#6855=ORIENTED_EDGE('',*,*,#4931,.F.);
#6856=ORIENTED_EDGE('',*,*,#4938,.F.);
#6857=ORIENTED_EDGE('',*,*,#5029,.F.);
#6858=ORIENTED_EDGE('',*,*,#4941,.F.);
#6859=ORIENTED_EDGE('',*,*,#5030,.T.);
#6860=ORIENTED_EDGE('',*,*,#4945,.F.);
#6861=ORIENTED_EDGE('',*,*,#4952,.F.);
#6862=ORIENTED_EDGE('',*,*,#5031,.F.);
#6863=ORIENTED_EDGE('',*,*,#4957,.F.);
#6864=ORIENTED_EDGE('',*,*,#5032,.T.);
#6865=ORIENTED_EDGE('',*,*,#4903,.F.);
#6866=ORIENTED_EDGE('',*,*,#4910,.F.);
#6867=ORIENTED_EDGE('',*,*,#5033,.F.);
#6868=ORIENTED_EDGE('',*,*,#4915,.F.);
#6869=ORIENTED_EDGE('',*,*,#5034,.T.);
#6870=ORIENTED_EDGE('',*,*,#4917,.F.);
#6871=ORIENTED_EDGE('',*,*,#4905,.F.);
#6872=ORIENTED_EDGE('',*,*,#4904,.T.);
#6873=ORIENTED_EDGE('',*,*,#5032,.F.);
#6874=ORIENTED_EDGE('',*,*,#4956,.F.);
#6875=ORIENTED_EDGE('',*,*,#5035,.F.);
#6876=ORIENTED_EDGE('',*,*,#5036,.F.);
#6877=ORIENTED_EDGE('',*,*,#5037,.F.);
#6878=ORIENTED_EDGE('',*,*,#4908,.F.);
#6879=ORIENTED_EDGE('',*,*,#5037,.T.);
#6880=ORIENTED_EDGE('',*,*,#5038,.F.);
#6881=ORIENTED_EDGE('',*,*,#5039,.F.);
#6882=ORIENTED_EDGE('',*,*,#4911,.F.);
#6883=ORIENTED_EDGE('',*,*,#5039,.T.);
#6884=ORIENTED_EDGE('',*,*,#5040,.F.);
#6885=ORIENTED_EDGE('',*,*,#5041,.F.);
#6886=ORIENTED_EDGE('',*,*,#4912,.F.);
#6887=ORIENTED_EDGE('',*,*,#5033,.T.);
#6888=ORIENTED_EDGE('',*,*,#4909,.F.);
#6889=ORIENTED_EDGE('',*,*,#5041,.T.);
#6890=ORIENTED_EDGE('',*,*,#5042,.T.);
#6891=ORIENTED_EDGE('',*,*,#5043,.F.);
#6892=ORIENTED_EDGE('',*,*,#4913,.T.);
#6893=ORIENTED_EDGE('',*,*,#4919,.F.);
#6894=ORIENTED_EDGE('',*,*,#4918,.T.);
#6895=ORIENTED_EDGE('',*,*,#5034,.F.);
#6896=ORIENTED_EDGE('',*,*,#4914,.T.);
#6897=ORIENTED_EDGE('',*,*,#5043,.T.);
#6898=ORIENTED_EDGE('',*,*,#5044,.T.);
#6899=ORIENTED_EDGE('',*,*,#5045,.F.);
#6900=ORIENTED_EDGE('',*,*,#4922,.F.);
#6901=ORIENTED_EDGE('',*,*,#5045,.T.);
#6902=ORIENTED_EDGE('',*,*,#5046,.T.);
#6903=ORIENTED_EDGE('',*,*,#5047,.F.);
#6904=ORIENTED_EDGE('',*,*,#4925,.F.);
#6905=ORIENTED_EDGE('',*,*,#5047,.T.);
#6906=ORIENTED_EDGE('',*,*,#5048,.T.);
#6907=ORIENTED_EDGE('',*,*,#5049,.T.);
#6908=ORIENTED_EDGE('',*,*,#4928,.F.);
#6909=ORIENTED_EDGE('',*,*,#5027,.T.);
#6910=ORIENTED_EDGE('',*,*,#4923,.F.);
#6911=ORIENTED_EDGE('',*,*,#5050,.T.);
#6912=ORIENTED_EDGE('',*,*,#4929,.T.);
#6913=ORIENTED_EDGE('',*,*,#5049,.F.);
#6914=ORIENTED_EDGE('',*,*,#5051,.T.);
#6915=ORIENTED_EDGE('',*,*,#4933,.F.);
#6916=ORIENTED_EDGE('',*,*,#4932,.T.);
#6917=ORIENTED_EDGE('',*,*,#5028,.F.);
#6918=ORIENTED_EDGE('',*,*,#4926,.F.);
#6919=ORIENTED_EDGE('',*,*,#5050,.F.);
#6920=ORIENTED_EDGE('',*,*,#5052,.F.);
#6921=ORIENTED_EDGE('',*,*,#5053,.F.);
#6922=ORIENTED_EDGE('',*,*,#4936,.F.);
#6923=ORIENTED_EDGE('',*,*,#5053,.T.);
#6924=ORIENTED_EDGE('',*,*,#5054,.F.);
#6925=ORIENTED_EDGE('',*,*,#5055,.F.);
#6926=ORIENTED_EDGE('',*,*,#4939,.F.);
#6927=ORIENTED_EDGE('',*,*,#5055,.T.);
#6928=ORIENTED_EDGE('',*,*,#5056,.F.);
#6929=ORIENTED_EDGE('',*,*,#5057,.F.);
#6930=ORIENTED_EDGE('',*,*,#4942,.F.);
#6931=ORIENTED_EDGE('',*,*,#5029,.T.);
#6932=ORIENTED_EDGE('',*,*,#4937,.F.);
#6933=ORIENTED_EDGE('',*,*,#5058,.T.);
#6934=ORIENTED_EDGE('',*,*,#4943,.T.);
#6935=ORIENTED_EDGE('',*,*,#5057,.T.);
#6936=ORIENTED_EDGE('',*,*,#5059,.T.);
#6937=ORIENTED_EDGE('',*,*,#4947,.F.);
#6938=ORIENTED_EDGE('',*,*,#4946,.T.);
#6939=ORIENTED_EDGE('',*,*,#5030,.F.);
#6940=ORIENTED_EDGE('',*,*,#4940,.F.);
#6941=ORIENTED_EDGE('',*,*,#5058,.F.);
#6942=ORIENTED_EDGE('',*,*,#5060,.F.);
#6943=ORIENTED_EDGE('',*,*,#5061,.F.);
#6944=ORIENTED_EDGE('',*,*,#4949,.F.);
#6945=ORIENTED_EDGE('',*,*,#5061,.T.);
#6946=ORIENTED_EDGE('',*,*,#5062,.T.);
#6947=ORIENTED_EDGE('',*,*,#5063,.T.);
#6948=ORIENTED_EDGE('',*,*,#4953,.F.);
#6949=ORIENTED_EDGE('',*,*,#5063,.F.);
#6950=ORIENTED_EDGE('',*,*,#5064,.F.);
#6951=ORIENTED_EDGE('',*,*,#5065,.F.);
#6952=ORIENTED_EDGE('',*,*,#4954,.F.);
#6953=ORIENTED_EDGE('',*,*,#5031,.T.);
#6954=ORIENTED_EDGE('',*,*,#4951,.F.);
#6955=ORIENTED_EDGE('',*,*,#5066,.T.);
#6956=ORIENTED_EDGE('',*,*,#5067,.T.);
#6957=ORIENTED_EDGE('',*,*,#5035,.T.);
#6958=ORIENTED_EDGE('',*,*,#4955,.T.);
#6959=ORIENTED_EDGE('',*,*,#5065,.T.);
#6960=ORIENTED_EDGE('',*,*,#5068,.T.);
#6961=ORIENTED_EDGE('',*,*,#5069,.T.);
#6962=ORIENTED_EDGE('',*,*,#4960,.T.);
#6963=ORIENTED_EDGE('',*,*,#5018,.F.);
#6964=ORIENTED_EDGE('',*,*,#5008,.F.);
#6965=ORIENTED_EDGE('',*,*,#4961,.F.);
#6966=ORIENTED_EDGE('',*,*,#5069,.F.);
#6967=ORIENTED_EDGE('',*,*,#5070,.F.);
#6968=ORIENTED_EDGE('',*,*,#5071,.T.);
#6969=ORIENTED_EDGE('',*,*,#5013,.F.);
#6970=ORIENTED_EDGE('',*,*,#5014,.F.);
#6971=ORIENTED_EDGE('',*,*,#5071,.F.);
#6972=ORIENTED_EDGE('',*,*,#5072,.F.);
#6973=ORIENTED_EDGE('',*,*,#5073,.T.);
#6974=ORIENTED_EDGE('',*,*,#5011,.F.);
#6975=ORIENTED_EDGE('',*,*,#5015,.F.);
#6976=ORIENTED_EDGE('',*,*,#5073,.F.);
#6977=ORIENTED_EDGE('',*,*,#5074,.F.);
#6978=ORIENTED_EDGE('',*,*,#5066,.F.);
#6979=ORIENTED_EDGE('',*,*,#4959,.T.);
#6980=ORIENTED_EDGE('',*,*,#5007,.F.);
#6981=ORIENTED_EDGE('',*,*,#5075,.F.);
#6982=ORIENTED_EDGE('',*,*,#5076,.T.);
#6983=ORIENTED_EDGE('',*,*,#5077,.F.);
#6984=ORIENTED_EDGE('',*,*,#5078,.F.);
#6985=ORIENTED_EDGE('',*,*,#5079,.F.);
#6986=ORIENTED_EDGE('',*,*,#5080,.T.);
#6987=ORIENTED_EDGE('',*,*,#5081,.F.);
#6988=ORIENTED_EDGE('',*,*,#5076,.F.);
#6989=ORIENTED_EDGE('',*,*,#5082,.F.);
#6990=ORIENTED_EDGE('',*,*,#5083,.T.);
#6991=ORIENTED_EDGE('',*,*,#5084,.F.);
#6992=ORIENTED_EDGE('',*,*,#5080,.F.);
#6993=ORIENTED_EDGE('',*,*,#5085,.F.);
#6994=ORIENTED_EDGE('',*,*,#5086,.T.);
#6995=ORIENTED_EDGE('',*,*,#5087,.F.);
#6996=ORIENTED_EDGE('',*,*,#5083,.F.);
#6997=ORIENTED_EDGE('',*,*,#5088,.F.);
#6998=ORIENTED_EDGE('',*,*,#5089,.F.);
#6999=ORIENTED_EDGE('',*,*,#5090,.F.);
#7000=ORIENTED_EDGE('',*,*,#5091,.F.);
#7001=ORIENTED_EDGE('',*,*,#5092,.F.);
#7002=ORIENTED_EDGE('',*,*,#5093,.F.);
#7003=ORIENTED_EDGE('',*,*,#5094,.F.);
#7004=ORIENTED_EDGE('',*,*,#5095,.F.);
#7005=ORIENTED_EDGE('',*,*,#5096,.F.);
#7006=ORIENTED_EDGE('',*,*,#5097,.F.);
#7007=ORIENTED_EDGE('',*,*,#5098,.F.);
#7008=ORIENTED_EDGE('',*,*,#5099,.F.);
#7009=ORIENTED_EDGE('',*,*,#5100,.F.);
#7010=ORIENTED_EDGE('',*,*,#5101,.F.);
#7011=ORIENTED_EDGE('',*,*,#5102,.F.);
#7012=ORIENTED_EDGE('',*,*,#5103,.F.);
#7013=ORIENTED_EDGE('',*,*,#5104,.F.);
#7014=ORIENTED_EDGE('',*,*,#5105,.F.);
#7015=ORIENTED_EDGE('',*,*,#5106,.F.);
#7016=ORIENTED_EDGE('',*,*,#5107,.F.);
#7017=ORIENTED_EDGE('',*,*,#5108,.F.);
#7018=ORIENTED_EDGE('',*,*,#5109,.F.);
#7019=ORIENTED_EDGE('',*,*,#5110,.F.);
#7020=ORIENTED_EDGE('',*,*,#5111,.F.);
#7021=ORIENTED_EDGE('',*,*,#5112,.F.);
#7022=ORIENTED_EDGE('',*,*,#5113,.F.);
#7023=ORIENTED_EDGE('',*,*,#5114,.F.);
#7024=ORIENTED_EDGE('',*,*,#5115,.F.);
#7025=ORIENTED_EDGE('',*,*,#5116,.F.);
#7026=ORIENTED_EDGE('',*,*,#5117,.F.);
#7027=ORIENTED_EDGE('',*,*,#5118,.F.);
#7028=ORIENTED_EDGE('',*,*,#5119,.F.);
#7029=ORIENTED_EDGE('',*,*,#5120,.F.);
#7030=ORIENTED_EDGE('',*,*,#5121,.F.);
#7031=ORIENTED_EDGE('',*,*,#5122,.F.);
#7032=ORIENTED_EDGE('',*,*,#5123,.F.);
#7033=ORIENTED_EDGE('',*,*,#5124,.F.);
#7034=ORIENTED_EDGE('',*,*,#5125,.F.);
#7035=ORIENTED_EDGE('',*,*,#5126,.F.);
#7036=ORIENTED_EDGE('',*,*,#5127,.F.);
#7037=ORIENTED_EDGE('',*,*,#5128,.F.);
#7038=ORIENTED_EDGE('',*,*,#5129,.F.);
#7039=ORIENTED_EDGE('',*,*,#5130,.F.);
#7040=ORIENTED_EDGE('',*,*,#5131,.F.);
#7041=ORIENTED_EDGE('',*,*,#5132,.F.);
#7042=ORIENTED_EDGE('',*,*,#5133,.F.);
#7043=ORIENTED_EDGE('',*,*,#5134,.F.);
#7044=ORIENTED_EDGE('',*,*,#5135,.F.);
#7045=ORIENTED_EDGE('',*,*,#5136,.F.);
#7046=ORIENTED_EDGE('',*,*,#5137,.F.);
#7047=ORIENTED_EDGE('',*,*,#5138,.F.);
#7048=ORIENTED_EDGE('',*,*,#5139,.F.);
#7049=ORIENTED_EDGE('',*,*,#5140,.F.);
#7050=ORIENTED_EDGE('',*,*,#5141,.F.);
#7051=ORIENTED_EDGE('',*,*,#5142,.F.);
#7052=ORIENTED_EDGE('',*,*,#5143,.F.);
#7053=ORIENTED_EDGE('',*,*,#5144,.F.);
#7054=ORIENTED_EDGE('',*,*,#5145,.F.);
#7055=ORIENTED_EDGE('',*,*,#5146,.F.);
#7056=ORIENTED_EDGE('',*,*,#5147,.F.);
#7057=ORIENTED_EDGE('',*,*,#5148,.F.);
#7058=ORIENTED_EDGE('',*,*,#5149,.F.);
#7059=ORIENTED_EDGE('',*,*,#5150,.F.);
#7060=ORIENTED_EDGE('',*,*,#5151,.F.);
#7061=ORIENTED_EDGE('',*,*,#5152,.F.);
#7062=ORIENTED_EDGE('',*,*,#5153,.F.);
#7063=ORIENTED_EDGE('',*,*,#5154,.F.);
#7064=ORIENTED_EDGE('',*,*,#5155,.F.);
#7065=ORIENTED_EDGE('',*,*,#5156,.F.);
#7066=ORIENTED_EDGE('',*,*,#5157,.F.);
#7067=ORIENTED_EDGE('',*,*,#5158,.F.);
#7068=ORIENTED_EDGE('',*,*,#5159,.F.);
#7069=ORIENTED_EDGE('',*,*,#5160,.F.);
#7070=ORIENTED_EDGE('',*,*,#5161,.F.);
#7071=ORIENTED_EDGE('',*,*,#5162,.F.);
#7072=ORIENTED_EDGE('',*,*,#5163,.F.);
#7073=ORIENTED_EDGE('',*,*,#5164,.F.);
#7074=ORIENTED_EDGE('',*,*,#5165,.F.);
#7075=ORIENTED_EDGE('',*,*,#5166,.F.);
#7076=ORIENTED_EDGE('',*,*,#5167,.F.);
#7077=ORIENTED_EDGE('',*,*,#5168,.F.);
#7078=ORIENTED_EDGE('',*,*,#5169,.F.);
#7079=ORIENTED_EDGE('',*,*,#5170,.F.);
#7080=ORIENTED_EDGE('',*,*,#5171,.F.);
#7081=ORIENTED_EDGE('',*,*,#5172,.F.);
#7082=ORIENTED_EDGE('',*,*,#5173,.F.);
#7083=ORIENTED_EDGE('',*,*,#5174,.F.);
#7084=ORIENTED_EDGE('',*,*,#5175,.F.);
#7085=ORIENTED_EDGE('',*,*,#5176,.F.);
#7086=ORIENTED_EDGE('',*,*,#5177,.F.);
#7087=ORIENTED_EDGE('',*,*,#5178,.F.);
#7088=ORIENTED_EDGE('',*,*,#5179,.F.);
#7089=ORIENTED_EDGE('',*,*,#5180,.F.);
#7090=ORIENTED_EDGE('',*,*,#5181,.F.);
#7091=ORIENTED_EDGE('',*,*,#5182,.F.);
#7092=ORIENTED_EDGE('',*,*,#5183,.F.);
#7093=ORIENTED_EDGE('',*,*,#5184,.F.);
#7094=ORIENTED_EDGE('',*,*,#5185,.F.);
#7095=ORIENTED_EDGE('',*,*,#5186,.F.);
#7096=ORIENTED_EDGE('',*,*,#5187,.F.);
#7097=ORIENTED_EDGE('',*,*,#5188,.F.);
#7098=ORIENTED_EDGE('',*,*,#5189,.F.);
#7099=ORIENTED_EDGE('',*,*,#5190,.F.);
#7100=ORIENTED_EDGE('',*,*,#5191,.F.);
#7101=ORIENTED_EDGE('',*,*,#5192,.F.);
#7102=ORIENTED_EDGE('',*,*,#5193,.F.);
#7103=ORIENTED_EDGE('',*,*,#5194,.F.);
#7104=ORIENTED_EDGE('',*,*,#5195,.F.);
#7105=ORIENTED_EDGE('',*,*,#5196,.F.);
#7106=ORIENTED_EDGE('',*,*,#5197,.F.);
#7107=ORIENTED_EDGE('',*,*,#5198,.F.);
#7108=ORIENTED_EDGE('',*,*,#5199,.F.);
#7109=ORIENTED_EDGE('',*,*,#5200,.F.);
#7110=ORIENTED_EDGE('',*,*,#5201,.F.);
#7111=ORIENTED_EDGE('',*,*,#5202,.F.);
#7112=ORIENTED_EDGE('',*,*,#5203,.F.);
#7113=ORIENTED_EDGE('',*,*,#5204,.F.);
#7114=ORIENTED_EDGE('',*,*,#5205,.F.);
#7115=ORIENTED_EDGE('',*,*,#5206,.F.);
#7116=ORIENTED_EDGE('',*,*,#4989,.F.);
#7117=ORIENTED_EDGE('',*,*,#4987,.F.);
#7118=ORIENTED_EDGE('',*,*,#4985,.F.);
#7119=ORIENTED_EDGE('',*,*,#4983,.F.);
#7120=ORIENTED_EDGE('',*,*,#4981,.F.);
#7121=ORIENTED_EDGE('',*,*,#4979,.F.);
#7122=ORIENTED_EDGE('',*,*,#4977,.F.);
#7123=ORIENTED_EDGE('',*,*,#4975,.F.);
#7124=ORIENTED_EDGE('',*,*,#4973,.F.);
#7125=ORIENTED_EDGE('',*,*,#4971,.F.);
#7126=ORIENTED_EDGE('',*,*,#4969,.F.);
#7127=ORIENTED_EDGE('',*,*,#4967,.F.);
#7128=ORIENTED_EDGE('',*,*,#4965,.F.);
#7129=ORIENTED_EDGE('',*,*,#4963,.F.);
#7130=ORIENTED_EDGE('',*,*,#5207,.F.);
#7131=ORIENTED_EDGE('',*,*,#5208,.F.);
#7132=ORIENTED_EDGE('',*,*,#5209,.F.);
#7133=ORIENTED_EDGE('',*,*,#5210,.F.);
#7134=ORIENTED_EDGE('',*,*,#5211,.F.);
#7135=ORIENTED_EDGE('',*,*,#5212,.F.);
#7136=ORIENTED_EDGE('',*,*,#5213,.F.);
#7137=ORIENTED_EDGE('',*,*,#5214,.F.);
#7138=ORIENTED_EDGE('',*,*,#5215,.F.);
#7139=ORIENTED_EDGE('',*,*,#5003,.F.);
#7140=ORIENTED_EDGE('',*,*,#5001,.F.);
#7141=ORIENTED_EDGE('',*,*,#4999,.F.);
#7142=ORIENTED_EDGE('',*,*,#4997,.F.);
#7143=ORIENTED_EDGE('',*,*,#4995,.F.);
#7144=ORIENTED_EDGE('',*,*,#4993,.F.);
#7145=ORIENTED_EDGE('',*,*,#4991,.F.);
#7146=ORIENTED_EDGE('',*,*,#5216,.F.);
#7147=ORIENTED_EDGE('',*,*,#5217,.F.);
#7148=ORIENTED_EDGE('',*,*,#5218,.F.);
#7149=ORIENTED_EDGE('',*,*,#5219,.F.);
#7150=ORIENTED_EDGE('',*,*,#5220,.F.);
#7151=ORIENTED_EDGE('',*,*,#5221,.F.);
#7152=ORIENTED_EDGE('',*,*,#5222,.F.);
#7153=ORIENTED_EDGE('',*,*,#5223,.F.);
#7154=ORIENTED_EDGE('',*,*,#5224,.F.);
#7155=ORIENTED_EDGE('',*,*,#5225,.F.);
#7156=ORIENTED_EDGE('',*,*,#5226,.F.);
#7157=ORIENTED_EDGE('',*,*,#5227,.F.);
#7158=ORIENTED_EDGE('',*,*,#5228,.F.);
#7159=ORIENTED_EDGE('',*,*,#5229,.T.);
#7160=ORIENTED_EDGE('',*,*,#5230,.F.);
#7161=ORIENTED_EDGE('',*,*,#5231,.F.);
#7162=ORIENTED_EDGE('',*,*,#5232,.F.);
#7163=ORIENTED_EDGE('',*,*,#5233,.T.);
#7164=ORIENTED_EDGE('',*,*,#5234,.F.);
#7165=ORIENTED_EDGE('',*,*,#5229,.F.);
#7166=ORIENTED_EDGE('',*,*,#5235,.F.);
#7167=ORIENTED_EDGE('',*,*,#5236,.T.);
#7168=ORIENTED_EDGE('',*,*,#5237,.F.);
#7169=ORIENTED_EDGE('',*,*,#5233,.F.);
#7170=ORIENTED_EDGE('',*,*,#5238,.F.);
#7171=ORIENTED_EDGE('',*,*,#5239,.T.);
#7172=ORIENTED_EDGE('',*,*,#5240,.F.);
#7173=ORIENTED_EDGE('',*,*,#5236,.F.);
#7174=ORIENTED_EDGE('',*,*,#5241,.F.);
#7175=ORIENTED_EDGE('',*,*,#5242,.T.);
#7176=ORIENTED_EDGE('',*,*,#5243,.F.);
#7177=ORIENTED_EDGE('',*,*,#5239,.F.);
#7178=ORIENTED_EDGE('',*,*,#5244,.F.);
#7179=ORIENTED_EDGE('',*,*,#5245,.T.);
#7180=ORIENTED_EDGE('',*,*,#5246,.F.);
#7181=ORIENTED_EDGE('',*,*,#5242,.F.);
#7182=ORIENTED_EDGE('',*,*,#5247,.F.);
#7183=ORIENTED_EDGE('',*,*,#5248,.T.);
#7184=ORIENTED_EDGE('',*,*,#5249,.F.);
#7185=ORIENTED_EDGE('',*,*,#5245,.F.);
#7186=ORIENTED_EDGE('',*,*,#5250,.F.);
#7187=ORIENTED_EDGE('',*,*,#5231,.T.);
#7188=ORIENTED_EDGE('',*,*,#5251,.F.);
#7189=ORIENTED_EDGE('',*,*,#5248,.F.);
#7190=ORIENTED_EDGE('',*,*,#5017,.F.);
#7191=ORIENTED_EDGE('',*,*,#5016,.F.);
#7192=ORIENTED_EDGE('',*,*,#5009,.F.);
#7193=ORIENTED_EDGE('',*,*,#5005,.F.);
#7194=ORIENTED_EDGE('',*,*,#5252,.T.);
#7195=ORIENTED_EDGE('',*,*,#5253,.T.);
#7196=ORIENTED_EDGE('',*,*,#5254,.T.);
#7197=ORIENTED_EDGE('',*,*,#5255,.T.);
#7198=ORIENTED_EDGE('',*,*,#5256,.T.);
#7199=ORIENTED_EDGE('',*,*,#5257,.F.);
#7200=ORIENTED_EDGE('',*,*,#5023,.T.);
#7201=ORIENTED_EDGE('',*,*,#5258,.T.);
#7202=ORIENTED_EDGE('',*,*,#5259,.T.);
#7203=ORIENTED_EDGE('',*,*,#5260,.F.);
#7204=ORIENTED_EDGE('',*,*,#5024,.T.);
#7205=ORIENTED_EDGE('',*,*,#5257,.T.);
#7206=ORIENTED_EDGE('',*,*,#5261,.T.);
#7207=ORIENTED_EDGE('',*,*,#5262,.T.);
#7208=ORIENTED_EDGE('',*,*,#5025,.T.);
#7209=ORIENTED_EDGE('',*,*,#5260,.T.);
#7210=ORIENTED_EDGE('',*,*,#5263,.T.);
#7211=ORIENTED_EDGE('',*,*,#5264,.F.);
#7212=ORIENTED_EDGE('',*,*,#5026,.T.);
#7213=ORIENTED_EDGE('',*,*,#5262,.F.);
#7214=ORIENTED_EDGE('',*,*,#5265,.T.);
#7215=ORIENTED_EDGE('',*,*,#5266,.F.);
#7216=ORIENTED_EDGE('',*,*,#5019,.T.);
#7217=ORIENTED_EDGE('',*,*,#5264,.T.);
#7218=ORIENTED_EDGE('',*,*,#5267,.T.);
#7219=ORIENTED_EDGE('',*,*,#5268,.F.);
#7220=ORIENTED_EDGE('',*,*,#5020,.T.);
#7221=ORIENTED_EDGE('',*,*,#5266,.T.);
#7222=ORIENTED_EDGE('',*,*,#5269,.T.);
#7223=ORIENTED_EDGE('',*,*,#5270,.F.);
#7224=ORIENTED_EDGE('',*,*,#5021,.T.);
#7225=ORIENTED_EDGE('',*,*,#5268,.T.);
#7226=ORIENTED_EDGE('',*,*,#5271,.T.);
#7227=ORIENTED_EDGE('',*,*,#5258,.F.);
#7228=ORIENTED_EDGE('',*,*,#5022,.T.);
#7229=ORIENTED_EDGE('',*,*,#5270,.T.);
#7230=ORIENTED_EDGE('',*,*,#5272,.F.);
#7231=ORIENTED_EDGE('',*,*,#5273,.T.);
#7232=ORIENTED_EDGE('',*,*,#5274,.F.);
#7233=ORIENTED_EDGE('',*,*,#5273,.F.);
#7234=ORIENTED_EDGE('',*,*,#5275,.F.);
#7235=ORIENTED_EDGE('',*,*,#5276,.T.);
#7236=ORIENTED_EDGE('',*,*,#5277,.F.);
#7237=ORIENTED_EDGE('',*,*,#5278,.F.);
#7238=ORIENTED_EDGE('',*,*,#5279,.F.);
#7239=ORIENTED_EDGE('',*,*,#5280,.T.);
#7240=ORIENTED_EDGE('',*,*,#5281,.F.);
#7241=ORIENTED_EDGE('',*,*,#5276,.F.);
#7242=ORIENTED_EDGE('',*,*,#5282,.F.);
#7243=ORIENTED_EDGE('',*,*,#5283,.T.);
#7244=ORIENTED_EDGE('',*,*,#5284,.F.);
#7245=ORIENTED_EDGE('',*,*,#5280,.F.);
#7246=ORIENTED_EDGE('',*,*,#5285,.F.);
#7247=ORIENTED_EDGE('',*,*,#5286,.T.);
#7248=ORIENTED_EDGE('',*,*,#5287,.F.);
#7249=ORIENTED_EDGE('',*,*,#5283,.F.);
#7250=ORIENTED_EDGE('',*,*,#5288,.F.);
#7251=ORIENTED_EDGE('',*,*,#5289,.T.);
#7252=ORIENTED_EDGE('',*,*,#5290,.F.);
#7253=ORIENTED_EDGE('',*,*,#5286,.F.);
#7254=ORIENTED_EDGE('',*,*,#5291,.F.);
#7255=ORIENTED_EDGE('',*,*,#5292,.T.);
#7256=ORIENTED_EDGE('',*,*,#5293,.F.);
#7257=ORIENTED_EDGE('',*,*,#5289,.F.);
#7258=ORIENTED_EDGE('',*,*,#5294,.F.);
#7259=ORIENTED_EDGE('',*,*,#5295,.T.);
#7260=ORIENTED_EDGE('',*,*,#5296,.F.);
#7261=ORIENTED_EDGE('',*,*,#5292,.F.);
#7262=ORIENTED_EDGE('',*,*,#5297,.F.);
#7263=ORIENTED_EDGE('',*,*,#5278,.T.);
#7264=ORIENTED_EDGE('',*,*,#5298,.F.);
#7265=ORIENTED_EDGE('',*,*,#5295,.F.);
#7266=ORIENTED_EDGE('',*,*,#5299,.F.);
#7267=ORIENTED_EDGE('',*,*,#5300,.T.);
#7268=ORIENTED_EDGE('',*,*,#5301,.T.);
#7269=ORIENTED_EDGE('',*,*,#5302,.T.);
#7270=ORIENTED_EDGE('',*,*,#5303,.F.);
#7271=ORIENTED_EDGE('',*,*,#5304,.F.);
#7272=ORIENTED_EDGE('',*,*,#5305,.F.);
#7273=ORIENTED_EDGE('',*,*,#5300,.F.);
#7274=ORIENTED_EDGE('',*,*,#5306,.F.);
#7275=ORIENTED_EDGE('',*,*,#5307,.T.);
#7276=ORIENTED_EDGE('',*,*,#5308,.T.);
#7277=ORIENTED_EDGE('',*,*,#5304,.T.);
#7278=ORIENTED_EDGE('',*,*,#5309,.F.);
#7279=ORIENTED_EDGE('',*,*,#5310,.F.);
#7280=ORIENTED_EDGE('',*,*,#5311,.F.);
#7281=ORIENTED_EDGE('',*,*,#5307,.F.);
#7282=ORIENTED_EDGE('',*,*,#5312,.F.);
#7283=ORIENTED_EDGE('',*,*,#5313,.T.);
#7284=ORIENTED_EDGE('',*,*,#5314,.T.);
#7285=ORIENTED_EDGE('',*,*,#5310,.T.);
#7286=ORIENTED_EDGE('',*,*,#5315,.F.);
#7287=ORIENTED_EDGE('',*,*,#5316,.F.);
#7288=ORIENTED_EDGE('',*,*,#5317,.F.);
#7289=ORIENTED_EDGE('',*,*,#5313,.F.);
#7290=ORIENTED_EDGE('',*,*,#5318,.F.);
#7291=ORIENTED_EDGE('',*,*,#5319,.T.);
#7292=ORIENTED_EDGE('',*,*,#5320,.T.);
#7293=ORIENTED_EDGE('',*,*,#5316,.T.);
#7294=ORIENTED_EDGE('',*,*,#5321,.F.);
#7295=ORIENTED_EDGE('',*,*,#5302,.F.);
#7296=ORIENTED_EDGE('',*,*,#5322,.F.);
#7297=ORIENTED_EDGE('',*,*,#5319,.F.);
#7298=ORIENTED_EDGE('',*,*,#5323,.F.);
#7299=ORIENTED_EDGE('',*,*,#5324,.T.);
#7300=ORIENTED_EDGE('',*,*,#5325,.F.);
#7301=ORIENTED_EDGE('',*,*,#5326,.F.);
#7302=ORIENTED_EDGE('',*,*,#5327,.F.);
#7303=ORIENTED_EDGE('',*,*,#5328,.T.);
#7304=ORIENTED_EDGE('',*,*,#5329,.F.);
#7305=ORIENTED_EDGE('',*,*,#5324,.F.);
#7306=ORIENTED_EDGE('',*,*,#5330,.F.);
#7307=ORIENTED_EDGE('',*,*,#5331,.T.);
#7308=ORIENTED_EDGE('',*,*,#5332,.F.);
#7309=ORIENTED_EDGE('',*,*,#5328,.F.);
#7310=ORIENTED_EDGE('',*,*,#5333,.F.);
#7311=ORIENTED_EDGE('',*,*,#5334,.T.);
#7312=ORIENTED_EDGE('',*,*,#5335,.F.);
#7313=ORIENTED_EDGE('',*,*,#5331,.F.);
#7314=ORIENTED_EDGE('',*,*,#5336,.F.);
#7315=ORIENTED_EDGE('',*,*,#5337,.T.);
#7316=ORIENTED_EDGE('',*,*,#5338,.F.);
#7317=ORIENTED_EDGE('',*,*,#5334,.F.);
#7318=ORIENTED_EDGE('',*,*,#5339,.F.);
#7319=ORIENTED_EDGE('',*,*,#5340,.T.);
#7320=ORIENTED_EDGE('',*,*,#5341,.F.);
#7321=ORIENTED_EDGE('',*,*,#5337,.F.);
#7322=ORIENTED_EDGE('',*,*,#5342,.F.);
#7323=ORIENTED_EDGE('',*,*,#5343,.T.);
#7324=ORIENTED_EDGE('',*,*,#5344,.F.);
#7325=ORIENTED_EDGE('',*,*,#5340,.F.);
#7326=ORIENTED_EDGE('',*,*,#5345,.F.);
#7327=ORIENTED_EDGE('',*,*,#5326,.T.);
#7328=ORIENTED_EDGE('',*,*,#5346,.F.);
#7329=ORIENTED_EDGE('',*,*,#5343,.F.);
#7330=ORIENTED_EDGE('',*,*,#5347,.F.);
#7331=ORIENTED_EDGE('',*,*,#5348,.T.);
#7332=ORIENTED_EDGE('',*,*,#5349,.F.);
#7333=ORIENTED_EDGE('',*,*,#5086,.F.);
#7334=ORIENTED_EDGE('',*,*,#5074,.T.);
#7335=ORIENTED_EDGE('',*,*,#5072,.T.);
#7336=ORIENTED_EDGE('',*,*,#5070,.T.);
#7337=ORIENTED_EDGE('',*,*,#5068,.F.);
#7338=ORIENTED_EDGE('',*,*,#5064,.T.);
#7339=ORIENTED_EDGE('',*,*,#5062,.F.);
#7340=ORIENTED_EDGE('',*,*,#5060,.T.);
#7341=ORIENTED_EDGE('',*,*,#5059,.F.);
#7342=ORIENTED_EDGE('',*,*,#5056,.T.);
#7343=ORIENTED_EDGE('',*,*,#5054,.T.);
#7344=ORIENTED_EDGE('',*,*,#5052,.T.);
#7345=ORIENTED_EDGE('',*,*,#5051,.F.);
#7346=ORIENTED_EDGE('',*,*,#5048,.F.);
#7347=ORIENTED_EDGE('',*,*,#5046,.F.);
#7348=ORIENTED_EDGE('',*,*,#5044,.F.);
#7349=ORIENTED_EDGE('',*,*,#5042,.F.);
#7350=ORIENTED_EDGE('',*,*,#5040,.T.);
#7351=ORIENTED_EDGE('',*,*,#5038,.T.);
#7352=ORIENTED_EDGE('',*,*,#5036,.T.);
#7353=ORIENTED_EDGE('',*,*,#5067,.F.);
#7354=ORIENTED_EDGE('',*,*,#5350,.T.);
#7355=ORIENTED_EDGE('',*,*,#5351,.T.);
#7356=ORIENTED_EDGE('',*,*,#5077,.T.);
#7357=ORIENTED_EDGE('',*,*,#5081,.T.);
#7358=ORIENTED_EDGE('',*,*,#5084,.T.);
#7359=ORIENTED_EDGE('',*,*,#5087,.T.);
#7360=ORIENTED_EDGE('',*,*,#5349,.T.);
#7361=ORIENTED_EDGE('',*,*,#5352,.T.);
#7362=ORIENTED_EDGE('',*,*,#5329,.T.);
#7363=ORIENTED_EDGE('',*,*,#5332,.T.);
#7364=ORIENTED_EDGE('',*,*,#5335,.T.);
#7365=ORIENTED_EDGE('',*,*,#5338,.T.);
#7366=ORIENTED_EDGE('',*,*,#5341,.T.);
#7367=ORIENTED_EDGE('',*,*,#5344,.T.);
#7368=ORIENTED_EDGE('',*,*,#5346,.T.);
#7369=ORIENTED_EDGE('',*,*,#5325,.T.);
#7370=ORIENTED_EDGE('',*,*,#5322,.T.);
#7371=ORIENTED_EDGE('',*,*,#5301,.F.);
#7372=ORIENTED_EDGE('',*,*,#5305,.T.);
#7373=ORIENTED_EDGE('',*,*,#5308,.F.);
#7374=ORIENTED_EDGE('',*,*,#5311,.T.);
#7375=ORIENTED_EDGE('',*,*,#5314,.F.);
#7376=ORIENTED_EDGE('',*,*,#5317,.T.);
#7377=ORIENTED_EDGE('',*,*,#5320,.F.);
#7378=ORIENTED_EDGE('',*,*,#5246,.T.);
#7379=ORIENTED_EDGE('',*,*,#5249,.T.);
#7380=ORIENTED_EDGE('',*,*,#5251,.T.);
#7381=ORIENTED_EDGE('',*,*,#5230,.T.);
#7382=ORIENTED_EDGE('',*,*,#5234,.T.);
#7383=ORIENTED_EDGE('',*,*,#5237,.T.);
#7384=ORIENTED_EDGE('',*,*,#5240,.T.);
#7385=ORIENTED_EDGE('',*,*,#5243,.T.);
#7386=ORIENTED_EDGE('',*,*,#5287,.T.);
#7387=ORIENTED_EDGE('',*,*,#5290,.T.);
#7388=ORIENTED_EDGE('',*,*,#5293,.T.);
#7389=ORIENTED_EDGE('',*,*,#5296,.T.);
#7390=ORIENTED_EDGE('',*,*,#5298,.T.);
#7391=ORIENTED_EDGE('',*,*,#5277,.T.);
#7392=ORIENTED_EDGE('',*,*,#5281,.T.);
#7393=ORIENTED_EDGE('',*,*,#5284,.T.);
#7394=ORIENTED_EDGE('',*,*,#5274,.T.);
#7395=ORIENTED_EDGE('',*,*,#5353,.F.);
#7396=ORIENTED_EDGE('',*,*,#5078,.T.);
#7397=ORIENTED_EDGE('',*,*,#5351,.F.);
#7398=ORIENTED_EDGE('',*,*,#5354,.F.);
#7399=ORIENTED_EDGE('',*,*,#5355,.F.);
#7400=ORIENTED_EDGE('',*,*,#5356,.T.);
#7401=ORIENTED_EDGE('',*,*,#5357,.T.);
#7402=ORIENTED_EDGE('',*,*,#5075,.T.);
#7403=ORIENTED_EDGE('',*,*,#5357,.F.);
#7404=ORIENTED_EDGE('',*,*,#5358,.T.);
#7405=ORIENTED_EDGE('',*,*,#5359,.T.);
#7406=ORIENTED_EDGE('',*,*,#5079,.T.);
#7407=ORIENTED_EDGE('',*,*,#5359,.F.);
#7408=ORIENTED_EDGE('',*,*,#5360,.T.);
#7409=ORIENTED_EDGE('',*,*,#5361,.F.);
#7410=ORIENTED_EDGE('',*,*,#5082,.T.);
#7411=ORIENTED_EDGE('',*,*,#5361,.T.);
#7412=ORIENTED_EDGE('',*,*,#5362,.T.);
#7413=ORIENTED_EDGE('',*,*,#5363,.F.);
#7414=ORIENTED_EDGE('',*,*,#5085,.T.);
#7415=ORIENTED_EDGE('',*,*,#5364,.F.);
#7416=ORIENTED_EDGE('',*,*,#5365,.T.);
#7417=ORIENTED_EDGE('',*,*,#5090,.T.);
#7418=ORIENTED_EDGE('',*,*,#5366,.F.);
#7419=ORIENTED_EDGE('',*,*,#5367,.F.);
#7420=ORIENTED_EDGE('',*,*,#5368,.T.);
#7421=ORIENTED_EDGE('',*,*,#5091,.T.);
#7422=ORIENTED_EDGE('',*,*,#5365,.F.);
#7423=ORIENTED_EDGE('',*,*,#5369,.F.);
#7424=ORIENTED_EDGE('',*,*,#5370,.T.);
#7425=ORIENTED_EDGE('',*,*,#5092,.T.);
#7426=ORIENTED_EDGE('',*,*,#5368,.F.);
#7427=ORIENTED_EDGE('',*,*,#5371,.F.);
#7428=ORIENTED_EDGE('',*,*,#5372,.T.);
#7429=ORIENTED_EDGE('',*,*,#5093,.T.);
#7430=ORIENTED_EDGE('',*,*,#5370,.F.);
#7431=ORIENTED_EDGE('',*,*,#5373,.F.);
#7432=ORIENTED_EDGE('',*,*,#5374,.T.);
#7433=ORIENTED_EDGE('',*,*,#5094,.T.);
#7434=ORIENTED_EDGE('',*,*,#5372,.F.);
#7435=ORIENTED_EDGE('',*,*,#5375,.F.);
#7436=ORIENTED_EDGE('',*,*,#5376,.T.);
#7437=ORIENTED_EDGE('',*,*,#5095,.T.);
#7438=ORIENTED_EDGE('',*,*,#5374,.F.);
#7439=ORIENTED_EDGE('',*,*,#5377,.F.);
#7440=ORIENTED_EDGE('',*,*,#5378,.T.);
#7441=ORIENTED_EDGE('',*,*,#5096,.T.);
#7442=ORIENTED_EDGE('',*,*,#5376,.F.);
#7443=ORIENTED_EDGE('',*,*,#5379,.F.);
#7444=ORIENTED_EDGE('',*,*,#5380,.T.);
#7445=ORIENTED_EDGE('',*,*,#5097,.T.);
#7446=ORIENTED_EDGE('',*,*,#5378,.F.);
#7447=ORIENTED_EDGE('',*,*,#5381,.F.);
#7448=ORIENTED_EDGE('',*,*,#5382,.T.);
#7449=ORIENTED_EDGE('',*,*,#5098,.T.);
#7450=ORIENTED_EDGE('',*,*,#5380,.F.);
#7451=ORIENTED_EDGE('',*,*,#5383,.F.);
#7452=ORIENTED_EDGE('',*,*,#5384,.T.);
#7453=ORIENTED_EDGE('',*,*,#5099,.T.);
#7454=ORIENTED_EDGE('',*,*,#5382,.F.);
#7455=ORIENTED_EDGE('',*,*,#5385,.F.);
#7456=ORIENTED_EDGE('',*,*,#5386,.T.);
#7457=ORIENTED_EDGE('',*,*,#5100,.T.);
#7458=ORIENTED_EDGE('',*,*,#5384,.F.);
#7459=ORIENTED_EDGE('',*,*,#5387,.F.);
#7460=ORIENTED_EDGE('',*,*,#5388,.T.);
#7461=ORIENTED_EDGE('',*,*,#5101,.T.);
#7462=ORIENTED_EDGE('',*,*,#5386,.F.);
#7463=ORIENTED_EDGE('',*,*,#5389,.F.);
#7464=ORIENTED_EDGE('',*,*,#5390,.T.);
#7465=ORIENTED_EDGE('',*,*,#5102,.T.);
#7466=ORIENTED_EDGE('',*,*,#5388,.F.);
#7467=ORIENTED_EDGE('',*,*,#5391,.F.);
#7468=ORIENTED_EDGE('',*,*,#5392,.T.);
#7469=ORIENTED_EDGE('',*,*,#5103,.T.);
#7470=ORIENTED_EDGE('',*,*,#5390,.F.);
#7471=ORIENTED_EDGE('',*,*,#5393,.F.);
#7472=ORIENTED_EDGE('',*,*,#5394,.T.);
#7473=ORIENTED_EDGE('',*,*,#5104,.T.);
#7474=ORIENTED_EDGE('',*,*,#5392,.F.);
#7475=ORIENTED_EDGE('',*,*,#5395,.F.);
#7476=ORIENTED_EDGE('',*,*,#5396,.T.);
#7477=ORIENTED_EDGE('',*,*,#5105,.T.);
#7478=ORIENTED_EDGE('',*,*,#5394,.F.);
#7479=ORIENTED_EDGE('',*,*,#5397,.F.);
#7480=ORIENTED_EDGE('',*,*,#5398,.T.);
#7481=ORIENTED_EDGE('',*,*,#5106,.T.);
#7482=ORIENTED_EDGE('',*,*,#5396,.F.);
#7483=ORIENTED_EDGE('',*,*,#5399,.F.);
#7484=ORIENTED_EDGE('',*,*,#5400,.T.);
#7485=ORIENTED_EDGE('',*,*,#5107,.T.);
#7486=ORIENTED_EDGE('',*,*,#5398,.F.);
#7487=ORIENTED_EDGE('',*,*,#5401,.F.);
#7488=ORIENTED_EDGE('',*,*,#5402,.T.);
#7489=ORIENTED_EDGE('',*,*,#5108,.T.);
#7490=ORIENTED_EDGE('',*,*,#5400,.F.);
#7491=ORIENTED_EDGE('',*,*,#5403,.F.);
#7492=ORIENTED_EDGE('',*,*,#5404,.T.);
#7493=ORIENTED_EDGE('',*,*,#5109,.T.);
#7494=ORIENTED_EDGE('',*,*,#5402,.F.);
#7495=ORIENTED_EDGE('',*,*,#5405,.F.);
#7496=ORIENTED_EDGE('',*,*,#5406,.T.);
#7497=ORIENTED_EDGE('',*,*,#5110,.T.);
#7498=ORIENTED_EDGE('',*,*,#5404,.F.);
#7499=ORIENTED_EDGE('',*,*,#5407,.F.);
#7500=ORIENTED_EDGE('',*,*,#5408,.T.);
#7501=ORIENTED_EDGE('',*,*,#5111,.T.);
#7502=ORIENTED_EDGE('',*,*,#5406,.F.);
#7503=ORIENTED_EDGE('',*,*,#5409,.F.);
#7504=ORIENTED_EDGE('',*,*,#5410,.T.);
#7505=ORIENTED_EDGE('',*,*,#5112,.T.);
#7506=ORIENTED_EDGE('',*,*,#5408,.F.);
#7507=ORIENTED_EDGE('',*,*,#5411,.F.);
#7508=ORIENTED_EDGE('',*,*,#5412,.T.);
#7509=ORIENTED_EDGE('',*,*,#5113,.T.);
#7510=ORIENTED_EDGE('',*,*,#5410,.F.);
#7511=ORIENTED_EDGE('',*,*,#5413,.F.);
#7512=ORIENTED_EDGE('',*,*,#5414,.T.);
#7513=ORIENTED_EDGE('',*,*,#5114,.T.);
#7514=ORIENTED_EDGE('',*,*,#5412,.F.);
#7515=ORIENTED_EDGE('',*,*,#5415,.F.);
#7516=ORIENTED_EDGE('',*,*,#5416,.T.);
#7517=ORIENTED_EDGE('',*,*,#5115,.T.);
#7518=ORIENTED_EDGE('',*,*,#5414,.F.);
#7519=ORIENTED_EDGE('',*,*,#5417,.F.);
#7520=ORIENTED_EDGE('',*,*,#5418,.T.);
#7521=ORIENTED_EDGE('',*,*,#5116,.T.);
#7522=ORIENTED_EDGE('',*,*,#5416,.F.);
#7523=ORIENTED_EDGE('',*,*,#5419,.F.);
#7524=ORIENTED_EDGE('',*,*,#5420,.T.);
#7525=ORIENTED_EDGE('',*,*,#5088,.T.);
#7526=ORIENTED_EDGE('',*,*,#5418,.F.);
#7527=ORIENTED_EDGE('',*,*,#5421,.F.);
#7528=ORIENTED_EDGE('',*,*,#5366,.T.);
#7529=ORIENTED_EDGE('',*,*,#5089,.T.);
#7530=ORIENTED_EDGE('',*,*,#5420,.F.);
#7531=ORIENTED_EDGE('',*,*,#5422,.F.);
#7532=ORIENTED_EDGE('',*,*,#5423,.T.);
#7533=ORIENTED_EDGE('',*,*,#5119,.T.);
#7534=ORIENTED_EDGE('',*,*,#5424,.F.);
#7535=ORIENTED_EDGE('',*,*,#5425,.F.);
#7536=ORIENTED_EDGE('',*,*,#5426,.T.);
#7537=ORIENTED_EDGE('',*,*,#5120,.T.);
#7538=ORIENTED_EDGE('',*,*,#5423,.F.);
#7539=ORIENTED_EDGE('',*,*,#5427,.F.);
#7540=ORIENTED_EDGE('',*,*,#5428,.T.);
#7541=ORIENTED_EDGE('',*,*,#5121,.T.);
#7542=ORIENTED_EDGE('',*,*,#5426,.F.);
#7543=ORIENTED_EDGE('',*,*,#5429,.F.);
#7544=ORIENTED_EDGE('',*,*,#5430,.T.);
#7545=ORIENTED_EDGE('',*,*,#5122,.T.);
#7546=ORIENTED_EDGE('',*,*,#5428,.F.);
#7547=ORIENTED_EDGE('',*,*,#5431,.F.);
#7548=ORIENTED_EDGE('',*,*,#5432,.T.);
#7549=ORIENTED_EDGE('',*,*,#5123,.T.);
#7550=ORIENTED_EDGE('',*,*,#5430,.F.);
#7551=ORIENTED_EDGE('',*,*,#5433,.F.);
#7552=ORIENTED_EDGE('',*,*,#5434,.T.);
#7553=ORIENTED_EDGE('',*,*,#5124,.T.);
#7554=ORIENTED_EDGE('',*,*,#5432,.F.);
#7555=ORIENTED_EDGE('',*,*,#5435,.F.);
#7556=ORIENTED_EDGE('',*,*,#5436,.T.);
#7557=ORIENTED_EDGE('',*,*,#5125,.T.);
#7558=ORIENTED_EDGE('',*,*,#5434,.F.);
#7559=ORIENTED_EDGE('',*,*,#5437,.F.);
#7560=ORIENTED_EDGE('',*,*,#5438,.T.);
#7561=ORIENTED_EDGE('',*,*,#5126,.T.);
#7562=ORIENTED_EDGE('',*,*,#5436,.F.);
#7563=ORIENTED_EDGE('',*,*,#5439,.F.);
#7564=ORIENTED_EDGE('',*,*,#5440,.T.);
#7565=ORIENTED_EDGE('',*,*,#5127,.T.);
#7566=ORIENTED_EDGE('',*,*,#5438,.F.);
#7567=ORIENTED_EDGE('',*,*,#5441,.F.);
#7568=ORIENTED_EDGE('',*,*,#5442,.T.);
#7569=ORIENTED_EDGE('',*,*,#5128,.T.);
#7570=ORIENTED_EDGE('',*,*,#5440,.F.);
#7571=ORIENTED_EDGE('',*,*,#5443,.F.);
#7572=ORIENTED_EDGE('',*,*,#5444,.T.);
#7573=ORIENTED_EDGE('',*,*,#5129,.T.);
#7574=ORIENTED_EDGE('',*,*,#5442,.F.);
#7575=ORIENTED_EDGE('',*,*,#5445,.F.);
#7576=ORIENTED_EDGE('',*,*,#5446,.T.);
#7577=ORIENTED_EDGE('',*,*,#5130,.T.);
#7578=ORIENTED_EDGE('',*,*,#5444,.F.);
#7579=ORIENTED_EDGE('',*,*,#5447,.F.);
#7580=ORIENTED_EDGE('',*,*,#5448,.T.);
#7581=ORIENTED_EDGE('',*,*,#5131,.T.);
#7582=ORIENTED_EDGE('',*,*,#5446,.F.);
#7583=ORIENTED_EDGE('',*,*,#5449,.F.);
#7584=ORIENTED_EDGE('',*,*,#5450,.T.);
#7585=ORIENTED_EDGE('',*,*,#5132,.T.);
#7586=ORIENTED_EDGE('',*,*,#5448,.F.);
#7587=ORIENTED_EDGE('',*,*,#5451,.F.);
#7588=ORIENTED_EDGE('',*,*,#5452,.T.);
#7589=ORIENTED_EDGE('',*,*,#5133,.T.);
#7590=ORIENTED_EDGE('',*,*,#5450,.F.);
#7591=ORIENTED_EDGE('',*,*,#5453,.F.);
#7592=ORIENTED_EDGE('',*,*,#5454,.T.);
#7593=ORIENTED_EDGE('',*,*,#5134,.T.);
#7594=ORIENTED_EDGE('',*,*,#5452,.F.);
#7595=ORIENTED_EDGE('',*,*,#5455,.F.);
#7596=ORIENTED_EDGE('',*,*,#5456,.T.);
#7597=ORIENTED_EDGE('',*,*,#5135,.T.);
#7598=ORIENTED_EDGE('',*,*,#5454,.F.);
#7599=ORIENTED_EDGE('',*,*,#5457,.F.);
#7600=ORIENTED_EDGE('',*,*,#5458,.T.);
#7601=ORIENTED_EDGE('',*,*,#5136,.T.);
#7602=ORIENTED_EDGE('',*,*,#5456,.F.);
#7603=ORIENTED_EDGE('',*,*,#5459,.F.);
#7604=ORIENTED_EDGE('',*,*,#5460,.T.);
#7605=ORIENTED_EDGE('',*,*,#5137,.T.);
#7606=ORIENTED_EDGE('',*,*,#5458,.F.);
#7607=ORIENTED_EDGE('',*,*,#5461,.F.);
#7608=ORIENTED_EDGE('',*,*,#5462,.T.);
#7609=ORIENTED_EDGE('',*,*,#5138,.T.);
#7610=ORIENTED_EDGE('',*,*,#5460,.F.);
#7611=ORIENTED_EDGE('',*,*,#5463,.F.);
#7612=ORIENTED_EDGE('',*,*,#5464,.T.);
#7613=ORIENTED_EDGE('',*,*,#5139,.T.);
#7614=ORIENTED_EDGE('',*,*,#5462,.F.);
#7615=ORIENTED_EDGE('',*,*,#5465,.F.);
#7616=ORIENTED_EDGE('',*,*,#5466,.T.);
#7617=ORIENTED_EDGE('',*,*,#5140,.T.);
#7618=ORIENTED_EDGE('',*,*,#5464,.F.);
#7619=ORIENTED_EDGE('',*,*,#5467,.F.);
#7620=ORIENTED_EDGE('',*,*,#5468,.T.);
#7621=ORIENTED_EDGE('',*,*,#5141,.T.);
#7622=ORIENTED_EDGE('',*,*,#5466,.F.);
#7623=ORIENTED_EDGE('',*,*,#5469,.F.);
#7624=ORIENTED_EDGE('',*,*,#5470,.T.);
#7625=ORIENTED_EDGE('',*,*,#5142,.T.);
#7626=ORIENTED_EDGE('',*,*,#5468,.F.);
#7627=ORIENTED_EDGE('',*,*,#5471,.F.);
#7628=ORIENTED_EDGE('',*,*,#5472,.T.);
#7629=ORIENTED_EDGE('',*,*,#5143,.T.);
#7630=ORIENTED_EDGE('',*,*,#5470,.F.);
#7631=ORIENTED_EDGE('',*,*,#5473,.F.);
#7632=ORIENTED_EDGE('',*,*,#5474,.T.);
#7633=ORIENTED_EDGE('',*,*,#5144,.T.);
#7634=ORIENTED_EDGE('',*,*,#5472,.F.);
#7635=ORIENTED_EDGE('',*,*,#5475,.F.);
#7636=ORIENTED_EDGE('',*,*,#5476,.T.);
#7637=ORIENTED_EDGE('',*,*,#5145,.T.);
#7638=ORIENTED_EDGE('',*,*,#5474,.F.);
#7639=ORIENTED_EDGE('',*,*,#5477,.F.);
#7640=ORIENTED_EDGE('',*,*,#5478,.T.);
#7641=ORIENTED_EDGE('',*,*,#5146,.T.);
#7642=ORIENTED_EDGE('',*,*,#5476,.F.);
#7643=ORIENTED_EDGE('',*,*,#5479,.F.);
#7644=ORIENTED_EDGE('',*,*,#5480,.T.);
#7645=ORIENTED_EDGE('',*,*,#5147,.T.);
#7646=ORIENTED_EDGE('',*,*,#5478,.F.);
#7647=ORIENTED_EDGE('',*,*,#5481,.F.);
#7648=ORIENTED_EDGE('',*,*,#5482,.T.);
#7649=ORIENTED_EDGE('',*,*,#5148,.T.);
#7650=ORIENTED_EDGE('',*,*,#5480,.F.);
#7651=ORIENTED_EDGE('',*,*,#5483,.F.);
#7652=ORIENTED_EDGE('',*,*,#5484,.T.);
#7653=ORIENTED_EDGE('',*,*,#5117,.T.);
#7654=ORIENTED_EDGE('',*,*,#5482,.F.);
#7655=ORIENTED_EDGE('',*,*,#5485,.F.);
#7656=ORIENTED_EDGE('',*,*,#5424,.T.);
#7657=ORIENTED_EDGE('',*,*,#5118,.T.);
#7658=ORIENTED_EDGE('',*,*,#5484,.F.);
#7659=ORIENTED_EDGE('',*,*,#5486,.F.);
#7660=ORIENTED_EDGE('',*,*,#5487,.T.);
#7661=ORIENTED_EDGE('',*,*,#5151,.T.);
#7662=ORIENTED_EDGE('',*,*,#5488,.F.);
#7663=ORIENTED_EDGE('',*,*,#5489,.F.);
#7664=ORIENTED_EDGE('',*,*,#5490,.T.);
#7665=ORIENTED_EDGE('',*,*,#5152,.T.);
#7666=ORIENTED_EDGE('',*,*,#5487,.F.);
#7667=ORIENTED_EDGE('',*,*,#5491,.F.);
#7668=ORIENTED_EDGE('',*,*,#5492,.T.);
#7669=ORIENTED_EDGE('',*,*,#5153,.T.);
#7670=ORIENTED_EDGE('',*,*,#5490,.F.);
#7671=ORIENTED_EDGE('',*,*,#5493,.F.);
#7672=ORIENTED_EDGE('',*,*,#5494,.T.);
#7673=ORIENTED_EDGE('',*,*,#5154,.T.);
#7674=ORIENTED_EDGE('',*,*,#5492,.F.);
#7675=ORIENTED_EDGE('',*,*,#5495,.F.);
#7676=ORIENTED_EDGE('',*,*,#5496,.T.);
#7677=ORIENTED_EDGE('',*,*,#5155,.T.);
#7678=ORIENTED_EDGE('',*,*,#5494,.F.);
#7679=ORIENTED_EDGE('',*,*,#5497,.F.);
#7680=ORIENTED_EDGE('',*,*,#5498,.T.);
#7681=ORIENTED_EDGE('',*,*,#5156,.T.);
#7682=ORIENTED_EDGE('',*,*,#5496,.F.);
#7683=ORIENTED_EDGE('',*,*,#5499,.F.);
#7684=ORIENTED_EDGE('',*,*,#5500,.T.);
#7685=ORIENTED_EDGE('',*,*,#5157,.T.);
#7686=ORIENTED_EDGE('',*,*,#5498,.F.);
#7687=ORIENTED_EDGE('',*,*,#5501,.F.);
#7688=ORIENTED_EDGE('',*,*,#5502,.T.);
#7689=ORIENTED_EDGE('',*,*,#5158,.T.);
#7690=ORIENTED_EDGE('',*,*,#5500,.F.);
#7691=ORIENTED_EDGE('',*,*,#5503,.F.);
#7692=ORIENTED_EDGE('',*,*,#5504,.T.);
#7693=ORIENTED_EDGE('',*,*,#5159,.T.);
#7694=ORIENTED_EDGE('',*,*,#5502,.F.);
#7695=ORIENTED_EDGE('',*,*,#5505,.F.);
#7696=ORIENTED_EDGE('',*,*,#5506,.T.);
#7697=ORIENTED_EDGE('',*,*,#5160,.T.);
#7698=ORIENTED_EDGE('',*,*,#5504,.F.);
#7699=ORIENTED_EDGE('',*,*,#5507,.F.);
#7700=ORIENTED_EDGE('',*,*,#5508,.T.);
#7701=ORIENTED_EDGE('',*,*,#5161,.T.);
#7702=ORIENTED_EDGE('',*,*,#5506,.F.);
#7703=ORIENTED_EDGE('',*,*,#5509,.F.);
#7704=ORIENTED_EDGE('',*,*,#5510,.T.);
#7705=ORIENTED_EDGE('',*,*,#5162,.T.);
#7706=ORIENTED_EDGE('',*,*,#5508,.F.);
#7707=ORIENTED_EDGE('',*,*,#5511,.F.);
#7708=ORIENTED_EDGE('',*,*,#5512,.T.);
#7709=ORIENTED_EDGE('',*,*,#5163,.T.);
#7710=ORIENTED_EDGE('',*,*,#5510,.F.);
#7711=ORIENTED_EDGE('',*,*,#5513,.F.);
#7712=ORIENTED_EDGE('',*,*,#5514,.T.);
#7713=ORIENTED_EDGE('',*,*,#5164,.T.);
#7714=ORIENTED_EDGE('',*,*,#5512,.F.);
#7715=ORIENTED_EDGE('',*,*,#5515,.F.);
#7716=ORIENTED_EDGE('',*,*,#5516,.T.);
#7717=ORIENTED_EDGE('',*,*,#5165,.T.);
#7718=ORIENTED_EDGE('',*,*,#5514,.F.);
#7719=ORIENTED_EDGE('',*,*,#5517,.F.);
#7720=ORIENTED_EDGE('',*,*,#5518,.T.);
#7721=ORIENTED_EDGE('',*,*,#5166,.T.);
#7722=ORIENTED_EDGE('',*,*,#5516,.F.);
#7723=ORIENTED_EDGE('',*,*,#5519,.F.);
#7724=ORIENTED_EDGE('',*,*,#5520,.T.);
#7725=ORIENTED_EDGE('',*,*,#5167,.T.);
#7726=ORIENTED_EDGE('',*,*,#5518,.F.);
#7727=ORIENTED_EDGE('',*,*,#5521,.F.);
#7728=ORIENTED_EDGE('',*,*,#5522,.T.);
#7729=ORIENTED_EDGE('',*,*,#5168,.T.);
#7730=ORIENTED_EDGE('',*,*,#5520,.F.);
#7731=ORIENTED_EDGE('',*,*,#5523,.F.);
#7732=ORIENTED_EDGE('',*,*,#5524,.T.);
#7733=ORIENTED_EDGE('',*,*,#5169,.T.);
#7734=ORIENTED_EDGE('',*,*,#5522,.F.);
#7735=ORIENTED_EDGE('',*,*,#5525,.F.);
#7736=ORIENTED_EDGE('',*,*,#5526,.T.);
#7737=ORIENTED_EDGE('',*,*,#5170,.T.);
#7738=ORIENTED_EDGE('',*,*,#5524,.F.);
#7739=ORIENTED_EDGE('',*,*,#5527,.F.);
#7740=ORIENTED_EDGE('',*,*,#5528,.T.);
#7741=ORIENTED_EDGE('',*,*,#5149,.T.);
#7742=ORIENTED_EDGE('',*,*,#5526,.F.);
#7743=ORIENTED_EDGE('',*,*,#5529,.F.);
#7744=ORIENTED_EDGE('',*,*,#5488,.T.);
#7745=ORIENTED_EDGE('',*,*,#5150,.T.);
#7746=ORIENTED_EDGE('',*,*,#5528,.F.);
#7747=ORIENTED_EDGE('',*,*,#5530,.F.);
#7748=ORIENTED_EDGE('',*,*,#5531,.T.);
#7749=ORIENTED_EDGE('',*,*,#5173,.T.);
#7750=ORIENTED_EDGE('',*,*,#5532,.F.);
#7751=ORIENTED_EDGE('',*,*,#5533,.F.);
#7752=ORIENTED_EDGE('',*,*,#5534,.T.);
#7753=ORIENTED_EDGE('',*,*,#5174,.T.);
#7754=ORIENTED_EDGE('',*,*,#5531,.F.);
#7755=ORIENTED_EDGE('',*,*,#5535,.F.);
#7756=ORIENTED_EDGE('',*,*,#5536,.T.);
#7757=ORIENTED_EDGE('',*,*,#5175,.T.);
#7758=ORIENTED_EDGE('',*,*,#5534,.F.);
#7759=ORIENTED_EDGE('',*,*,#5537,.F.);
#7760=ORIENTED_EDGE('',*,*,#5538,.T.);
#7761=ORIENTED_EDGE('',*,*,#5176,.T.);
#7762=ORIENTED_EDGE('',*,*,#5536,.F.);
#7763=ORIENTED_EDGE('',*,*,#5539,.F.);
#7764=ORIENTED_EDGE('',*,*,#5540,.T.);
#7765=ORIENTED_EDGE('',*,*,#5177,.T.);
#7766=ORIENTED_EDGE('',*,*,#5538,.F.);
#7767=ORIENTED_EDGE('',*,*,#5541,.F.);
#7768=ORIENTED_EDGE('',*,*,#5542,.T.);
#7769=ORIENTED_EDGE('',*,*,#5178,.T.);
#7770=ORIENTED_EDGE('',*,*,#5540,.F.);
#7771=ORIENTED_EDGE('',*,*,#5543,.F.);
#7772=ORIENTED_EDGE('',*,*,#5544,.T.);
#7773=ORIENTED_EDGE('',*,*,#5179,.T.);
#7774=ORIENTED_EDGE('',*,*,#5542,.F.);
#7775=ORIENTED_EDGE('',*,*,#5545,.F.);
#7776=ORIENTED_EDGE('',*,*,#5546,.T.);
#7777=ORIENTED_EDGE('',*,*,#5180,.T.);
#7778=ORIENTED_EDGE('',*,*,#5544,.F.);
#7779=ORIENTED_EDGE('',*,*,#5547,.F.);
#7780=ORIENTED_EDGE('',*,*,#5548,.T.);
#7781=ORIENTED_EDGE('',*,*,#5181,.T.);
#7782=ORIENTED_EDGE('',*,*,#5546,.F.);
#7783=ORIENTED_EDGE('',*,*,#5549,.F.);
#7784=ORIENTED_EDGE('',*,*,#5550,.T.);
#7785=ORIENTED_EDGE('',*,*,#5182,.T.);
#7786=ORIENTED_EDGE('',*,*,#5548,.F.);
#7787=ORIENTED_EDGE('',*,*,#5551,.F.);
#7788=ORIENTED_EDGE('',*,*,#5552,.T.);
#7789=ORIENTED_EDGE('',*,*,#5171,.T.);
#7790=ORIENTED_EDGE('',*,*,#5550,.F.);
#7791=ORIENTED_EDGE('',*,*,#5553,.F.);
#7792=ORIENTED_EDGE('',*,*,#5532,.T.);
#7793=ORIENTED_EDGE('',*,*,#5172,.T.);
#7794=ORIENTED_EDGE('',*,*,#5552,.F.);
#7795=ORIENTED_EDGE('',*,*,#5554,.F.);
#7796=ORIENTED_EDGE('',*,*,#5555,.T.);
#7797=ORIENTED_EDGE('',*,*,#5185,.T.);
#7798=ORIENTED_EDGE('',*,*,#5556,.F.);
#7799=ORIENTED_EDGE('',*,*,#5557,.F.);
#7800=ORIENTED_EDGE('',*,*,#5558,.T.);
#7801=ORIENTED_EDGE('',*,*,#5186,.T.);
#7802=ORIENTED_EDGE('',*,*,#5555,.F.);
#7803=ORIENTED_EDGE('',*,*,#5559,.F.);
#7804=ORIENTED_EDGE('',*,*,#5560,.T.);
#7805=ORIENTED_EDGE('',*,*,#5187,.T.);
#7806=ORIENTED_EDGE('',*,*,#5558,.F.);
#7807=ORIENTED_EDGE('',*,*,#5561,.F.);
#7808=ORIENTED_EDGE('',*,*,#5562,.T.);
#7809=ORIENTED_EDGE('',*,*,#5188,.T.);
#7810=ORIENTED_EDGE('',*,*,#5560,.F.);
#7811=ORIENTED_EDGE('',*,*,#5563,.F.);
#7812=ORIENTED_EDGE('',*,*,#5564,.T.);
#7813=ORIENTED_EDGE('',*,*,#5189,.T.);
#7814=ORIENTED_EDGE('',*,*,#5562,.F.);
#7815=ORIENTED_EDGE('',*,*,#5565,.F.);
#7816=ORIENTED_EDGE('',*,*,#5566,.T.);
#7817=ORIENTED_EDGE('',*,*,#5183,.T.);
#7818=ORIENTED_EDGE('',*,*,#5564,.F.);
#7819=ORIENTED_EDGE('',*,*,#5567,.F.);
#7820=ORIENTED_EDGE('',*,*,#5556,.T.);
#7821=ORIENTED_EDGE('',*,*,#5184,.T.);
#7822=ORIENTED_EDGE('',*,*,#5566,.F.);
#7823=ORIENTED_EDGE('',*,*,#5568,.F.);
#7824=ORIENTED_EDGE('',*,*,#5569,.T.);
#7825=ORIENTED_EDGE('',*,*,#5192,.T.);
#7826=ORIENTED_EDGE('',*,*,#5570,.F.);
#7827=ORIENTED_EDGE('',*,*,#5571,.F.);
#7828=ORIENTED_EDGE('',*,*,#5572,.T.);
#7829=ORIENTED_EDGE('',*,*,#5193,.T.);
#7830=ORIENTED_EDGE('',*,*,#5569,.F.);
#7831=ORIENTED_EDGE('',*,*,#5573,.F.);
#7832=ORIENTED_EDGE('',*,*,#5574,.T.);
#7833=ORIENTED_EDGE('',*,*,#5190,.T.);
#7834=ORIENTED_EDGE('',*,*,#5572,.F.);
#7835=ORIENTED_EDGE('',*,*,#5575,.F.);
#7836=ORIENTED_EDGE('',*,*,#5570,.T.);
#7837=ORIENTED_EDGE('',*,*,#5191,.T.);
#7838=ORIENTED_EDGE('',*,*,#5574,.F.);
#7839=ORIENTED_EDGE('',*,*,#5576,.F.);
#7840=ORIENTED_EDGE('',*,*,#5577,.T.);
#7841=ORIENTED_EDGE('',*,*,#5196,.T.);
#7842=ORIENTED_EDGE('',*,*,#5578,.F.);
#7843=ORIENTED_EDGE('',*,*,#5579,.F.);
#7844=ORIENTED_EDGE('',*,*,#5580,.T.);
#7845=ORIENTED_EDGE('',*,*,#5197,.T.);
#7846=ORIENTED_EDGE('',*,*,#5577,.F.);
#7847=ORIENTED_EDGE('',*,*,#5581,.F.);
#7848=ORIENTED_EDGE('',*,*,#5582,.T.);
#7849=ORIENTED_EDGE('',*,*,#5198,.T.);
#7850=ORIENTED_EDGE('',*,*,#5580,.F.);
#7851=ORIENTED_EDGE('',*,*,#5583,.F.);
#7852=ORIENTED_EDGE('',*,*,#5584,.T.);
#7853=ORIENTED_EDGE('',*,*,#5199,.T.);
#7854=ORIENTED_EDGE('',*,*,#5582,.F.);
#7855=ORIENTED_EDGE('',*,*,#5585,.F.);
#7856=ORIENTED_EDGE('',*,*,#5586,.T.);
#7857=ORIENTED_EDGE('',*,*,#5200,.T.);
#7858=ORIENTED_EDGE('',*,*,#5584,.F.);
#7859=ORIENTED_EDGE('',*,*,#5587,.F.);
#7860=ORIENTED_EDGE('',*,*,#5588,.T.);
#7861=ORIENTED_EDGE('',*,*,#5201,.T.);
#7862=ORIENTED_EDGE('',*,*,#5586,.F.);
#7863=ORIENTED_EDGE('',*,*,#5589,.F.);
#7864=ORIENTED_EDGE('',*,*,#5590,.T.);
#7865=ORIENTED_EDGE('',*,*,#5202,.T.);
#7866=ORIENTED_EDGE('',*,*,#5588,.F.);
#7867=ORIENTED_EDGE('',*,*,#5591,.F.);
#7868=ORIENTED_EDGE('',*,*,#5592,.T.);
#7869=ORIENTED_EDGE('',*,*,#5203,.T.);
#7870=ORIENTED_EDGE('',*,*,#5590,.F.);
#7871=ORIENTED_EDGE('',*,*,#5593,.F.);
#7872=ORIENTED_EDGE('',*,*,#5594,.T.);
#7873=ORIENTED_EDGE('',*,*,#5204,.T.);
#7874=ORIENTED_EDGE('',*,*,#5592,.F.);
#7875=ORIENTED_EDGE('',*,*,#5595,.F.);
#7876=ORIENTED_EDGE('',*,*,#5596,.T.);
#7877=ORIENTED_EDGE('',*,*,#5205,.T.);
#7878=ORIENTED_EDGE('',*,*,#5594,.F.);
#7879=ORIENTED_EDGE('',*,*,#5597,.F.);
#7880=ORIENTED_EDGE('',*,*,#5598,.T.);
#7881=ORIENTED_EDGE('',*,*,#5206,.T.);
#7882=ORIENTED_EDGE('',*,*,#5596,.F.);
#7883=ORIENTED_EDGE('',*,*,#5599,.F.);
#7884=ORIENTED_EDGE('',*,*,#5600,.T.);
#7885=ORIENTED_EDGE('',*,*,#5194,.T.);
#7886=ORIENTED_EDGE('',*,*,#5598,.F.);
#7887=ORIENTED_EDGE('',*,*,#5601,.F.);
#7888=ORIENTED_EDGE('',*,*,#5578,.T.);
#7889=ORIENTED_EDGE('',*,*,#5195,.T.);
#7890=ORIENTED_EDGE('',*,*,#5600,.F.);
#7891=ORIENTED_EDGE('',*,*,#5602,.F.);
#7892=ORIENTED_EDGE('',*,*,#5603,.T.);
#7893=ORIENTED_EDGE('',*,*,#5209,.T.);
#7894=ORIENTED_EDGE('',*,*,#5604,.F.);
#7895=ORIENTED_EDGE('',*,*,#5605,.F.);
#7896=ORIENTED_EDGE('',*,*,#5606,.T.);
#7897=ORIENTED_EDGE('',*,*,#5210,.T.);
#7898=ORIENTED_EDGE('',*,*,#5603,.F.);
#7899=ORIENTED_EDGE('',*,*,#5607,.F.);
#7900=ORIENTED_EDGE('',*,*,#5608,.T.);
#7901=ORIENTED_EDGE('',*,*,#5211,.T.);
#7902=ORIENTED_EDGE('',*,*,#5606,.F.);
#7903=ORIENTED_EDGE('',*,*,#5609,.F.);
#7904=ORIENTED_EDGE('',*,*,#5610,.T.);
#7905=ORIENTED_EDGE('',*,*,#5212,.T.);
#7906=ORIENTED_EDGE('',*,*,#5608,.F.);
#7907=ORIENTED_EDGE('',*,*,#5611,.F.);
#7908=ORIENTED_EDGE('',*,*,#5612,.T.);
#7909=ORIENTED_EDGE('',*,*,#5213,.T.);
#7910=ORIENTED_EDGE('',*,*,#5610,.F.);
#7911=ORIENTED_EDGE('',*,*,#5613,.F.);
#7912=ORIENTED_EDGE('',*,*,#5614,.T.);
#7913=ORIENTED_EDGE('',*,*,#5214,.T.);
#7914=ORIENTED_EDGE('',*,*,#5612,.F.);
#7915=ORIENTED_EDGE('',*,*,#5615,.F.);
#7916=ORIENTED_EDGE('',*,*,#5616,.T.);
#7917=ORIENTED_EDGE('',*,*,#5215,.T.);
#7918=ORIENTED_EDGE('',*,*,#5614,.F.);
#7919=ORIENTED_EDGE('',*,*,#5617,.F.);
#7920=ORIENTED_EDGE('',*,*,#5618,.T.);
#7921=ORIENTED_EDGE('',*,*,#5207,.T.);
#7922=ORIENTED_EDGE('',*,*,#5616,.F.);
#7923=ORIENTED_EDGE('',*,*,#5619,.F.);
#7924=ORIENTED_EDGE('',*,*,#5604,.T.);
#7925=ORIENTED_EDGE('',*,*,#5208,.T.);
#7926=ORIENTED_EDGE('',*,*,#5618,.F.);
#7927=ORIENTED_EDGE('',*,*,#5620,.F.);
#7928=ORIENTED_EDGE('',*,*,#5621,.T.);
#7929=ORIENTED_EDGE('',*,*,#5218,.T.);
#7930=ORIENTED_EDGE('',*,*,#5622,.F.);
#7931=ORIENTED_EDGE('',*,*,#5623,.F.);
#7932=ORIENTED_EDGE('',*,*,#5624,.T.);
#7933=ORIENTED_EDGE('',*,*,#5219,.T.);
#7934=ORIENTED_EDGE('',*,*,#5621,.F.);
#7935=ORIENTED_EDGE('',*,*,#5625,.F.);
#7936=ORIENTED_EDGE('',*,*,#5626,.T.);
#7937=ORIENTED_EDGE('',*,*,#5220,.T.);
#7938=ORIENTED_EDGE('',*,*,#5624,.F.);
#7939=ORIENTED_EDGE('',*,*,#5627,.F.);
#7940=ORIENTED_EDGE('',*,*,#5628,.T.);
#7941=ORIENTED_EDGE('',*,*,#5221,.T.);
#7942=ORIENTED_EDGE('',*,*,#5626,.F.);
#7943=ORIENTED_EDGE('',*,*,#5629,.F.);
#7944=ORIENTED_EDGE('',*,*,#5630,.T.);
#7945=ORIENTED_EDGE('',*,*,#5222,.T.);
#7946=ORIENTED_EDGE('',*,*,#5628,.F.);
#7947=ORIENTED_EDGE('',*,*,#5631,.F.);
#7948=ORIENTED_EDGE('',*,*,#5632,.T.);
#7949=ORIENTED_EDGE('',*,*,#5223,.T.);
#7950=ORIENTED_EDGE('',*,*,#5630,.F.);
#7951=ORIENTED_EDGE('',*,*,#5633,.F.);
#7952=ORIENTED_EDGE('',*,*,#5634,.T.);
#7953=ORIENTED_EDGE('',*,*,#5224,.T.);
#7954=ORIENTED_EDGE('',*,*,#5632,.F.);
#7955=ORIENTED_EDGE('',*,*,#5635,.F.);
#7956=ORIENTED_EDGE('',*,*,#5636,.T.);
#7957=ORIENTED_EDGE('',*,*,#5225,.T.);
#7958=ORIENTED_EDGE('',*,*,#5634,.F.);
#7959=ORIENTED_EDGE('',*,*,#5637,.F.);
#7960=ORIENTED_EDGE('',*,*,#5638,.T.);
#7961=ORIENTED_EDGE('',*,*,#5226,.T.);
#7962=ORIENTED_EDGE('',*,*,#5636,.F.);
#7963=ORIENTED_EDGE('',*,*,#5639,.F.);
#7964=ORIENTED_EDGE('',*,*,#5640,.T.);
#7965=ORIENTED_EDGE('',*,*,#5227,.T.);
#7966=ORIENTED_EDGE('',*,*,#5638,.F.);
#7967=ORIENTED_EDGE('',*,*,#5641,.F.);
#7968=ORIENTED_EDGE('',*,*,#5642,.T.);
#7969=ORIENTED_EDGE('',*,*,#5216,.T.);
#7970=ORIENTED_EDGE('',*,*,#5640,.F.);
#7971=ORIENTED_EDGE('',*,*,#5643,.F.);
#7972=ORIENTED_EDGE('',*,*,#5622,.T.);
#7973=ORIENTED_EDGE('',*,*,#5217,.T.);
#7974=ORIENTED_EDGE('',*,*,#5642,.F.);
#7975=ORIENTED_EDGE('',*,*,#5644,.F.);
#7976=ORIENTED_EDGE('',*,*,#5645,.T.);
#7977=ORIENTED_EDGE('',*,*,#5646,.T.);
#7978=ORIENTED_EDGE('',*,*,#5228,.T.);
#7979=ORIENTED_EDGE('',*,*,#5646,.F.);
#7980=ORIENTED_EDGE('',*,*,#5647,.T.);
#7981=ORIENTED_EDGE('',*,*,#5648,.T.);
#7982=ORIENTED_EDGE('',*,*,#5232,.T.);
#7983=ORIENTED_EDGE('',*,*,#5648,.F.);
#7984=ORIENTED_EDGE('',*,*,#5649,.T.);
#7985=ORIENTED_EDGE('',*,*,#5650,.T.);
#7986=ORIENTED_EDGE('',*,*,#5235,.T.);
#7987=ORIENTED_EDGE('',*,*,#5650,.F.);
#7988=ORIENTED_EDGE('',*,*,#5651,.T.);
#7989=ORIENTED_EDGE('',*,*,#5652,.F.);
#7990=ORIENTED_EDGE('',*,*,#5238,.T.);
#7991=ORIENTED_EDGE('',*,*,#5652,.T.);
#7992=ORIENTED_EDGE('',*,*,#5653,.T.);
#7993=ORIENTED_EDGE('',*,*,#5654,.F.);
#7994=ORIENTED_EDGE('',*,*,#5241,.T.);
#7995=ORIENTED_EDGE('',*,*,#5654,.T.);
#7996=ORIENTED_EDGE('',*,*,#5655,.T.);
#7997=ORIENTED_EDGE('',*,*,#5656,.F.);
#7998=ORIENTED_EDGE('',*,*,#5244,.T.);
#7999=ORIENTED_EDGE('',*,*,#5656,.T.);
#8000=ORIENTED_EDGE('',*,*,#5657,.T.);
#8001=ORIENTED_EDGE('',*,*,#5658,.F.);
#8002=ORIENTED_EDGE('',*,*,#5247,.T.);
#8003=ORIENTED_EDGE('',*,*,#5658,.T.);
#8004=ORIENTED_EDGE('',*,*,#5659,.T.);
#8005=ORIENTED_EDGE('',*,*,#5644,.T.);
#8006=ORIENTED_EDGE('',*,*,#5250,.T.);
#8007=ORIENTED_EDGE('',*,*,#5660,.T.);
#8008=ORIENTED_EDGE('',*,*,#5661,.T.);
#8009=ORIENTED_EDGE('',*,*,#5662,.T.);
#8010=ORIENTED_EDGE('',*,*,#5254,.F.);
#8011=ORIENTED_EDGE('',*,*,#5663,.T.);
#8012=ORIENTED_EDGE('',*,*,#5664,.F.);
#8013=ORIENTED_EDGE('',*,*,#5255,.F.);
#8014=ORIENTED_EDGE('',*,*,#5662,.F.);
#8015=ORIENTED_EDGE('',*,*,#5664,.T.);
#8016=ORIENTED_EDGE('',*,*,#5665,.T.);
#8017=ORIENTED_EDGE('',*,*,#5666,.T.);
#8018=ORIENTED_EDGE('',*,*,#5252,.F.);
#8019=ORIENTED_EDGE('',*,*,#5667,.T.);
#8020=ORIENTED_EDGE('',*,*,#5660,.F.);
#8021=ORIENTED_EDGE('',*,*,#5253,.F.);
#8022=ORIENTED_EDGE('',*,*,#5666,.F.);
#8023=ORIENTED_EDGE('',*,*,#5256,.F.);
#8024=ORIENTED_EDGE('',*,*,#5668,.F.);
#8025=ORIENTED_EDGE('',*,*,#5669,.T.);
#8026=ORIENTED_EDGE('',*,*,#5670,.F.);
#8027=ORIENTED_EDGE('',*,*,#5259,.F.);
#8028=ORIENTED_EDGE('',*,*,#5670,.T.);
#8029=ORIENTED_EDGE('',*,*,#5671,.T.);
#8030=ORIENTED_EDGE('',*,*,#5672,.F.);
#8031=ORIENTED_EDGE('',*,*,#5261,.F.);
#8032=ORIENTED_EDGE('',*,*,#5672,.T.);
#8033=ORIENTED_EDGE('',*,*,#5673,.T.);
#8034=ORIENTED_EDGE('',*,*,#5674,.F.);
#8035=ORIENTED_EDGE('',*,*,#5263,.F.);
#8036=ORIENTED_EDGE('',*,*,#5674,.T.);
#8037=ORIENTED_EDGE('',*,*,#5675,.T.);
#8038=ORIENTED_EDGE('',*,*,#5676,.F.);
#8039=ORIENTED_EDGE('',*,*,#5265,.F.);
#8040=ORIENTED_EDGE('',*,*,#5676,.T.);
#8041=ORIENTED_EDGE('',*,*,#5677,.T.);
#8042=ORIENTED_EDGE('',*,*,#5678,.F.);
#8043=ORIENTED_EDGE('',*,*,#5267,.F.);
#8044=ORIENTED_EDGE('',*,*,#5678,.T.);
#8045=ORIENTED_EDGE('',*,*,#5679,.T.);
#8046=ORIENTED_EDGE('',*,*,#5680,.F.);
#8047=ORIENTED_EDGE('',*,*,#5269,.F.);
#8048=ORIENTED_EDGE('',*,*,#5680,.T.);
#8049=ORIENTED_EDGE('',*,*,#5681,.T.);
#8050=ORIENTED_EDGE('',*,*,#5682,.F.);
#8051=ORIENTED_EDGE('',*,*,#5271,.F.);
#8052=ORIENTED_EDGE('',*,*,#5682,.T.);
#8053=ORIENTED_EDGE('',*,*,#5683,.T.);
#8054=ORIENTED_EDGE('',*,*,#5668,.T.);
#8055=ORIENTED_EDGE('',*,*,#5684,.T.);
#8056=ORIENTED_EDGE('',*,*,#5685,.T.);
#8057=ORIENTED_EDGE('',*,*,#5272,.T.);
#8058=ORIENTED_EDGE('',*,*,#5685,.F.);
#8059=ORIENTED_EDGE('',*,*,#5686,.F.);
#8060=ORIENTED_EDGE('',*,*,#5687,.T.);
#8061=ORIENTED_EDGE('',*,*,#5688,.T.);
#8062=ORIENTED_EDGE('',*,*,#5275,.T.);
#8063=ORIENTED_EDGE('',*,*,#5688,.F.);
#8064=ORIENTED_EDGE('',*,*,#5689,.T.);
#8065=ORIENTED_EDGE('',*,*,#5690,.T.);
#8066=ORIENTED_EDGE('',*,*,#5279,.T.);
#8067=ORIENTED_EDGE('',*,*,#5690,.F.);
#8068=ORIENTED_EDGE('',*,*,#5691,.T.);
#8069=ORIENTED_EDGE('',*,*,#5692,.T.);
#8070=ORIENTED_EDGE('',*,*,#5282,.T.);
#8071=ORIENTED_EDGE('',*,*,#5692,.F.);
#8072=ORIENTED_EDGE('',*,*,#5693,.T.);
#8073=ORIENTED_EDGE('',*,*,#5694,.F.);
#8074=ORIENTED_EDGE('',*,*,#5285,.T.);
#8075=ORIENTED_EDGE('',*,*,#5694,.T.);
#8076=ORIENTED_EDGE('',*,*,#5695,.T.);
#8077=ORIENTED_EDGE('',*,*,#5696,.F.);
#8078=ORIENTED_EDGE('',*,*,#5288,.T.);
#8079=ORIENTED_EDGE('',*,*,#5696,.T.);
#8080=ORIENTED_EDGE('',*,*,#5697,.T.);
#8081=ORIENTED_EDGE('',*,*,#5698,.F.);
#8082=ORIENTED_EDGE('',*,*,#5291,.T.);
#8083=ORIENTED_EDGE('',*,*,#5698,.T.);
#8084=ORIENTED_EDGE('',*,*,#5699,.T.);
#8085=ORIENTED_EDGE('',*,*,#5700,.F.);
#8086=ORIENTED_EDGE('',*,*,#5294,.T.);
#8087=ORIENTED_EDGE('',*,*,#5700,.T.);
#8088=ORIENTED_EDGE('',*,*,#5701,.T.);
#8089=ORIENTED_EDGE('',*,*,#5686,.T.);
#8090=ORIENTED_EDGE('',*,*,#5297,.T.);
#8091=ORIENTED_EDGE('',*,*,#5702,.T.);
#8092=ORIENTED_EDGE('',*,*,#5299,.T.);
#8093=ORIENTED_EDGE('',*,*,#5703,.F.);
#8094=ORIENTED_EDGE('',*,*,#5704,.T.);
#8095=ORIENTED_EDGE('',*,*,#5702,.F.);
#8096=ORIENTED_EDGE('',*,*,#5705,.T.);
#8097=ORIENTED_EDGE('',*,*,#5706,.T.);
#8098=ORIENTED_EDGE('',*,*,#5303,.T.);
#8099=ORIENTED_EDGE('',*,*,#5707,.T.);
#8100=ORIENTED_EDGE('',*,*,#5306,.T.);
#8101=ORIENTED_EDGE('',*,*,#5706,.F.);
#8102=ORIENTED_EDGE('',*,*,#5708,.T.);
#8103=ORIENTED_EDGE('',*,*,#5707,.F.);
#8104=ORIENTED_EDGE('',*,*,#5709,.T.);
#8105=ORIENTED_EDGE('',*,*,#5710,.F.);
#8106=ORIENTED_EDGE('',*,*,#5309,.T.);
#8107=ORIENTED_EDGE('',*,*,#5711,.F.);
#8108=ORIENTED_EDGE('',*,*,#5312,.T.);
#8109=ORIENTED_EDGE('',*,*,#5710,.T.);
#8110=ORIENTED_EDGE('',*,*,#5712,.T.);
#8111=ORIENTED_EDGE('',*,*,#5711,.T.);
#8112=ORIENTED_EDGE('',*,*,#5713,.T.);
#8113=ORIENTED_EDGE('',*,*,#5714,.F.);
#8114=ORIENTED_EDGE('',*,*,#5315,.T.);
#8115=ORIENTED_EDGE('',*,*,#5715,.F.);
#8116=ORIENTED_EDGE('',*,*,#5318,.T.);
#8117=ORIENTED_EDGE('',*,*,#5714,.T.);
#8118=ORIENTED_EDGE('',*,*,#5716,.T.);
#8119=ORIENTED_EDGE('',*,*,#5715,.T.);
#8120=ORIENTED_EDGE('',*,*,#5717,.T.);
#8121=ORIENTED_EDGE('',*,*,#5703,.T.);
#8122=ORIENTED_EDGE('',*,*,#5321,.T.);
#8123=ORIENTED_EDGE('',*,*,#5718,.F.);
#8124=ORIENTED_EDGE('',*,*,#5719,.T.);
#8125=ORIENTED_EDGE('',*,*,#5720,.T.);
#8126=ORIENTED_EDGE('',*,*,#5323,.T.);
#8127=ORIENTED_EDGE('',*,*,#5720,.F.);
#8128=ORIENTED_EDGE('',*,*,#5721,.T.);
#8129=ORIENTED_EDGE('',*,*,#5722,.T.);
#8130=ORIENTED_EDGE('',*,*,#5327,.T.);
#8131=ORIENTED_EDGE('',*,*,#5722,.F.);
#8132=ORIENTED_EDGE('',*,*,#5723,.T.);
#8133=ORIENTED_EDGE('',*,*,#5724,.T.);
#8134=ORIENTED_EDGE('',*,*,#5330,.T.);
#8135=ORIENTED_EDGE('',*,*,#5724,.F.);
#8136=ORIENTED_EDGE('',*,*,#5725,.T.);
#8137=ORIENTED_EDGE('',*,*,#5726,.F.);
#8138=ORIENTED_EDGE('',*,*,#5333,.T.);
#8139=ORIENTED_EDGE('',*,*,#5726,.T.);
#8140=ORIENTED_EDGE('',*,*,#5727,.T.);
#8141=ORIENTED_EDGE('',*,*,#5728,.F.);
#8142=ORIENTED_EDGE('',*,*,#5336,.T.);
#8143=ORIENTED_EDGE('',*,*,#5728,.T.);
#8144=ORIENTED_EDGE('',*,*,#5729,.T.);
#8145=ORIENTED_EDGE('',*,*,#5730,.F.);
#8146=ORIENTED_EDGE('',*,*,#5339,.T.);
#8147=ORIENTED_EDGE('',*,*,#5730,.T.);
#8148=ORIENTED_EDGE('',*,*,#5731,.T.);
#8149=ORIENTED_EDGE('',*,*,#5732,.F.);
#8150=ORIENTED_EDGE('',*,*,#5342,.T.);
#8151=ORIENTED_EDGE('',*,*,#5732,.T.);
#8152=ORIENTED_EDGE('',*,*,#5733,.T.);
#8153=ORIENTED_EDGE('',*,*,#5718,.T.);
#8154=ORIENTED_EDGE('',*,*,#5345,.T.);
#8155=ORIENTED_EDGE('',*,*,#5734,.F.);
#8156=ORIENTED_EDGE('',*,*,#5735,.T.);
#8157=ORIENTED_EDGE('',*,*,#5352,.F.);
#8158=ORIENTED_EDGE('',*,*,#5348,.F.);
#8159=ORIENTED_EDGE('',*,*,#5363,.T.);
#8160=ORIENTED_EDGE('',*,*,#5736,.T.);
#8161=ORIENTED_EDGE('',*,*,#5737,.F.);
#8162=ORIENTED_EDGE('',*,*,#5347,.T.);
#8163=ORIENTED_EDGE('',*,*,#4831,.F.);
#8164=ORIENTED_EDGE('',*,*,#5354,.T.);
#8165=ORIENTED_EDGE('',*,*,#5350,.F.);
#8166=ORIENTED_EDGE('',*,*,#5735,.F.);
#8167=ORIENTED_EDGE('',*,*,#4830,.F.);
#8168=ORIENTED_EDGE('',*,*,#5738,.T.);
#8169=ORIENTED_EDGE('',*,*,#5355,.T.);
#8170=ORIENTED_EDGE('',*,*,#5353,.T.);
#8171=ORIENTED_EDGE('',*,*,#5683,.F.);
#8172=ORIENTED_EDGE('',*,*,#5681,.F.);
#8173=ORIENTED_EDGE('',*,*,#5679,.F.);
#8174=ORIENTED_EDGE('',*,*,#5677,.F.);
#8175=ORIENTED_EDGE('',*,*,#5675,.F.);
#8176=ORIENTED_EDGE('',*,*,#5673,.F.);
#8177=ORIENTED_EDGE('',*,*,#5671,.F.);
#8178=ORIENTED_EDGE('',*,*,#5669,.F.);
#8179=ORIENTED_EDGE('',*,*,#5733,.F.);
#8180=ORIENTED_EDGE('',*,*,#5731,.F.);
#8181=ORIENTED_EDGE('',*,*,#5729,.F.);
#8182=ORIENTED_EDGE('',*,*,#5727,.F.);
#8183=ORIENTED_EDGE('',*,*,#5725,.F.);
#8184=ORIENTED_EDGE('',*,*,#5723,.F.);
#8185=ORIENTED_EDGE('',*,*,#5721,.F.);
#8186=ORIENTED_EDGE('',*,*,#5719,.F.);
#8187=ORIENTED_EDGE('',*,*,#5717,.F.);
#8188=ORIENTED_EDGE('',*,*,#5716,.F.);
#8189=ORIENTED_EDGE('',*,*,#5713,.F.);
#8190=ORIENTED_EDGE('',*,*,#5712,.F.);
#8191=ORIENTED_EDGE('',*,*,#5709,.F.);
#8192=ORIENTED_EDGE('',*,*,#5708,.F.);
#8193=ORIENTED_EDGE('',*,*,#5705,.F.);
#8194=ORIENTED_EDGE('',*,*,#5704,.F.);
#8195=ORIENTED_EDGE('',*,*,#5701,.F.);
#8196=ORIENTED_EDGE('',*,*,#5699,.F.);
#8197=ORIENTED_EDGE('',*,*,#5697,.F.);
#8198=ORIENTED_EDGE('',*,*,#5695,.F.);
#8199=ORIENTED_EDGE('',*,*,#5693,.F.);
#8200=ORIENTED_EDGE('',*,*,#5691,.F.);
#8201=ORIENTED_EDGE('',*,*,#5689,.F.);
#8202=ORIENTED_EDGE('',*,*,#5687,.F.);
#8203=ORIENTED_EDGE('',*,*,#5684,.F.);
#8204=ORIENTED_EDGE('',*,*,#5667,.F.);
#8205=ORIENTED_EDGE('',*,*,#5665,.F.);
#8206=ORIENTED_EDGE('',*,*,#5663,.F.);
#8207=ORIENTED_EDGE('',*,*,#5661,.F.);
#8208=ORIENTED_EDGE('',*,*,#5659,.F.);
#8209=ORIENTED_EDGE('',*,*,#5657,.F.);
#8210=ORIENTED_EDGE('',*,*,#5655,.F.);
#8211=ORIENTED_EDGE('',*,*,#5653,.F.);
#8212=ORIENTED_EDGE('',*,*,#5651,.F.);
#8213=ORIENTED_EDGE('',*,*,#5649,.F.);
#8214=ORIENTED_EDGE('',*,*,#5647,.F.);
#8215=ORIENTED_EDGE('',*,*,#5645,.F.);
#8216=ORIENTED_EDGE('',*,*,#5643,.T.);
#8217=ORIENTED_EDGE('',*,*,#5641,.T.);
#8218=ORIENTED_EDGE('',*,*,#5639,.T.);
#8219=ORIENTED_EDGE('',*,*,#5637,.T.);
#8220=ORIENTED_EDGE('',*,*,#5635,.T.);
#8221=ORIENTED_EDGE('',*,*,#5633,.T.);
#8222=ORIENTED_EDGE('',*,*,#5631,.T.);
#8223=ORIENTED_EDGE('',*,*,#5629,.T.);
#8224=ORIENTED_EDGE('',*,*,#5627,.T.);
#8225=ORIENTED_EDGE('',*,*,#5625,.T.);
#8226=ORIENTED_EDGE('',*,*,#5623,.T.);
#8227=ORIENTED_EDGE('',*,*,#5620,.T.);
#8228=ORIENTED_EDGE('',*,*,#5619,.T.);
#8229=ORIENTED_EDGE('',*,*,#5617,.T.);
#8230=ORIENTED_EDGE('',*,*,#5615,.T.);
#8231=ORIENTED_EDGE('',*,*,#5613,.T.);
#8232=ORIENTED_EDGE('',*,*,#5611,.T.);
#8233=ORIENTED_EDGE('',*,*,#5609,.T.);
#8234=ORIENTED_EDGE('',*,*,#5607,.T.);
#8235=ORIENTED_EDGE('',*,*,#5605,.T.);
#8236=ORIENTED_EDGE('',*,*,#5602,.T.);
#8237=ORIENTED_EDGE('',*,*,#5601,.T.);
#8238=ORIENTED_EDGE('',*,*,#5599,.T.);
#8239=ORIENTED_EDGE('',*,*,#5597,.T.);
#8240=ORIENTED_EDGE('',*,*,#5595,.T.);
#8241=ORIENTED_EDGE('',*,*,#5593,.T.);
#8242=ORIENTED_EDGE('',*,*,#5591,.T.);
#8243=ORIENTED_EDGE('',*,*,#5589,.T.);
#8244=ORIENTED_EDGE('',*,*,#5587,.T.);
#8245=ORIENTED_EDGE('',*,*,#5585,.T.);
#8246=ORIENTED_EDGE('',*,*,#5583,.T.);
#8247=ORIENTED_EDGE('',*,*,#5581,.T.);
#8248=ORIENTED_EDGE('',*,*,#5579,.T.);
#8249=ORIENTED_EDGE('',*,*,#5576,.T.);
#8250=ORIENTED_EDGE('',*,*,#5575,.T.);
#8251=ORIENTED_EDGE('',*,*,#5573,.T.);
#8252=ORIENTED_EDGE('',*,*,#5571,.T.);
#8253=ORIENTED_EDGE('',*,*,#5568,.T.);
#8254=ORIENTED_EDGE('',*,*,#5567,.T.);
#8255=ORIENTED_EDGE('',*,*,#5565,.T.);
#8256=ORIENTED_EDGE('',*,*,#5563,.T.);
#8257=ORIENTED_EDGE('',*,*,#5561,.T.);
#8258=ORIENTED_EDGE('',*,*,#5559,.T.);
#8259=ORIENTED_EDGE('',*,*,#5557,.T.);
#8260=ORIENTED_EDGE('',*,*,#5554,.T.);
#8261=ORIENTED_EDGE('',*,*,#5553,.T.);
#8262=ORIENTED_EDGE('',*,*,#5551,.T.);
#8263=ORIENTED_EDGE('',*,*,#5549,.T.);
#8264=ORIENTED_EDGE('',*,*,#5547,.T.);
#8265=ORIENTED_EDGE('',*,*,#5545,.T.);
#8266=ORIENTED_EDGE('',*,*,#5543,.T.);
#8267=ORIENTED_EDGE('',*,*,#5541,.T.);
#8268=ORIENTED_EDGE('',*,*,#5539,.T.);
#8269=ORIENTED_EDGE('',*,*,#5537,.T.);
#8270=ORIENTED_EDGE('',*,*,#5535,.T.);
#8271=ORIENTED_EDGE('',*,*,#5533,.T.);
#8272=ORIENTED_EDGE('',*,*,#5530,.T.);
#8273=ORIENTED_EDGE('',*,*,#5529,.T.);
#8274=ORIENTED_EDGE('',*,*,#5527,.T.);
#8275=ORIENTED_EDGE('',*,*,#5525,.T.);
#8276=ORIENTED_EDGE('',*,*,#5523,.T.);
#8277=ORIENTED_EDGE('',*,*,#5521,.T.);
#8278=ORIENTED_EDGE('',*,*,#5519,.T.);
#8279=ORIENTED_EDGE('',*,*,#5517,.T.);
#8280=ORIENTED_EDGE('',*,*,#5515,.T.);
#8281=ORIENTED_EDGE('',*,*,#5513,.T.);
#8282=ORIENTED_EDGE('',*,*,#5511,.T.);
#8283=ORIENTED_EDGE('',*,*,#5509,.T.);
#8284=ORIENTED_EDGE('',*,*,#5507,.T.);
#8285=ORIENTED_EDGE('',*,*,#5505,.T.);
#8286=ORIENTED_EDGE('',*,*,#5503,.T.);
#8287=ORIENTED_EDGE('',*,*,#5501,.T.);
#8288=ORIENTED_EDGE('',*,*,#5499,.T.);
#8289=ORIENTED_EDGE('',*,*,#5497,.T.);
#8290=ORIENTED_EDGE('',*,*,#5495,.T.);
#8291=ORIENTED_EDGE('',*,*,#5493,.T.);
#8292=ORIENTED_EDGE('',*,*,#5491,.T.);
#8293=ORIENTED_EDGE('',*,*,#5489,.T.);
#8294=ORIENTED_EDGE('',*,*,#5486,.T.);
#8295=ORIENTED_EDGE('',*,*,#5485,.T.);
#8296=ORIENTED_EDGE('',*,*,#5483,.T.);
#8297=ORIENTED_EDGE('',*,*,#5481,.T.);
#8298=ORIENTED_EDGE('',*,*,#5479,.T.);
#8299=ORIENTED_EDGE('',*,*,#5477,.T.);
#8300=ORIENTED_EDGE('',*,*,#5475,.T.);
#8301=ORIENTED_EDGE('',*,*,#5473,.T.);
#8302=ORIENTED_EDGE('',*,*,#5471,.T.);
#8303=ORIENTED_EDGE('',*,*,#5469,.T.);
#8304=ORIENTED_EDGE('',*,*,#5467,.T.);
#8305=ORIENTED_EDGE('',*,*,#5465,.T.);
#8306=ORIENTED_EDGE('',*,*,#5463,.T.);
#8307=ORIENTED_EDGE('',*,*,#5461,.T.);
#8308=ORIENTED_EDGE('',*,*,#5459,.T.);
#8309=ORIENTED_EDGE('',*,*,#5457,.T.);
#8310=ORIENTED_EDGE('',*,*,#5455,.T.);
#8311=ORIENTED_EDGE('',*,*,#5453,.T.);
#8312=ORIENTED_EDGE('',*,*,#5451,.T.);
#8313=ORIENTED_EDGE('',*,*,#5449,.T.);
#8314=ORIENTED_EDGE('',*,*,#5447,.T.);
#8315=ORIENTED_EDGE('',*,*,#5445,.T.);
#8316=ORIENTED_EDGE('',*,*,#5443,.T.);
#8317=ORIENTED_EDGE('',*,*,#5441,.T.);
#8318=ORIENTED_EDGE('',*,*,#5439,.T.);
#8319=ORIENTED_EDGE('',*,*,#5437,.T.);
#8320=ORIENTED_EDGE('',*,*,#5435,.T.);
#8321=ORIENTED_EDGE('',*,*,#5433,.T.);
#8322=ORIENTED_EDGE('',*,*,#5431,.T.);
#8323=ORIENTED_EDGE('',*,*,#5429,.T.);
#8324=ORIENTED_EDGE('',*,*,#5427,.T.);
#8325=ORIENTED_EDGE('',*,*,#5425,.T.);
#8326=ORIENTED_EDGE('',*,*,#5422,.T.);
#8327=ORIENTED_EDGE('',*,*,#5421,.T.);
#8328=ORIENTED_EDGE('',*,*,#5419,.T.);
#8329=ORIENTED_EDGE('',*,*,#5417,.T.);
#8330=ORIENTED_EDGE('',*,*,#5415,.T.);
#8331=ORIENTED_EDGE('',*,*,#5413,.T.);
#8332=ORIENTED_EDGE('',*,*,#5411,.T.);
#8333=ORIENTED_EDGE('',*,*,#5409,.T.);
#8334=ORIENTED_EDGE('',*,*,#5407,.T.);
#8335=ORIENTED_EDGE('',*,*,#5405,.T.);
#8336=ORIENTED_EDGE('',*,*,#5403,.T.);
#8337=ORIENTED_EDGE('',*,*,#5401,.T.);
#8338=ORIENTED_EDGE('',*,*,#5399,.T.);
#8339=ORIENTED_EDGE('',*,*,#5397,.T.);
#8340=ORIENTED_EDGE('',*,*,#5395,.T.);
#8341=ORIENTED_EDGE('',*,*,#5393,.T.);
#8342=ORIENTED_EDGE('',*,*,#5391,.T.);
#8343=ORIENTED_EDGE('',*,*,#5389,.T.);
#8344=ORIENTED_EDGE('',*,*,#5387,.T.);
#8345=ORIENTED_EDGE('',*,*,#5385,.T.);
#8346=ORIENTED_EDGE('',*,*,#5383,.T.);
#8347=ORIENTED_EDGE('',*,*,#5381,.T.);
#8348=ORIENTED_EDGE('',*,*,#5379,.T.);
#8349=ORIENTED_EDGE('',*,*,#5377,.T.);
#8350=ORIENTED_EDGE('',*,*,#5375,.T.);
#8351=ORIENTED_EDGE('',*,*,#5373,.T.);
#8352=ORIENTED_EDGE('',*,*,#5371,.T.);
#8353=ORIENTED_EDGE('',*,*,#5369,.T.);
#8354=ORIENTED_EDGE('',*,*,#5367,.T.);
#8355=ORIENTED_EDGE('',*,*,#5364,.T.);
#8356=ORIENTED_EDGE('',*,*,#4829,.F.);
#8357=ORIENTED_EDGE('',*,*,#5739,.F.);
#8358=ORIENTED_EDGE('',*,*,#5736,.F.);
#8359=ORIENTED_EDGE('',*,*,#5362,.F.);
#8360=ORIENTED_EDGE('',*,*,#5360,.F.);
#8361=ORIENTED_EDGE('',*,*,#5358,.F.);
#8362=ORIENTED_EDGE('',*,*,#5356,.F.);
#8363=ORIENTED_EDGE('',*,*,#5738,.F.);
#8364=ORIENTED_EDGE('',*,*,#5737,.T.);
#8365=ORIENTED_EDGE('',*,*,#5739,.T.);
#8366=ORIENTED_EDGE('',*,*,#4828,.F.);
#8367=ORIENTED_EDGE('',*,*,#5734,.T.);
#8368=PLANE('',#9156);
#8369=PLANE('',#9158);
#8370=PLANE('',#9165);
#8371=PLANE('',#9169);
#8372=PLANE('',#9173);
#8373=PLANE('',#9177);
#8374=PLANE('',#9184);
#8375=PLANE('',#9185);
#8376=PLANE('',#9186);
#8377=PLANE('',#9191);
#8378=PLANE('',#9192);
#8379=PLANE('',#9193);
#8380=PLANE('',#9203);
#8381=PLANE('',#9204);
#8382=PLANE('',#9205);
#8383=PLANE('',#9210);
#8384=PLANE('',#9211);
#8385=PLANE('',#9212);
#8386=PLANE('',#9213);
#8387=PLANE('',#9218);
#8388=PLANE('',#9222);
#8389=PLANE('',#9223);
#8390=PLANE('',#9230);
#8391=PLANE('',#9234);
#8392=PLANE('',#9241);
#8393=PLANE('',#9242);
#8394=PLANE('',#9243);
#8395=PLANE('',#9247);
#8396=PLANE('',#9251);
#8397=PLANE('',#9255);
#8398=PLANE('',#9259);
#8399=PLANE('',#9260);
#8400=PLANE('',#9262);
#8401=PLANE('',#9264);
#8402=PLANE('',#9266);
#8403=PLANE('',#9268);
#8404=PLANE('',#9269);
#8405=PLANE('',#9270);
#8406=PLANE('',#9271);
#8407=PLANE('',#9272);
#8408=PLANE('',#9273);
#8409=PLANE('',#9274);
#8410=PLANE('',#9275);
#8411=PLANE('',#9276);
#8412=PLANE('',#9280);
#8413=PLANE('',#9282);
#8414=PLANE('',#9285);
#8415=PLANE('',#9288);
#8416=PLANE('',#9290);
#8417=PLANE('',#9291);
#8418=PLANE('',#9295);
#8419=PLANE('',#9297);
#8420=PLANE('',#9300);
#8421=PLANE('',#9303);
#8422=PLANE('',#9305);
#8423=PLANE('',#9308);
#8424=PLANE('',#9312);
#8425=PLANE('',#9314);
#8426=PLANE('',#9317);
#8427=PLANE('',#9320);
#8428=PLANE('',#9322);
#8429=PLANE('',#9340);
#8430=PLANE('',#9341);
#8431=PLANE('',#9342);
#8432=PLANE('',#9345);
#8433=PLANE('',#9350);
#8434=PLANE('',#9353);
#8435=PLANE('',#9356);
#8436=PLANE('',#9361);
#8437=PLANE('',#9364);
#8438=PLANE('',#9369);
#8439=PLANE('',#9376);
#8440=PLANE('',#9379);
#8441=PLANE('',#9382);
#8442=PLANE('',#9385);
#8443=PLANE('',#9388);
#8444=PLANE('',#9391);
#8445=PLANE('',#9394);
#8446=PLANE('',#9397);
#8447=PLANE('',#9400);
#8448=PLANE('',#9403);
#8449=PLANE('',#9406);
#8450=PLANE('',#9409);
#8451=PLANE('',#9410);
#8452=PLANE('',#9412);
#8453=PLANE('',#9414);
#8454=PLANE('',#9415);
#8455=PLANE('',#9418);
#8456=PLANE('',#9419);
#8457=PLANE('',#9421);
#8458=PLANE('',#9423);
#8459=PLANE('',#9431);
#8460=PLANE('',#9432);
#8461=PLANE('',#9433);
#8462=PLANE('',#9435);
#8463=PLANE('',#9436);
#8464=PLANE('',#9437);
#8465=PLANE('',#9439);
#8466=PLANE('',#9440);
#8467=PLANE('',#9441);
#8468=PLANE('',#9443);
#8469=PLANE('',#9444);
#8470=PLANE('',#9445);
#8471=PLANE('',#9447);
#8472=PLANE('',#9448);
#8473=PLANE('',#9449);
#8474=PLANE('',#9450);
#8475=PLANE('',#9451);
#8476=PLANE('',#9454);
#8477=PLANE('',#9455);
#8478=PLANE('',#9456);
#8479=PLANE('',#9457);
#8480=PLANE('',#9458);
#8481=PLANE('',#9461);
#8482=PLANE('',#9462);
#8483=PLANE('',#9463);
#8484=PLANE('',#9464);
#8485=PLANE('',#9465);
#8486=PLANE('',#9468);
#8487=PLANE('',#9469);
#8488=PLANE('',#9470);
#8489=PLANE('',#9471);
#8490=PLANE('',#9472);
#8491=PLANE('',#9475);
#8492=PLANE('',#9476);
#8493=PLANE('',#9477);
#8494=PLANE('',#9478);
#8495=PLANE('',#9479);
#8496=PLANE('',#9480);
#8497=PLANE('',#9481);
#8498=PLANE('',#9482);
#8499=PLANE('',#9483);
#8500=PLANE('',#9484);
#8501=PLANE('',#9485);
#8502=PLANE('',#9486);
#8503=PLANE('',#9487);
#8504=PLANE('',#9488);
#8505=PLANE('',#9489);
#8506=PLANE('',#9490);
#8507=PLANE('',#9491);
#8508=PLANE('',#9492);
#8509=PLANE('',#9497);
#8510=PLANE('',#9500);
#8511=PLANE('',#9501);
#8512=PLANE('',#9502);
#8513=PLANE('',#9505);
#8514=PLANE('',#9506);
#8515=PLANE('',#9507);
#8516=PLANE('',#9510);
#8517=PLANE('',#9511);
#8518=PLANE('',#9512);
#8519=PLANE('',#9515);
#8520=PLANE('',#9516);
#8521=PLANE('',#9517);
#8522=PLANE('',#9518);
#8523=PLANE('',#9519);
#8524=PLANE('',#9520);
#8525=PLANE('',#9524);
#8526=PLANE('',#9528);
#8527=PLANE('',#9529);
#8528=PLANE('',#9530);
#8529=PLANE('',#9531);
#8530=PLANE('',#9532);
#8531=PLANE('',#9533);
#8532=PLANE('',#9534);
#8533=PLANE('',#9535);
#8534=PLANE('',#9536);
#8535=PLANE('',#9540);
#8536=PLANE('',#9544);
#8537=PLANE('',#9548);
#8538=PLANE('',#9552);
#8539=PLANE('',#9553);
#8540=PLANE('',#9556);
#8541=PLANE('',#9559);
#8542=PLANE('',#9562);
#8543=PLANE('',#9565);
#8544=PLANE('',#9572);
#8545=PLANE('',#9576);
#8546=PLANE('',#9580);
#8547=PLANE('',#9584);
#8548=PLANE('',#9588);
#8549=PLANE('',#9592);
#8550=PLANE('',#9596);
#8551=PLANE('',#9600);
#8552=PLANE('',#9604);
#8553=PLANE('',#9608);
#8554=PLANE('',#9612);
#8555=PLANE('',#9616);
#8556=PLANE('',#9617);
#8557=PLANE('',#9618);
#8558=PLANE('',#9623);
#8559=PLANE('',#9626);
#8560=PLANE('',#9629);
#8561=PLANE('',#9630);
#8562=PLANE('',#9631);
#8563=PLANE('',#9632);
#8564=PLANE('',#9633);
#8565=PLANE('',#9634);
#8566=PLANE('',#9635);
#8567=PLANE('',#9636);
#8568=PLANE('',#9637);
#8569=PLANE('',#9638);
#8570=PLANE('',#9639);
#8571=PLANE('',#9640);
#8572=PLANE('',#9641);
#8573=PLANE('',#9642);
#8574=PLANE('',#9643);
#8575=PLANE('',#9644);
#8576=PLANE('',#9645);
#8577=PLANE('',#9646);
#8578=PLANE('',#9647);
#8579=PLANE('',#9648);
#8580=PLANE('',#9649);
#8581=PLANE('',#9650);
#8582=PLANE('',#9651);
#8583=PLANE('',#9652);
#8584=PLANE('',#9653);
#8585=PLANE('',#9654);
#8586=PLANE('',#9655);
#8587=PLANE('',#9656);
#8588=PLANE('',#9657);
#8589=PLANE('',#9658);
#8590=PLANE('',#9659);
#8591=PLANE('',#9660);
#8592=PLANE('',#9661);
#8593=PLANE('',#9662);
#8594=PLANE('',#9663);
#8595=PLANE('',#9664);
#8596=PLANE('',#9665);
#8597=PLANE('',#9666);
#8598=PLANE('',#9667);
#8599=PLANE('',#9668);
#8600=PLANE('',#9669);
#8601=PLANE('',#9670);
#8602=PLANE('',#9671);
#8603=PLANE('',#9672);
#8604=PLANE('',#9673);
#8605=PLANE('',#9674);
#8606=PLANE('',#9675);
#8607=PLANE('',#9676);
#8608=PLANE('',#9677);
#8609=PLANE('',#9678);
#8610=PLANE('',#9679);
#8611=PLANE('',#9680);
#8612=PLANE('',#9683);
#8613=PLANE('',#9686);
#8614=PLANE('',#9689);
#8615=PLANE('',#9692);
#8616=PLANE('',#9693);
#8617=PLANE('',#9694);
#8618=PLANE('',#9695);
#8619=PLANE('',#9696);
#8620=PLANE('',#9699);
#8621=PLANE('',#9702);
#8622=PLANE('',#9705);
#8623=PLANE('',#9708);
#8624=PLANE('',#9713);
#8625=PLANE('',#9716);
#8626=PLANE('',#9719);
#8627=PLANE('',#9722);
#8628=PLANE('',#9725);
#8629=PLANE('',#9728);
#8630=PLANE('',#9731);
#8631=PLANE('',#9734);
#8632=PLANE('',#9737);
#8633=PLANE('',#9740);
#8634=PLANE('',#9743);
#8635=PLANE('',#9746);
#8636=PLANE('',#9749);
#8637=PLANE('',#9750);
#8638=PLANE('',#9753);
#8639=ADVANCED_FACE('',(#708,#454),#8368,.T.);
#8640=ADVANCED_FACE('',(#709),#8369,.T.);
#8641=ADVANCED_FACE('',(#710),#399,.F.);
#8642=ADVANCED_FACE('',(#711),#400,.F.);
#8643=ADVANCED_FACE('',(#712),#8370,.F.);
#8644=ADVANCED_FACE('',(#713),#325,.F.);
#8645=ADVANCED_FACE('',(#714),#8371,.F.);
#8646=ADVANCED_FACE('',(#715),#326,.F.);
#8647=ADVANCED_FACE('',(#716),#8372,.F.);
#8648=ADVANCED_FACE('',(#717),#327,.F.);
#8649=ADVANCED_FACE('',(#718),#8373,.F.);
#8650=ADVANCED_FACE('',(#719),#328,.F.);
#8651=ADVANCED_FACE('',(#720),#401,.F.);
#8652=ADVANCED_FACE('',(#721),#8374,.T.);
#8653=ADVANCED_FACE('',(#722),#8375,.T.);
#8654=ADVANCED_FACE('',(#723,#455),#8376,.T.);
#8655=ADVANCED_FACE('',(#724),#8377,.T.);
#8656=ADVANCED_FACE('',(#725),#8378,.T.);
#8657=ADVANCED_FACE('',(#726,#456,#457,#458,#459),#8379,.T.);
#8658=ADVANCED_FACE('',(#727),#8380,.T.);
#8659=ADVANCED_FACE('',(#728),#8381,.T.);
#8660=ADVANCED_FACE('',(#729,#460),#8382,.T.);
#8661=ADVANCED_FACE('',(#730),#8383,.T.);
#8662=ADVANCED_FACE('',(#731),#8384,.T.);
#8663=ADVANCED_FACE('',(#732),#8385,.T.);
#8664=ADVANCED_FACE('',(#733),#8386,.T.);
#8665=ADVANCED_FACE('',(#734),#8387,.T.);
#8666=ADVANCED_FACE('',(#735),#402,.T.);
#8667=ADVANCED_FACE('',(#736),#8388,.T.);
#8668=ADVANCED_FACE('',(#737),#8389,.F.);
#8669=ADVANCED_FACE('',(#738),#403,.T.);
#8670=ADVANCED_FACE('',(#739),#8390,.T.);
#8671=ADVANCED_FACE('',(#740),#404,.T.);
#8672=ADVANCED_FACE('',(#741,#461,#462,#463,#464),#8391,.T.);
#8673=ADVANCED_FACE('',(#742),#8392,.T.);
#8674=ADVANCED_FACE('',(#743),#8393,.T.);
#8675=ADVANCED_FACE('',(#744),#8394,.T.);
#8676=ADVANCED_FACE('',(#745),#405,.T.);
#8677=ADVANCED_FACE('',(#746),#8395,.T.);
#8678=ADVANCED_FACE('',(#747),#406,.T.);
#8679=ADVANCED_FACE('',(#748),#8396,.T.);
#8680=ADVANCED_FACE('',(#749),#407,.T.);
#8681=ADVANCED_FACE('',(#750),#8397,.T.);
#8682=ADVANCED_FACE('',(#751),#408,.T.);
#8683=ADVANCED_FACE('',(#752),#8398,.T.);
#8684=ADVANCED_FACE('',(#753),#8399,.T.);
#8685=ADVANCED_FACE('',(#754),#329,.T.);
#8686=ADVANCED_FACE('',(#755),#8400,.T.);
#8687=ADVANCED_FACE('',(#756),#330,.T.);
#8688=ADVANCED_FACE('',(#757),#8401,.T.);
#8689=ADVANCED_FACE('',(#758),#331,.T.);
#8690=ADVANCED_FACE('',(#759),#8402,.T.);
#8691=ADVANCED_FACE('',(#760),#332,.T.);
#8692=ADVANCED_FACE('',(#761,#465),#8403,.T.);
#8693=ADVANCED_FACE('',(#762),#8404,.T.);
#8694=ADVANCED_FACE('',(#763),#8405,.F.);
#8695=ADVANCED_FACE('',(#764),#8406,.F.);
#8696=ADVANCED_FACE('',(#765),#8407,.F.);
#8697=ADVANCED_FACE('',(#766),#8408,.F.);
#8698=ADVANCED_FACE('',(#767),#8409,.F.);
#8699=ADVANCED_FACE('',(#768),#8410,.F.);
#8700=ADVANCED_FACE('',(#769),#8411,.T.);
#8701=ADVANCED_FACE('',(#770),#409,.F.);
#8702=ADVANCED_FACE('',(#771),#8412,.T.);
#8703=ADVANCED_FACE('',(#772),#333,.F.);
#8704=ADVANCED_FACE('',(#773),#8413,.F.);
#8705=ADVANCED_FACE('',(#774),#334,.F.);
#8706=ADVANCED_FACE('',(#775),#8414,.F.);
#8707=ADVANCED_FACE('',(#776),#335,.F.);
#8708=ADVANCED_FACE('',(#777),#8415,.F.);
#8709=ADVANCED_FACE('',(#778),#336,.F.);
#8710=ADVANCED_FACE('',(#779),#8416,.F.);
#8711=ADVANCED_FACE('',(#780),#8417,.T.);
#8712=ADVANCED_FACE('',(#781),#410,.F.);
#8713=ADVANCED_FACE('',(#782),#8418,.T.);
#8714=ADVANCED_FACE('',(#783),#337,.F.);
#8715=ADVANCED_FACE('',(#784),#8419,.F.);
#8716=ADVANCED_FACE('',(#785),#338,.F.);
#8717=ADVANCED_FACE('',(#786),#8420,.F.);
#8718=ADVANCED_FACE('',(#787),#339,.F.);
#8719=ADVANCED_FACE('',(#788),#8421,.F.);
#8720=ADVANCED_FACE('',(#789),#340,.F.);
#8721=ADVANCED_FACE('',(#790),#8422,.F.);
#8722=ADVANCED_FACE('',(#791),#341,.F.);
#8723=ADVANCED_FACE('',(#792),#8423,.T.);
#8724=ADVANCED_FACE('',(#793),#411,.F.);
#8725=ADVANCED_FACE('',(#794),#8424,.T.);
#8726=ADVANCED_FACE('',(#795),#342,.F.);
#8727=ADVANCED_FACE('',(#796),#8425,.F.);
#8728=ADVANCED_FACE('',(#797),#343,.F.);
#8729=ADVANCED_FACE('',(#798),#8426,.F.);
#8730=ADVANCED_FACE('',(#799),#344,.F.);
#8731=ADVANCED_FACE('',(#800),#8427,.F.);
#8732=ADVANCED_FACE('',(#801),#345,.F.);
#8733=ADVANCED_FACE('',(#802),#8428,.F.);
#8734=ADVANCED_FACE('',(#803),#412,.F.);
#8735=ADVANCED_FACE('',(#804),#413,.F.);
#8736=ADVANCED_FACE('',(#805),#414,.F.);
#8737=ADVANCED_FACE('',(#806),#415,.F.);
#8738=ADVANCED_FACE('',(#807),#346,.F.);
#8739=ADVANCED_FACE('',(#808),#347,.F.);
#8740=ADVANCED_FACE('',(#809),#348,.F.);
#8741=ADVANCED_FACE('',(#810),#349,.F.);
#8742=ADVANCED_FACE('',(#811),#8429,.T.);
#8743=ADVANCED_FACE('',(#812),#8430,.T.);
#8744=ADVANCED_FACE('',(#813),#8431,.T.);
#8745=ADVANCED_FACE('',(#814),#350,.T.);
#8746=ADVANCED_FACE('',(#815),#8432,.T.);
#8747=ADVANCED_FACE('',(#816),#351,.T.);
#8748=ADVANCED_FACE('',(#817),#352,.F.);
#8749=ADVANCED_FACE('',(#818,#466),#8433,.F.);
#8750=ADVANCED_FACE('',(#819),#353,.T.);
#8751=ADVANCED_FACE('',(#820),#8434,.T.);
#8752=ADVANCED_FACE('',(#821),#354,.F.);
#8753=ADVANCED_FACE('',(#822,#467),#8435,.F.);
#8754=ADVANCED_FACE('',(#823),#355,.F.);
#8755=ADVANCED_FACE('',(#824),#356,.T.);
#8756=ADVANCED_FACE('',(#825,#468),#8436,.F.);
#8757=ADVANCED_FACE('',(#826),#357,.F.);
#8758=ADVANCED_FACE('',(#827,#469),#8437,.F.);
#8759=ADVANCED_FACE('',(#828),#416,.F.);
#8760=ADVANCED_FACE('',(#829),#358,.F.);
#8761=ADVANCED_FACE('',(#830,#470),#8438,.T.);
#8762=ADVANCED_FACE('',(#831),#359,.F.);
#8763=ADVANCED_FACE('',(#832),#8439,.F.);
#8764=ADVANCED_FACE('',(#833),#360,.F.);
#8765=ADVANCED_FACE('',(#834),#8440,.F.);
#8766=ADVANCED_FACE('',(#835),#361,.F.);
#8767=ADVANCED_FACE('',(#836),#8441,.F.);
#8768=ADVANCED_FACE('',(#837),#362,.F.);
#8769=ADVANCED_FACE('',(#838),#8442,.F.);
#8770=ADVANCED_FACE('',(#839),#417,.F.);
#8771=ADVANCED_FACE('',(#840),#8443,.T.);
#8772=ADVANCED_FACE('',(#841),#418,.F.);
#8773=ADVANCED_FACE('',(#842),#8444,.T.);
#8774=ADVANCED_FACE('',(#843),#419,.F.);
#8775=ADVANCED_FACE('',(#844),#8445,.T.);
#8776=ADVANCED_FACE('',(#845),#420,.F.);
#8777=ADVANCED_FACE('',(#846),#8446,.T.);
#8778=ADVANCED_FACE('',(#847),#421,.F.);
#8779=ADVANCED_FACE('',(#848),#8447,.T.);
#8780=ADVANCED_FACE('',(#849),#422,.F.);
#8781=ADVANCED_FACE('',(#850),#8448,.T.);
#8782=ADVANCED_FACE('',(#851),#423,.T.);
#8783=ADVANCED_FACE('',(#852),#8449,.T.);
#8784=ADVANCED_FACE('',(#853),#424,.T.);
#8785=ADVANCED_FACE('',(#854),#8450,.T.);
#8786=ADVANCED_FACE('',(#855,#471),#8451,.T.);
#8787=ADVANCED_FACE('',(#856),#363,.T.);
#8788=ADVANCED_FACE('',(#857,#472),#8452,.T.);
#8789=ADVANCED_FACE('',(#858),#364,.T.);
#8790=ADVANCED_FACE('',(#859,#473,#474,#475,#476),#8453,.T.);
#8791=ADVANCED_FACE('',(#860,#477),#8454,.T.);
#8792=ADVANCED_FACE('',(#861),#365,.T.);
#8793=ADVANCED_FACE('',(#862),#366,.T.);
#8794=ADVANCED_FACE('',(#863),#8455,.T.);
#8795=ADVANCED_FACE('',(#864),#8456,.T.);
#8796=ADVANCED_FACE('',(#865),#8457,.T.);
#8797=ADVANCED_FACE('',(#866),#8458,.T.);
#8798=ADVANCED_FACE('',(#867),#367,.F.);
#8799=ADVANCED_FACE('',(#868),#368,.F.);
#8800=ADVANCED_FACE('',(#869),#369,.F.);
#8801=ADVANCED_FACE('',(#870),#8459,.T.);
#8802=ADVANCED_FACE('',(#871),#8460,.T.);
#8803=ADVANCED_FACE('',(#872,#478),#8461,.T.);
#8804=ADVANCED_FACE('',(#873),#8462,.T.);
#8805=ADVANCED_FACE('',(#874),#8463,.T.);
#8806=ADVANCED_FACE('',(#875,#479),#8464,.T.);
#8807=ADVANCED_FACE('',(#876),#8465,.T.);
#8808=ADVANCED_FACE('',(#877),#8466,.T.);
#8809=ADVANCED_FACE('',(#878,#480),#8467,.T.);
#8810=ADVANCED_FACE('',(#879),#8468,.T.);
#8811=ADVANCED_FACE('',(#880),#8469,.T.);
#8812=ADVANCED_FACE('',(#881),#8470,.F.);
#8813=ADVANCED_FACE('',(#882),#8471,.T.);
#8814=ADVANCED_FACE('',(#883),#8472,.T.);
#8815=ADVANCED_FACE('',(#884),#8473,.T.);
#8816=ADVANCED_FACE('',(#885),#8474,.T.);
#8817=ADVANCED_FACE('',(#886),#8475,.T.);
#8818=ADVANCED_FACE('',(#887),#425,.T.);
#8819=ADVANCED_FACE('',(#888),#8476,.T.);
#8820=ADVANCED_FACE('',(#889),#8477,.T.);
#8821=ADVANCED_FACE('',(#890),#8478,.T.);
#8822=ADVANCED_FACE('',(#891),#8479,.T.);
#8823=ADVANCED_FACE('',(#892),#8480,.T.);
#8824=ADVANCED_FACE('',(#893),#426,.T.);
#8825=ADVANCED_FACE('',(#894),#8481,.T.);
#8826=ADVANCED_FACE('',(#895),#8482,.T.);
#8827=ADVANCED_FACE('',(#896),#8483,.T.);
#8828=ADVANCED_FACE('',(#897),#8484,.T.);
#8829=ADVANCED_FACE('',(#898),#8485,.T.);
#8830=ADVANCED_FACE('',(#899),#427,.T.);
#8831=ADVANCED_FACE('',(#900),#8486,.T.);
#8832=ADVANCED_FACE('',(#901),#8487,.T.);
#8833=ADVANCED_FACE('',(#902),#8488,.T.);
#8834=ADVANCED_FACE('',(#903),#8489,.T.);
#8835=ADVANCED_FACE('',(#904),#8490,.T.);
#8836=ADVANCED_FACE('',(#905),#428,.T.);
#8837=ADVANCED_FACE('',(#906),#8491,.T.);
#8838=ADVANCED_FACE('',(#907),#8492,.T.);
#8839=ADVANCED_FACE('',(#908),#8493,.T.);
#8840=ADVANCED_FACE('',(#909),#8494,.T.);
#8841=ADVANCED_FACE('',(#910),#8495,.F.);
#8842=ADVANCED_FACE('',(#911),#21,.F.);
#8843=ADVANCED_FACE('',(#912),#22,.F.);
#8844=ADVANCED_FACE('',(#913),#23,.F.);
#8845=ADVANCED_FACE('',(#914),#24,.F.);
#8846=ADVANCED_FACE('',(#915),#8496,.F.);
#8847=ADVANCED_FACE('',(#916),#8497,.F.);
#8848=ADVANCED_FACE('',(#917),#8498,.F.);
#8849=ADVANCED_FACE('',(#918),#25,.F.);
#8850=ADVANCED_FACE('',(#919),#26,.F.);
#8851=ADVANCED_FACE('',(#920),#27,.F.);
#8852=ADVANCED_FACE('',(#921),#28,.F.);
#8853=ADVANCED_FACE('',(#922),#8499,.F.);
#8854=ADVANCED_FACE('',(#923),#8500,.F.);
#8855=ADVANCED_FACE('',(#924),#8501,.F.);
#8856=ADVANCED_FACE('',(#925),#29,.F.);
#8857=ADVANCED_FACE('',(#926),#30,.F.);
#8858=ADVANCED_FACE('',(#927),#31,.F.);
#8859=ADVANCED_FACE('',(#928),#32,.F.);
#8860=ADVANCED_FACE('',(#929),#8502,.F.);
#8861=ADVANCED_FACE('',(#930),#8503,.F.);
#8862=ADVANCED_FACE('',(#931),#8504,.T.);
#8863=ADVANCED_FACE('',(#932),#8505,.T.);
#8864=ADVANCED_FACE('',(#933),#8506,.T.);
#8865=ADVANCED_FACE('',(#934),#8507,.T.);
#8866=ADVANCED_FACE('',(#935,#481),#8508,.F.);
#8867=ADVANCED_FACE('',(#936),#8509,.T.);
#8868=ADVANCED_FACE('',(#937),#370,.T.);
#8869=ADVANCED_FACE('',(#938),#8510,.T.);
#8870=ADVANCED_FACE('',(#939),#8511,.T.);
#8871=ADVANCED_FACE('',(#940),#8512,.T.);
#8872=ADVANCED_FACE('',(#941),#371,.T.);
#8873=ADVANCED_FACE('',(#942),#8513,.T.);
#8874=ADVANCED_FACE('',(#943),#8514,.T.);
#8875=ADVANCED_FACE('',(#944),#8515,.T.);
#8876=ADVANCED_FACE('',(#945),#372,.T.);
#8877=ADVANCED_FACE('',(#946),#8516,.T.);
#8878=ADVANCED_FACE('',(#947),#8517,.T.);
#8879=ADVANCED_FACE('',(#948),#8518,.T.);
#8880=ADVANCED_FACE('',(#949),#373,.T.);
#8881=ADVANCED_FACE('',(#950),#8519,.T.);
#8882=ADVANCED_FACE('',(#951),#8520,.T.);
#8883=ADVANCED_FACE('',(#952),#8521,.T.);
#8884=ADVANCED_FACE('',(#953),#8522,.T.);
#8885=ADVANCED_FACE('',(#954),#8523,.T.);
#8886=ADVANCED_FACE('',(#955),#8524,.F.);
#8887=ADVANCED_FACE('',(#956),#374,.F.);
#8888=ADVANCED_FACE('',(#957),#8525,.F.);
#8889=ADVANCED_FACE('',(#958),#375,.F.);
#8890=ADVANCED_FACE('',(#959),#8526,.T.);
#8891=ADVANCED_FACE('',(#960),#8527,.T.);
#8892=ADVANCED_FACE('',(#961),#8528,.T.);
#8893=ADVANCED_FACE('',(#962),#8529,.F.);
#8894=ADVANCED_FACE('',(#963),#8530,.F.);
#8895=ADVANCED_FACE('',(#964),#8531,.F.);
#8896=ADVANCED_FACE('',(#965,#482,#483),#8532,.T.);
#8897=ADVANCED_FACE('',(#966,#484),#8533,.T.);
#8898=ADVANCED_FACE('',(#967),#8534,.F.);
#8899=ADVANCED_FACE('',(#968),#376,.F.);
#8900=ADVANCED_FACE('',(#969),#8535,.F.);
#8901=ADVANCED_FACE('',(#970),#377,.F.);
#8902=ADVANCED_FACE('',(#971),#8536,.F.);
#8903=ADVANCED_FACE('',(#972),#378,.F.);
#8904=ADVANCED_FACE('',(#973),#8537,.F.);
#8905=ADVANCED_FACE('',(#974),#379,.F.);
#8906=ADVANCED_FACE('',(#975),#8538,.F.);
#8907=ADVANCED_FACE('',(#976,#485),#8539,.T.);
#8908=ADVANCED_FACE('',(#977),#380,.T.);
#8909=ADVANCED_FACE('',(#978),#8540,.T.);
#8910=ADVANCED_FACE('',(#979),#381,.T.);
#8911=ADVANCED_FACE('',(#980),#8541,.T.);
#8912=ADVANCED_FACE('',(#981),#382,.T.);
#8913=ADVANCED_FACE('',(#982),#8542,.T.);
#8914=ADVANCED_FACE('',(#983),#383,.T.);
#8915=ADVANCED_FACE('',(#984),#8543,.T.);
#8916=ADVANCED_FACE('',(#985),#384,.F.);
#8917=ADVANCED_FACE('',(#986),#385,.F.);
#8918=ADVANCED_FACE('',(#987),#8544,.F.);
#8919=ADVANCED_FACE('',(#988),#386,.F.);
#8920=ADVANCED_FACE('',(#989),#8545,.F.);
#8921=ADVANCED_FACE('',(#990),#387,.F.);
#8922=ADVANCED_FACE('',(#991),#8546,.F.);
#8923=ADVANCED_FACE('',(#992),#388,.F.);
#8924=ADVANCED_FACE('',(#993),#8547,.F.);
#8925=ADVANCED_FACE('',(#994),#389,.F.);
#8926=ADVANCED_FACE('',(#995),#8548,.F.);
#8927=ADVANCED_FACE('',(#996),#390,.F.);
#8928=ADVANCED_FACE('',(#997),#8549,.F.);
#8929=ADVANCED_FACE('',(#998),#391,.F.);
#8930=ADVANCED_FACE('',(#999),#8550,.F.);
#8931=ADVANCED_FACE('',(#1000),#392,.F.);
#8932=ADVANCED_FACE('',(#1001),#8551,.F.);
#8933=ADVANCED_FACE('',(#1002),#393,.F.);
#8934=ADVANCED_FACE('',(#1003),#8552,.F.);
#8935=ADVANCED_FACE('',(#1004),#394,.F.);
#8936=ADVANCED_FACE('',(#1005),#8553,.F.);
#8937=ADVANCED_FACE('',(#1006),#395,.F.);
#8938=ADVANCED_FACE('',(#1007),#8554,.F.);
#8939=ADVANCED_FACE('',(#1008),#396,.F.);
#8940=ADVANCED_FACE('',(#1009),#8555,.F.);
#8941=ADVANCED_FACE('',(#1010),#8556,.F.);
#8942=ADVANCED_FACE('',(#1011,#486,#487,#488,#489,#490,#491),#8557,.T.);
#8943=ADVANCED_FACE('',(#1012),#397,.F.);
#8944=ADVANCED_FACE('',(#1013),#8558,.T.);
#8945=ADVANCED_FACE('',(#1014),#429,.F.);
#8946=ADVANCED_FACE('',(#1015),#8559,.T.);
#8947=ADVANCED_FACE('',(#1016),#430,.F.);
#8948=ADVANCED_FACE('',(#1017),#33,.F.);
#8949=ADVANCED_FACE('',(#1018),#34,.F.);
#8950=ADVANCED_FACE('',(#1019),#35,.F.);
#8951=ADVANCED_FACE('',(#1020),#36,.F.);
#8952=ADVANCED_FACE('',(#1021),#37,.F.);
#8953=ADVANCED_FACE('',(#1022),#38,.F.);
#8954=ADVANCED_FACE('',(#1023),#39,.F.);
#8955=ADVANCED_FACE('',(#1024),#40,.F.);
#8956=ADVANCED_FACE('',(#1025),#41,.F.);
#8957=ADVANCED_FACE('',(#1026),#42,.F.);
#8958=ADVANCED_FACE('',(#1027),#43,.F.);
#8959=ADVANCED_FACE('',(#1028),#44,.F.);
#8960=ADVANCED_FACE('',(#1029),#8560,.F.);
#8961=ADVANCED_FACE('',(#1030),#45,.F.);
#8962=ADVANCED_FACE('',(#1031),#46,.F.);
#8963=ADVANCED_FACE('',(#1032),#47,.F.);
#8964=ADVANCED_FACE('',(#1033),#48,.F.);
#8965=ADVANCED_FACE('',(#1034),#49,.F.);
#8966=ADVANCED_FACE('',(#1035),#50,.F.);
#8967=ADVANCED_FACE('',(#1036),#51,.F.);
#8968=ADVANCED_FACE('',(#1037),#52,.F.);
#8969=ADVANCED_FACE('',(#1038),#53,.F.);
#8970=ADVANCED_FACE('',(#1039),#54,.F.);
#8971=ADVANCED_FACE('',(#1040),#55,.F.);
#8972=ADVANCED_FACE('',(#1041),#56,.F.);
#8973=ADVANCED_FACE('',(#1042),#57,.F.);
#8974=ADVANCED_FACE('',(#1043),#8561,.F.);
#8975=ADVANCED_FACE('',(#1044),#58,.F.);
#8976=ADVANCED_FACE('',(#1045),#59,.F.);
#8977=ADVANCED_FACE('',(#1046),#60,.F.);
#8978=ADVANCED_FACE('',(#1047),#61,.F.);
#8979=ADVANCED_FACE('',(#1048),#62,.F.);
#8980=ADVANCED_FACE('',(#1049),#63,.F.);
#8981=ADVANCED_FACE('',(#1050),#64,.F.);
#8982=ADVANCED_FACE('',(#1051),#8562,.F.);
#8983=ADVANCED_FACE('',(#1052),#65,.F.);
#8984=ADVANCED_FACE('',(#1053),#66,.F.);
#8985=ADVANCED_FACE('',(#1054),#67,.F.);
#8986=ADVANCED_FACE('',(#1055),#68,.F.);
#8987=ADVANCED_FACE('',(#1056),#69,.F.);
#8988=ADVANCED_FACE('',(#1057),#70,.F.);
#8989=ADVANCED_FACE('',(#1058),#71,.F.);
#8990=ADVANCED_FACE('',(#1059),#8563,.F.);
#8991=ADVANCED_FACE('',(#1060),#72,.F.);
#8992=ADVANCED_FACE('',(#1061),#73,.F.);
#8993=ADVANCED_FACE('',(#1062),#74,.F.);
#8994=ADVANCED_FACE('',(#1063),#75,.F.);
#8995=ADVANCED_FACE('',(#1064),#76,.F.);
#8996=ADVANCED_FACE('',(#1065),#77,.F.);
#8997=ADVANCED_FACE('',(#1066),#78,.F.);
#8998=ADVANCED_FACE('',(#1067),#79,.F.);
#8999=ADVANCED_FACE('',(#1068),#80,.F.);
#9000=ADVANCED_FACE('',(#1069),#81,.F.);
#9001=ADVANCED_FACE('',(#1070),#82,.F.);
#9002=ADVANCED_FACE('',(#1071),#83,.F.);
#9003=ADVANCED_FACE('',(#1072),#84,.F.);
#9004=ADVANCED_FACE('',(#1073),#85,.F.);
#9005=ADVANCED_FACE('',(#1074),#86,.F.);
#9006=ADVANCED_FACE('',(#1075),#8564,.F.);
#9007=ADVANCED_FACE('',(#1076),#87,.F.);
#9008=ADVANCED_FACE('',(#1077),#88,.F.);
#9009=ADVANCED_FACE('',(#1078),#89,.F.);
#9010=ADVANCED_FACE('',(#1079),#90,.F.);
#9011=ADVANCED_FACE('',(#1080),#91,.F.);
#9012=ADVANCED_FACE('',(#1081),#92,.F.);
#9013=ADVANCED_FACE('',(#1082),#93,.F.);
#9014=ADVANCED_FACE('',(#1083),#94,.F.);
#9015=ADVANCED_FACE('',(#1084),#95,.F.);
#9016=ADVANCED_FACE('',(#1085),#96,.F.);
#9017=ADVANCED_FACE('',(#1086),#97,.F.);
#9018=ADVANCED_FACE('',(#1087),#98,.F.);
#9019=ADVANCED_FACE('',(#1088),#8565,.F.);
#9020=ADVANCED_FACE('',(#1089),#99,.F.);
#9021=ADVANCED_FACE('',(#1090),#100,.F.);
#9022=ADVANCED_FACE('',(#1091),#101,.F.);
#9023=ADVANCED_FACE('',(#1092),#102,.F.);
#9024=ADVANCED_FACE('',(#1093),#103,.F.);
#9025=ADVANCED_FACE('',(#1094),#104,.F.);
#9026=ADVANCED_FACE('',(#1095),#105,.F.);
#9027=ADVANCED_FACE('',(#1096),#106,.F.);
#9028=ADVANCED_FACE('',(#1097),#8566,.F.);
#9029=ADVANCED_FACE('',(#1098),#8567,.F.);
#9030=ADVANCED_FACE('',(#1099),#8568,.F.);
#9031=ADVANCED_FACE('',(#1100),#8569,.F.);
#9032=ADVANCED_FACE('',(#1101),#8570,.F.);
#9033=ADVANCED_FACE('',(#1102),#8571,.F.);
#9034=ADVANCED_FACE('',(#1103),#8572,.F.);
#9035=ADVANCED_FACE('',(#1104),#8573,.F.);
#9036=ADVANCED_FACE('',(#1105),#8574,.F.);
#9037=ADVANCED_FACE('',(#1106),#8575,.F.);
#9038=ADVANCED_FACE('',(#1107),#8576,.F.);
#9039=ADVANCED_FACE('',(#1108),#8577,.F.);
#9040=ADVANCED_FACE('',(#1109),#8578,.F.);
#9041=ADVANCED_FACE('',(#1110),#8579,.F.);
#9042=ADVANCED_FACE('',(#1111),#8580,.F.);
#9043=ADVANCED_FACE('',(#1112),#8581,.F.);
#9044=ADVANCED_FACE('',(#1113),#8582,.F.);
#9045=ADVANCED_FACE('',(#1114),#8583,.F.);
#9046=ADVANCED_FACE('',(#1115),#8584,.F.);
#9047=ADVANCED_FACE('',(#1116),#8585,.F.);
#9048=ADVANCED_FACE('',(#1117),#8586,.F.);
#9049=ADVANCED_FACE('',(#1118),#8587,.F.);
#9050=ADVANCED_FACE('',(#1119),#8588,.F.);
#9051=ADVANCED_FACE('',(#1120),#8589,.F.);
#9052=ADVANCED_FACE('',(#1121),#8590,.F.);
#9053=ADVANCED_FACE('',(#1122),#8591,.F.);
#9054=ADVANCED_FACE('',(#1123),#107,.F.);
#9055=ADVANCED_FACE('',(#1124),#108,.F.);
#9056=ADVANCED_FACE('',(#1125),#109,.F.);
#9057=ADVANCED_FACE('',(#1126),#110,.F.);
#9058=ADVANCED_FACE('',(#1127),#111,.F.);
#9059=ADVANCED_FACE('',(#1128),#112,.F.);
#9060=ADVANCED_FACE('',(#1129),#113,.F.);
#9061=ADVANCED_FACE('',(#1130),#114,.F.);
#9062=ADVANCED_FACE('',(#1131),#115,.F.);
#9063=ADVANCED_FACE('',(#1132),#116,.F.);
#9064=ADVANCED_FACE('',(#1133),#8592,.F.);
#9065=ADVANCED_FACE('',(#1134),#8593,.F.);
#9066=ADVANCED_FACE('',(#1135),#8594,.F.);
#9067=ADVANCED_FACE('',(#1136),#8595,.F.);
#9068=ADVANCED_FACE('',(#1137),#8596,.F.);
#9069=ADVANCED_FACE('',(#1138),#117,.F.);
#9070=ADVANCED_FACE('',(#1139),#118,.F.);
#9071=ADVANCED_FACE('',(#1140),#119,.F.);
#9072=ADVANCED_FACE('',(#1141),#120,.F.);
#9073=ADVANCED_FACE('',(#1142),#8597,.F.);
#9074=ADVANCED_FACE('',(#1143),#8598,.F.);
#9075=ADVANCED_FACE('',(#1144),#8599,.F.);
#9076=ADVANCED_FACE('',(#1145),#8600,.F.);
#9077=ADVANCED_FACE('',(#1146),#8601,.F.);
#9078=ADVANCED_FACE('',(#1147),#8602,.F.);
#9079=ADVANCED_FACE('',(#1148),#8603,.F.);
#9080=ADVANCED_FACE('',(#1149),#8604,.F.);
#9081=ADVANCED_FACE('',(#1150),#8605,.F.);
#9082=ADVANCED_FACE('',(#1151),#8606,.F.);
#9083=ADVANCED_FACE('',(#1152),#8607,.F.);
#9084=ADVANCED_FACE('',(#1153),#8608,.F.);
#9085=ADVANCED_FACE('',(#1154),#8609,.F.);
#9086=ADVANCED_FACE('',(#1155),#8610,.F.);
#9087=ADVANCED_FACE('',(#1156),#8611,.F.);
#9088=ADVANCED_FACE('',(#1157),#431,.F.);
#9089=ADVANCED_FACE('',(#1158),#8612,.T.);
#9090=ADVANCED_FACE('',(#1159),#432,.F.);
#9091=ADVANCED_FACE('',(#1160),#8613,.T.);
#9092=ADVANCED_FACE('',(#1161),#433,.F.);
#9093=ADVANCED_FACE('',(#1162),#8614,.T.);
#9094=ADVANCED_FACE('',(#1163),#434,.F.);
#9095=ADVANCED_FACE('',(#1164),#8615,.T.);
#9096=ADVANCED_FACE('',(#1165),#8616,.T.);
#9097=ADVANCED_FACE('',(#1166),#8617,.T.);
#9098=ADVANCED_FACE('',(#1167),#8618,.T.);
#9099=ADVANCED_FACE('',(#1168),#8619,.T.);
#9100=ADVANCED_FACE('',(#1169),#435,.T.);
#9101=ADVANCED_FACE('',(#1170),#8620,.T.);
#9102=ADVANCED_FACE('',(#1171),#436,.T.);
#9103=ADVANCED_FACE('',(#1172),#8621,.T.);
#9104=ADVANCED_FACE('',(#1173),#437,.T.);
#9105=ADVANCED_FACE('',(#1174),#8622,.T.);
#9106=ADVANCED_FACE('',(#1175),#438,.T.);
#9107=ADVANCED_FACE('',(#1176),#8623,.T.);
#9108=ADVANCED_FACE('',(#1177),#439,.F.);
#9109=ADVANCED_FACE('',(#1178),#440,.F.);
#9110=ADVANCED_FACE('',(#1179),#8624,.T.);
#9111=ADVANCED_FACE('',(#1180),#441,.F.);
#9112=ADVANCED_FACE('',(#1181),#8625,.T.);
#9113=ADVANCED_FACE('',(#1182),#442,.F.);
#9114=ADVANCED_FACE('',(#1183),#8626,.T.);
#9115=ADVANCED_FACE('',(#1184),#443,.F.);
#9116=ADVANCED_FACE('',(#1185),#8627,.T.);
#9117=ADVANCED_FACE('',(#1186),#444,.F.);
#9118=ADVANCED_FACE('',(#1187),#8628,.T.);
#9119=ADVANCED_FACE('',(#1188),#445,.F.);
#9120=ADVANCED_FACE('',(#1189),#8629,.T.);
#9121=ADVANCED_FACE('',(#1190),#446,.F.);
#9122=ADVANCED_FACE('',(#1191),#8630,.T.);
#9123=ADVANCED_FACE('',(#1192),#447,.F.);
#9124=ADVANCED_FACE('',(#1193),#8631,.T.);
#9125=ADVANCED_FACE('',(#1194),#448,.F.);
#9126=ADVANCED_FACE('',(#1195),#8632,.T.);
#9127=ADVANCED_FACE('',(#1196),#449,.F.);
#9128=ADVANCED_FACE('',(#1197),#8633,.T.);
#9129=ADVANCED_FACE('',(#1198),#450,.F.);
#9130=ADVANCED_FACE('',(#1199),#8634,.T.);
#9131=ADVANCED_FACE('',(#1200),#451,.F.);
#9132=ADVANCED_FACE('',(#1201),#8635,.T.);
#9133=ADVANCED_FACE('',(#1202),#398,.F.);
#9134=ADVANCED_FACE('',(#1203),#8636,.T.);
#9135=ADVANCED_FACE('',(#1204),#8637,.F.);
#9136=ADVANCED_FACE('',(#1205),#452,.F.);
#9137=ADVANCED_FACE('',(#1206,#492,#493,#494,#495,#496,#497,#498,#499,#500,
#501,#502,#503,#504,#505,#506,#507),#8638,.T.);
#9138=ADVANCED_FACE('',(#1207),#453,.F.);
#9139=CLOSED_SHELL('',(#8639,#8640,#8641,#8642,#8643,#8644,#8645,#8646,
#8647,#8648,#8649,#8650,#8651,#8652,#8653,#8654,#8655,#8656,#8657,#8658,
#8659,#8660,#8661,#8662,#8663,#8664,#8665,#8666,#8667,#8668,#8669,#8670,
#8671,#8672,#8673,#8674,#8675,#8676,#8677,#8678,#8679,#8680,#8681,#8682,
#8683,#8684,#8685,#8686,#8687,#8688,#8689,#8690,#8691,#8692,#8693,#8694,
#8695,#8696,#8697,#8698,#8699,#8700,#8701,#8702,#8703,#8704,#8705,#8706,
#8707,#8708,#8709,#8710,#8711,#8712,#8713,#8714,#8715,#8716,#8717,#8718,
#8719,#8720,#8721,#8722,#8723,#8724,#8725,#8726,#8727,#8728,#8729,#8730,
#8731,#8732,#8733,#8734,#8735,#8736,#8737,#8738,#8739,#8740,#8741,#8742,
#8743,#8744,#8745,#8746,#8747,#8748,#8749,#8750,#8751,#8752,#8753,#8754,
#8755,#8756,#8757,#8758,#8759,#8760,#8761,#8762,#8763,#8764,#8765,#8766,
#8767,#8768,#8769,#8770,#8771,#8772,#8773,#8774,#8775,#8776,#8777,#8778,
#8779,#8780,#8781,#8782,#8783,#8784,#8785,#8786,#8787,#8788,#8789,#8790,
#8791,#8792,#8793));
#9140=CLOSED_SHELL('',(#8794,#8795,#8796,#8797,#8798,#8799,#8800,#8801,
#8802,#8803,#8804,#8805,#8806,#8807,#8808,#8809,#8810,#8811,#8812,#8813,
#8814,#8815,#8816,#8817,#8818,#8819,#8820,#8821,#8822,#8823,#8824,#8825,
#8826,#8827,#8828,#8829,#8830,#8831,#8832,#8833,#8834,#8835,#8836,#8837,
#8838,#8839,#8840,#8841,#8842,#8843,#8844,#8845,#8846,#8847,#8848,#8849,
#8850,#8851,#8852,#8853,#8854,#8855,#8856,#8857,#8858,#8859,#8860,#8861,
#8862,#8863,#8864,#8865,#8866,#8867,#8868,#8869,#8870,#8871,#8872,#8873,
#8874,#8875,#8876,#8877,#8878,#8879,#8880,#8881,#8882,#8883,#8884,#8885,
#8886,#8887,#8888,#8889,#8890,#8891,#8892,#8893,#8894,#8895,#8896,#8897,
#8898,#8899,#8900,#8901,#8902,#8903,#8904,#8905,#8906,#8907,#8908,#8909,
#8910,#8911,#8912,#8913,#8914,#8915,#8916,#8917,#8918,#8919,#8920,#8921,
#8922,#8923,#8924,#8925,#8926,#8927,#8928,#8929,#8930,#8931,#8932,#8933,
#8934,#8935,#8936,#8937,#8938,#8939,#8940,#8941,#8942,#8943,#8944,#8945,
#8946,#8947,#8948,#8949,#8950,#8951,#8952,#8953,#8954,#8955,#8956,#8957,
#8958,#8959,#8960,#8961,#8962,#8963,#8964,#8965,#8966,#8967,#8968,#8969,
#8970,#8971,#8972,#8973,#8974,#8975,#8976,#8977,#8978,#8979,#8980,#8981,
#8982,#8983,#8984,#8985,#8986,#8987,#8988,#8989,#8990,#8991,#8992,#8993,
#8994,#8995,#8996,#8997,#8998,#8999,#9000,#9001,#9002,#9003,#9004,#9005,
#9006,#9007,#9008,#9009,#9010,#9011,#9012,#9013,#9014,#9015,#9016,#9017,
#9018,#9019,#9020,#9021,#9022,#9023,#9024,#9025,#9026,#9027,#9028,#9029,
#9030,#9031,#9032,#9033,#9034,#9035,#9036,#9037,#9038,#9039,#9040,#9041,
#9042,#9043,#9044,#9045,#9046,#9047,#9048,#9049,#9050,#9051,#9052,#9053,
#9054,#9055,#9056,#9057,#9058,#9059,#9060,#9061,#9062,#9063,#9064,#9065,
#9066,#9067,#9068,#9069,#9070,#9071,#9072,#9073,#9074,#9075,#9076,#9077,
#9078,#9079,#9080,#9081,#9082,#9083,#9084,#9085,#9086,#9087,#9088,#9089,
#9090,#9091,#9092,#9093,#9094,#9095,#9096,#9097,#9098,#9099,#9100,#9101,
#9102,#9103,#9104,#9105,#9106,#9107,#9108,#9109,#9110,#9111,#9112,#9113,
#9114,#9115,#9116,#9117,#9118,#9119,#9120,#9121,#9122,#9123,#9124,#9125,
#9126,#9127,#9128,#9129,#9130,#9131,#9132,#9133,#9134,#9135,#9136,#9137,
#9138));
#9141=DERIVED_UNIT_ELEMENT(#9143,1.);
#9142=DERIVED_UNIT_ELEMENT(#16246,-3.);
#9143=(
MASS_UNIT()
NAMED_UNIT(*)
SI_UNIT(.KILO.,.GRAM.)
);
#9144=DERIVED_UNIT((#9141,#9142));
#9145=MEASURE_REPRESENTATION_ITEM('density measure',
POSITIVE_RATIO_MEASURE(7850.),#9144);
#9146=PROPERTY_DEFINITION_REPRESENTATION(#9151,#9148);
#9147=PROPERTY_DEFINITION_REPRESENTATION(#9152,#9149);
#9148=REPRESENTATION('material name',(#9150),#16243);
#9149=REPRESENTATION('density',(#9145),#16243);
#9150=DESCRIPTIVE_REPRESENTATION_ITEM('Steel','Steel');
#9151=PROPERTY_DEFINITION('material property','material name',#16263);
#9152=PROPERTY_DEFINITION('material property','density of part',#16263);
#9153=AXIS2_PLACEMENT_3D('',#11882,#9758,#9759);
#9154=AXIS2_PLACEMENT_3D('',#11883,#9760,#9761);
#9155=AXIS2_PLACEMENT_3D('',#11884,#9762,#9763);
#9156=AXIS2_PLACEMENT_3D('',#11885,#9764,#9765);
#9157=AXIS2_PLACEMENT_3D('',#11899,#9772,#9773);
#9158=AXIS2_PLACEMENT_3D('',#11900,#9774,#9775);
#9159=AXIS2_PLACEMENT_3D('',#11909,#9780,#9781);
#9160=AXIS2_PLACEMENT_3D('',#11912,#9782,#9783);
#9161=AXIS2_PLACEMENT_3D('',#11916,#9785,#9786);
#9162=AXIS2_PLACEMENT_3D('',#11918,#9788,#9789);
#9163=AXIS2_PLACEMENT_3D('',#11921,#9790,#9791);
#9164=AXIS2_PLACEMENT_3D('',#11925,#9793,#9794);
#9165=AXIS2_PLACEMENT_3D('',#11927,#9796,#9797);
#9166=AXIS2_PLACEMENT_3D('',#11936,#9802,#9803);
#9167=AXIS2_PLACEMENT_3D('',#11938,#9804,#9805);
#9168=AXIS2_PLACEMENT_3D('',#11941,#9807,#9808);
#9169=AXIS2_PLACEMENT_3D('',#11942,#9809,#9810);
#9170=AXIS2_PLACEMENT_3D('',#11948,#9814,#9815);
#9171=AXIS2_PLACEMENT_3D('',#11950,#9816,#9817);
#9172=AXIS2_PLACEMENT_3D('',#11953,#9819,#9820);
#9173=AXIS2_PLACEMENT_3D('',#11954,#9821,#9822);
#9174=AXIS2_PLACEMENT_3D('',#11963,#9827,#9828);
#9175=AXIS2_PLACEMENT_3D('',#11965,#9829,#9830);
#9176=AXIS2_PLACEMENT_3D('',#11968,#9832,#9833);
#9177=AXIS2_PLACEMENT_3D('',#11969,#9834,#9835);
#9178=AXIS2_PLACEMENT_3D('',#11975,#9839,#9840);
#9179=AXIS2_PLACEMENT_3D('',#11977,#9841,#9842);
#9180=AXIS2_PLACEMENT_3D('',#11980,#9844,#9845);
#9181=AXIS2_PLACEMENT_3D('',#11981,#9846,#9847);
#9182=AXIS2_PLACEMENT_3D('',#11984,#9848,#9849);
#9183=AXIS2_PLACEMENT_3D('',#11988,#9851,#9852);
#9184=AXIS2_PLACEMENT_3D('',#11990,#9854,#9855);
#9185=AXIS2_PLACEMENT_3D('',#11999,#9860,#9861);
#9186=AXIS2_PLACEMENT_3D('',#12007,#9866,#9867);
#9187=AXIS2_PLACEMENT_3D('',#12021,#9874,#9875);
#9188=AXIS2_PLACEMENT_3D('',#12025,#9877,#9878);
#9189=AXIS2_PLACEMENT_3D('',#12029,#9880,#9881);
#9190=AXIS2_PLACEMENT_3D('',#12033,#9883,#9884);
#9191=AXIS2_PLACEMENT_3D('',#12035,#9886,#9887);
#9192=AXIS2_PLACEMENT_3D('',#12044,#9892,#9893);
#9193=AXIS2_PLACEMENT_3D('',#12052,#9898,#9899);
#9194=AXIS2_PLACEMENT_3D('',#12062,#9905,#9906);
#9195=AXIS2_PLACEMENT_3D('',#12067,#9908,#9909);
#9196=AXIS2_PLACEMENT_3D('',#12071,#9911,#9912);
#9197=AXIS2_PLACEMENT_3D('',#12075,#9914,#9915);
#9198=AXIS2_PLACEMENT_3D('',#12078,#9917,#9918);
#9199=AXIS2_PLACEMENT_3D('',#12082,#9920,#9921);
#9200=AXIS2_PLACEMENT_3D('',#12085,#9923,#9924);
#9201=AXIS2_PLACEMENT_3D('',#12089,#9926,#9927);
#9202=AXIS2_PLACEMENT_3D('',#12092,#9929,#9930);
#9203=AXIS2_PLACEMENT_3D('',#12093,#9931,#9932);
#9204=AXIS2_PLACEMENT_3D('',#12102,#9937,#9938);
#9205=AXIS2_PLACEMENT_3D('',#12110,#9943,#9944);
#9206=AXIS2_PLACEMENT_3D('',#12123,#9951,#9952);
#9207=AXIS2_PLACEMENT_3D('',#12127,#9954,#9955);
#9208=AXIS2_PLACEMENT_3D('',#12131,#9957,#9958);
#9209=AXIS2_PLACEMENT_3D('',#12134,#9960,#9961);
#9210=AXIS2_PLACEMENT_3D('',#12135,#9962,#9963);
#9211=AXIS2_PLACEMENT_3D('',#12148,#9970,#9971);
#9212=AXIS2_PLACEMENT_3D('',#12156,#9976,#9977);
#9213=AXIS2_PLACEMENT_3D('',#12160,#9980,#9981);
#9214=AXIS2_PLACEMENT_3D('',#12172,#9988,#9989);
#9215=AXIS2_PLACEMENT_3D('',#12176,#9991,#9992);
#9216=AXIS2_PLACEMENT_3D('',#12180,#9994,#9995);
#9217=AXIS2_PLACEMENT_3D('',#12184,#9997,#9998);
#9218=AXIS2_PLACEMENT_3D('',#12192,#10003,#10004);
#9219=AXIS2_PLACEMENT_3D('',#12198,#10008,#10009);
#9220=AXIS2_PLACEMENT_3D('',#12202,#10011,#10012);
#9221=AXIS2_PLACEMENT_3D('',#12203,#10013,#10014);
#9222=AXIS2_PLACEMENT_3D('',#12204,#10015,#10016);
#9223=AXIS2_PLACEMENT_3D('',#12207,#10019,#10020);
#9224=AXIS2_PLACEMENT_3D('',#12209,#10021,#10022);
#9225=AXIS2_PLACEMENT_3D('',#12212,#10024,#10025);
#9226=AXIS2_PLACEMENT_3D('',#12215,#10027,#10028);
#9227=AXIS2_PLACEMENT_3D('',#12217,#10030,#10031);
#9228=AXIS2_PLACEMENT_3D('',#12219,#10032,#10033);
#9229=AXIS2_PLACEMENT_3D('',#12222,#10035,#10036);
#9230=AXIS2_PLACEMENT_3D('',#12223,#10037,#10038);
#9231=AXIS2_PLACEMENT_3D('',#12229,#10042,#10043);
#9232=AXIS2_PLACEMENT_3D('',#12231,#10044,#10045);
#9233=AXIS2_PLACEMENT_3D('',#12234,#10047,#10048);
#9234=AXIS2_PLACEMENT_3D('',#12235,#10049,#10050);
#9235=AXIS2_PLACEMENT_3D('',#12239,#10052,#10053);
#9236=AXIS2_PLACEMENT_3D('',#12242,#10055,#10056);
#9237=AXIS2_PLACEMENT_3D('',#12244,#10057,#10058);
#9238=AXIS2_PLACEMENT_3D('',#12246,#10059,#10060);
#9239=AXIS2_PLACEMENT_3D('',#12248,#10061,#10062);
#9240=AXIS2_PLACEMENT_3D('',#12250,#10063,#10064);
#9241=AXIS2_PLACEMENT_3D('',#12251,#10065,#10066);
#9242=AXIS2_PLACEMENT_3D('',#12253,#10068,#10069);
#9243=AXIS2_PLACEMENT_3D('',#12259,#10073,#10074);
#9244=AXIS2_PLACEMENT_3D('',#12265,#10078,#10079);
#9245=AXIS2_PLACEMENT_3D('',#12267,#10080,#10081);
#9246=AXIS2_PLACEMENT_3D('',#12270,#10083,#10084);
#9247=AXIS2_PLACEMENT_3D('',#12271,#10085,#10086);
#9248=AXIS2_PLACEMENT_3D('',#12277,#10090,#10091);
#9249=AXIS2_PLACEMENT_3D('',#12279,#10092,#10093);
#9250=AXIS2_PLACEMENT_3D('',#12282,#10095,#10096);
#9251=AXIS2_PLACEMENT_3D('',#12283,#10097,#10098);
#9252=AXIS2_PLACEMENT_3D('',#12289,#10102,#10103);
#9253=AXIS2_PLACEMENT_3D('',#12291,#10104,#10105);
#9254=AXIS2_PLACEMENT_3D('',#12294,#10107,#10108);
#9255=AXIS2_PLACEMENT_3D('',#12295,#10109,#10110);
#9256=AXIS2_PLACEMENT_3D('',#12301,#10114,#10115);
#9257=AXIS2_PLACEMENT_3D('',#12303,#10116,#10117);
#9258=AXIS2_PLACEMENT_3D('',#12306,#10119,#10120);
#9259=AXIS2_PLACEMENT_3D('',#12307,#10121,#10122);
#9260=AXIS2_PLACEMENT_3D('',#12313,#10126,#10127);
#9261=AXIS2_PLACEMENT_3D('',#12316,#10130,#10131);
#9262=AXIS2_PLACEMENT_3D('',#12318,#10133,#10134);
#9263=AXIS2_PLACEMENT_3D('',#12320,#10136,#10137);
#9264=AXIS2_PLACEMENT_3D('',#12322,#10139,#10140);
#9265=AXIS2_PLACEMENT_3D('',#12324,#10142,#10143);
#9266=AXIS2_PLACEMENT_3D('',#12326,#10145,#10146);
#9267=AXIS2_PLACEMENT_3D('',#12328,#10148,#10149);
#9268=AXIS2_PLACEMENT_3D('',#12329,#10150,#10151);
#9269=AXIS2_PLACEMENT_3D('',#12345,#10160,#10161);
#9270=AXIS2_PLACEMENT_3D('',#12347,#10163,#10164);
#9271=AXIS2_PLACEMENT_3D('',#12350,#10167,#10168);
#9272=AXIS2_PLACEMENT_3D('',#12352,#10170,#10171);
#9273=AXIS2_PLACEMENT_3D('',#12354,#10173,#10174);
#9274=AXIS2_PLACEMENT_3D('',#12356,#10176,#10177);
#9275=AXIS2_PLACEMENT_3D('',#12358,#10179,#10180);
#9276=AXIS2_PLACEMENT_3D('',#12359,#10181,#10182);
#9277=AXIS2_PLACEMENT_3D('',#12365,#10186,#10187);
#9278=AXIS2_PLACEMENT_3D('',#12367,#10188,#10189);
#9279=AXIS2_PLACEMENT_3D('',#12369,#10190,#10191);
#9280=AXIS2_PLACEMENT_3D('',#12371,#10193,#10194);
#9281=AXIS2_PLACEMENT_3D('',#12377,#10198,#10199);
#9282=AXIS2_PLACEMENT_3D('',#12380,#10202,#10203);
#9283=AXIS2_PLACEMENT_3D('',#12384,#10206,#10207);
#9284=AXIS2_PLACEMENT_3D('',#12386,#10208,#10209);
#9285=AXIS2_PLACEMENT_3D('',#12388,#10211,#10212);
#9286=AXIS2_PLACEMENT_3D('',#12392,#10215,#10216);
#9287=AXIS2_PLACEMENT_3D('',#12393,#10217,#10218);
#9288=AXIS2_PLACEMENT_3D('',#12395,#10220,#10221);
#9289=AXIS2_PLACEMENT_3D('',#12397,#10223,#10224);
#9290=AXIS2_PLACEMENT_3D('',#12399,#10226,#10227);
#9291=AXIS2_PLACEMENT_3D('',#12400,#10228,#10229);
#9292=AXIS2_PLACEMENT_3D('',#12406,#10233,#10234);
#9293=AXIS2_PLACEMENT_3D('',#12408,#10235,#10236);
#9294=AXIS2_PLACEMENT_3D('',#12410,#10237,#10238);
#9295=AXIS2_PLACEMENT_3D('',#12412,#10240,#10241);
#9296=AXIS2_PLACEMENT_3D('',#12418,#10245,#10246);
#9297=AXIS2_PLACEMENT_3D('',#12421,#10249,#10250);
#9298=AXIS2_PLACEMENT_3D('',#12425,#10253,#10254);
#9299=AXIS2_PLACEMENT_3D('',#12427,#10255,#10256);
#9300=AXIS2_PLACEMENT_3D('',#12429,#10258,#10259);
#9301=AXIS2_PLACEMENT_3D('',#12433,#10262,#10263);
#9302=AXIS2_PLACEMENT_3D('',#12434,#10264,#10265);
#9303=AXIS2_PLACEMENT_3D('',#12436,#10267,#10268);
#9304=AXIS2_PLACEMENT_3D('',#12438,#10270,#10271);
#9305=AXIS2_PLACEMENT_3D('',#12440,#10273,#10274);
#9306=AXIS2_PLACEMENT_3D('',#12441,#10275,#10276);
#9307=AXIS2_PLACEMENT_3D('',#12443,#10277,#10278);
#9308=AXIS2_PLACEMENT_3D('',#12445,#10280,#10281);
#9309=AXIS2_PLACEMENT_3D('',#12451,#10285,#10286);
#9310=AXIS2_PLACEMENT_3D('',#12453,#10287,#10288);
#9311=AXIS2_PLACEMENT_3D('',#12455,#10289,#10290);
#9312=AXIS2_PLACEMENT_3D('',#12457,#10292,#10293);
#9313=AXIS2_PLACEMENT_3D('',#12463,#10297,#10298);
#9314=AXIS2_PLACEMENT_3D('',#12466,#10301,#10302);
#9315=AXIS2_PLACEMENT_3D('',#12470,#10305,#10306);
#9316=AXIS2_PLACEMENT_3D('',#12472,#10307,#10308);
#9317=AXIS2_PLACEMENT_3D('',#12474,#10310,#10311);
#9318=AXIS2_PLACEMENT_3D('',#12478,#10314,#10315);
#9319=AXIS2_PLACEMENT_3D('',#12479,#10316,#10317);
#9320=AXIS2_PLACEMENT_3D('',#12481,#10319,#10320);
#9321=AXIS2_PLACEMENT_3D('',#12483,#10322,#10323);
#9322=AXIS2_PLACEMENT_3D('',#12485,#10325,#10326);
#9323=AXIS2_PLACEMENT_3D('',#12486,#10327,#10328);
#9324=AXIS2_PLACEMENT_3D('',#12488,#10329,#10330);
#9325=AXIS2_PLACEMENT_3D('',#12491,#10332,#10333);
#9326=AXIS2_PLACEMENT_3D('',#12492,#10334,#10335);
#9327=AXIS2_PLACEMENT_3D('',#12494,#10336,#10337);
#9328=AXIS2_PLACEMENT_3D('',#12497,#10339,#10340);
#9329=AXIS2_PLACEMENT_3D('',#12498,#10341,#10342);
#9330=AXIS2_PLACEMENT_3D('',#12500,#10343,#10344);
#9331=AXIS2_PLACEMENT_3D('',#12503,#10346,#10347);
#9332=AXIS2_PLACEMENT_3D('',#12504,#10348,#10349);
#9333=AXIS2_PLACEMENT_3D('',#12506,#10350,#10351);
#9334=AXIS2_PLACEMENT_3D('',#12510,#10353,#10354);
#9335=AXIS2_PLACEMENT_3D('',#12511,#10355,#10356);
#9336=AXIS2_PLACEMENT_3D('',#12512,#10357,#10358);
#9337=AXIS2_PLACEMENT_3D('',#12514,#10360,#10361);
#9338=AXIS2_PLACEMENT_3D('',#12516,#10363,#10364);
#9339=AXIS2_PLACEMENT_3D('',#12518,#10366,#10367);
#9340=AXIS2_PLACEMENT_3D('',#12520,#10369,#10370);
#9341=AXIS2_PLACEMENT_3D('',#12524,#10373,#10374);
#9342=AXIS2_PLACEMENT_3D('',#12528,#10377,#10378);
#9343=AXIS2_PLACEMENT_3D('',#12532,#10381,#10382);
#9344=AXIS2_PLACEMENT_3D('',#12533,#10383,#10384);
#9345=AXIS2_PLACEMENT_3D('',#12534,#10385,#10386);
#9346=AXIS2_PLACEMENT_3D('',#12538,#10389,#10390);
#9347=AXIS2_PLACEMENT_3D('',#12539,#10391,#10392);
#9348=AXIS2_PLACEMENT_3D('',#12540,#10393,#10394);
#9349=AXIS2_PLACEMENT_3D('',#12542,#10395,#10396);
#9350=AXIS2_PLACEMENT_3D('',#12544,#10398,#10399);
#9351=AXIS2_PLACEMENT_3D('',#12546,#10400,#10401);
#9352=AXIS2_PLACEMENT_3D('',#12548,#10403,#10404);
#9353=AXIS2_PLACEMENT_3D('',#12550,#10406,#10407);
#9354=AXIS2_PLACEMENT_3D('',#12551,#10408,#10409);
#9355=AXIS2_PLACEMENT_3D('',#12554,#10411,#10412);
#9356=AXIS2_PLACEMENT_3D('',#12555,#10413,#10414);
#9357=AXIS2_PLACEMENT_3D('',#12556,#10415,#10416);
#9358=AXIS2_PLACEMENT_3D('',#12559,#10418,#10419);
#9359=AXIS2_PLACEMENT_3D('',#12560,#10420,#10421);
#9360=AXIS2_PLACEMENT_3D('',#12561,#10422,#10423);
#9361=AXIS2_PLACEMENT_3D('',#12562,#10424,#10425);
#9362=AXIS2_PLACEMENT_3D('',#12563,#10426,#10427);
#9363=AXIS2_PLACEMENT_3D('',#12566,#10429,#10430);
#9364=AXIS2_PLACEMENT_3D('',#12567,#10431,#10432);
#9365=AXIS2_PLACEMENT_3D('',#12568,#10433,#10434);
#9366=AXIS2_PLACEMENT_3D('',#12570,#10435,#10436);
#9367=AXIS2_PLACEMENT_3D('',#12572,#10438,#10439);
#9368=AXIS2_PLACEMENT_3D('',#12575,#10441,#10442);
#9369=AXIS2_PLACEMENT_3D('',#12576,#10443,#10444);
#9370=AXIS2_PLACEMENT_3D('',#12579,#10445,#10446);
#9371=AXIS2_PLACEMENT_3D('',#12583,#10448,#10449);
#9372=AXIS2_PLACEMENT_3D('',#12587,#10451,#10452);
#9373=AXIS2_PLACEMENT_3D('',#12591,#10454,#10455);
#9374=AXIS2_PLACEMENT_3D('',#12593,#10457,#10458);
#9375=AXIS2_PLACEMENT_3D('',#12595,#10459,#10460);
#9376=AXIS2_PLACEMENT_3D('',#12597,#10462,#10463);
#9377=AXIS2_PLACEMENT_3D('',#12601,#10466,#10467);
#9378=AXIS2_PLACEMENT_3D('',#12603,#10468,#10469);
#9379=AXIS2_PLACEMENT_3D('',#12605,#10471,#10472);
#9380=AXIS2_PLACEMENT_3D('',#12607,#10474,#10475);
#9381=AXIS2_PLACEMENT_3D('',#12609,#10476,#10477);
#9382=AXIS2_PLACEMENT_3D('',#12611,#10479,#10480);
#9383=AXIS2_PLACEMENT_3D('',#12615,#10483,#10484);
#9384=AXIS2_PLACEMENT_3D('',#12617,#10485,#10486);
#9385=AXIS2_PLACEMENT_3D('',#12619,#10488,#10489);
#9386=AXIS2_PLACEMENT_3D('',#12621,#10491,#10492);
#9387=AXIS2_PLACEMENT_3D('',#12623,#10493,#10494);
#9388=AXIS2_PLACEMENT_3D('',#12625,#10496,#10497);
#9389=AXIS2_PLACEMENT_3D('',#12629,#10500,#10501);
#9390=AXIS2_PLACEMENT_3D('',#12631,#10502,#10503);
#9391=AXIS2_PLACEMENT_3D('',#12633,#10505,#10506);
#9392=AXIS2_PLACEMENT_3D('',#12635,#10508,#10509);
#9393=AXIS2_PLACEMENT_3D('',#12637,#10510,#10511);
#9394=AXIS2_PLACEMENT_3D('',#12639,#10513,#10514);
#9395=AXIS2_PLACEMENT_3D('',#12643,#10517,#10518);
#9396=AXIS2_PLACEMENT_3D('',#12645,#10519,#10520);
#9397=AXIS2_PLACEMENT_3D('',#12647,#10522,#10523);
#9398=AXIS2_PLACEMENT_3D('',#12649,#10525,#10526);
#9399=AXIS2_PLACEMENT_3D('',#12651,#10527,#10528);
#9400=AXIS2_PLACEMENT_3D('',#12653,#10530,#10531);
#9401=AXIS2_PLACEMENT_3D('',#12657,#10534,#10535);
#9402=AXIS2_PLACEMENT_3D('',#12659,#10536,#10537);
#9403=AXIS2_PLACEMENT_3D('',#12661,#10539,#10540);
#9404=AXIS2_PLACEMENT_3D('',#12663,#10542,#10543);
#9405=AXIS2_PLACEMENT_3D('',#12665,#10544,#10545);
#9406=AXIS2_PLACEMENT_3D('',#12667,#10547,#10548);
#9407=AXIS2_PLACEMENT_3D('',#12671,#10551,#10552);
#9408=AXIS2_PLACEMENT_3D('',#12673,#10553,#10554);
#9409=AXIS2_PLACEMENT_3D('',#12675,#10556,#10557);
#9410=AXIS2_PLACEMENT_3D('',#12677,#10559,#10560);
#9411=AXIS2_PLACEMENT_3D('',#12680,#10563,#10564);
#9412=AXIS2_PLACEMENT_3D('',#12682,#10566,#10567);
#9413=AXIS2_PLACEMENT_3D('',#12684,#10569,#10570);
#9414=AXIS2_PLACEMENT_3D('',#12686,#10572,#10573);
#9415=AXIS2_PLACEMENT_3D('',#12688,#10575,#10576);
#9416=AXIS2_PLACEMENT_3D('',#12691,#10579,#10580);
#9417=AXIS2_PLACEMENT_3D('',#12692,#10581,#10582);
#9418=AXIS2_PLACEMENT_3D('',#12693,#10583,#10584);
#9419=AXIS2_PLACEMENT_3D('',#12702,#10589,#10590);
#9420=AXIS2_PLACEMENT_3D('',#12704,#10591,#10592);
#9421=AXIS2_PLACEMENT_3D('',#12705,#10593,#10594);
#9422=AXIS2_PLACEMENT_3D('',#12707,#10595,#10596);
#9423=AXIS2_PLACEMENT_3D('',#12708,#10597,#10598);
#9424=AXIS2_PLACEMENT_3D('',#12710,#10599,#10600);
#9425=AXIS2_PLACEMENT_3D('',#12711,#10601,#10602);
#9426=AXIS2_PLACEMENT_3D('',#12714,#10604,#10605);
#9427=AXIS2_PLACEMENT_3D('',#12715,#10606,#10607);
#9428=AXIS2_PLACEMENT_3D('',#12718,#10609,#10610);
#9429=AXIS2_PLACEMENT_3D('',#12719,#10611,#10612);
#9430=AXIS2_PLACEMENT_3D('',#12722,#10614,#10615);
#9431=AXIS2_PLACEMENT_3D('',#12723,#10616,#10617);
#9432=AXIS2_PLACEMENT_3D('',#12732,#10622,#10623);
#9433=AXIS2_PLACEMENT_3D('',#12738,#10627,#10628);
#9434=AXIS2_PLACEMENT_3D('',#12742,#10630,#10631);
#9435=AXIS2_PLACEMENT_3D('',#12744,#10633,#10634);
#9436=AXIS2_PLACEMENT_3D('',#12753,#10639,#10640);
#9437=AXIS2_PLACEMENT_3D('',#12759,#10644,#10645);
#9438=AXIS2_PLACEMENT_3D('',#12763,#10647,#10648);
#9439=AXIS2_PLACEMENT_3D('',#12765,#10650,#10651);
#9440=AXIS2_PLACEMENT_3D('',#12774,#10656,#10657);
#9441=AXIS2_PLACEMENT_3D('',#12780,#10661,#10662);
#9442=AXIS2_PLACEMENT_3D('',#12784,#10664,#10665);
#9443=AXIS2_PLACEMENT_3D('',#12786,#10667,#10668);
#9444=AXIS2_PLACEMENT_3D('',#12795,#10673,#10674);
#9445=AXIS2_PLACEMENT_3D('',#12801,#10678,#10679);
#9446=AXIS2_PLACEMENT_3D('',#12805,#10681,#10682);
#9447=AXIS2_PLACEMENT_3D('',#12807,#10684,#10685);
#9448=AXIS2_PLACEMENT_3D('',#12838,#10689,#10690);
#9449=AXIS2_PLACEMENT_3D('',#12869,#10694,#10695);
#9450=AXIS2_PLACEMENT_3D('',#12900,#10699,#10700);
#9451=AXIS2_PLACEMENT_3D('',#12906,#10704,#10705);
#9452=AXIS2_PLACEMENT_3D('',#12910,#10708,#10709);
#9453=AXIS2_PLACEMENT_3D('',#12913,#10711,#10712);
#9454=AXIS2_PLACEMENT_3D('',#12914,#10713,#10714);
#9455=AXIS2_PLACEMENT_3D('',#12918,#10717,#10718);
#9456=AXIS2_PLACEMENT_3D('',#12920,#10720,#10721);
#9457=AXIS2_PLACEMENT_3D('',#12929,#10726,#10727);
#9458=AXIS2_PLACEMENT_3D('',#12935,#10731,#10732);
#9459=AXIS2_PLACEMENT_3D('',#12939,#10735,#10736);
#9460=AXIS2_PLACEMENT_3D('',#12942,#10738,#10739);
#9461=AXIS2_PLACEMENT_3D('',#12943,#10740,#10741);
#9462=AXIS2_PLACEMENT_3D('',#12947,#10744,#10745);
#9463=AXIS2_PLACEMENT_3D('',#12949,#10747,#10748);
#9464=AXIS2_PLACEMENT_3D('',#12958,#10753,#10754);
#9465=AXIS2_PLACEMENT_3D('',#12964,#10758,#10759);
#9466=AXIS2_PLACEMENT_3D('',#12968,#10762,#10763);
#9467=AXIS2_PLACEMENT_3D('',#12971,#10765,#10766);
#9468=AXIS2_PLACEMENT_3D('',#12972,#10767,#10768);
#9469=AXIS2_PLACEMENT_3D('',#12976,#10771,#10772);
#9470=AXIS2_PLACEMENT_3D('',#12978,#10774,#10775);
#9471=AXIS2_PLACEMENT_3D('',#12987,#10780,#10781);
#9472=AXIS2_PLACEMENT_3D('',#12993,#10785,#10786);
#9473=AXIS2_PLACEMENT_3D('',#12997,#10789,#10790);
#9474=AXIS2_PLACEMENT_3D('',#12999,#10791,#10792);
#9475=AXIS2_PLACEMENT_3D('',#13001,#10794,#10795);
#9476=AXIS2_PLACEMENT_3D('',#13005,#10798,#10799);
#9477=AXIS2_PLACEMENT_3D('',#13007,#10801,#10802);
#9478=AXIS2_PLACEMENT_3D('',#13016,#10807,#10808);
#9479=AXIS2_PLACEMENT_3D('',#13025,#10813,#10814);
#9480=AXIS2_PLACEMENT_3D('',#13099,#10822,#10823);
#9481=AXIS2_PLACEMENT_3D('',#13103,#10826,#10827);
#9482=AXIS2_PLACEMENT_3D('',#13105,#10829,#10830);
#9483=AXIS2_PLACEMENT_3D('',#13179,#10838,#10839);
#9484=AXIS2_PLACEMENT_3D('',#13183,#10842,#10843);
#9485=AXIS2_PLACEMENT_3D('',#13185,#10845,#10846);
#9486=AXIS2_PLACEMENT_3D('',#13259,#10854,#10855);
#9487=AXIS2_PLACEMENT_3D('',#13263,#10858,#10859);
#9488=AXIS2_PLACEMENT_3D('',#13265,#10861,#10862);
#9489=AXIS2_PLACEMENT_3D('',#13275,#10868,#10869);
#9490=AXIS2_PLACEMENT_3D('',#13281,#10873,#10874);
#9491=AXIS2_PLACEMENT_3D('',#13291,#10880,#10881);
#9492=AXIS2_PLACEMENT_3D('',#13294,#10884,#10885);
#9493=AXIS2_PLACEMENT_3D('',#13297,#10886,#10887);
#9494=AXIS2_PLACEMENT_3D('',#13301,#10889,#10890);
#9495=AXIS2_PLACEMENT_3D('',#13305,#10892,#10893);
#9496=AXIS2_PLACEMENT_3D('',#13309,#10895,#10896);
#9497=AXIS2_PLACEMENT_3D('',#13319,#10906,#10907);
#9498=AXIS2_PLACEMENT_3D('',#13325,#10911,#10912);
#9499=AXIS2_PLACEMENT_3D('',#13327,#10913,#10914);
#9500=AXIS2_PLACEMENT_3D('',#13329,#10916,#10917);
#9501=AXIS2_PLACEMENT_3D('',#13333,#10920,#10921);
#9502=AXIS2_PLACEMENT_3D('',#13337,#10924,#10925);
#9503=AXIS2_PLACEMENT_3D('',#13341,#10928,#10929);
#9504=AXIS2_PLACEMENT_3D('',#13343,#10930,#10931);
#9505=AXIS2_PLACEMENT_3D('',#13345,#10933,#10934);
#9506=AXIS2_PLACEMENT_3D('',#13349,#10937,#10938);
#9507=AXIS2_PLACEMENT_3D('',#13353,#10941,#10942);
#9508=AXIS2_PLACEMENT_3D('',#13357,#10945,#10946);
#9509=AXIS2_PLACEMENT_3D('',#13359,#10947,#10948);
#9510=AXIS2_PLACEMENT_3D('',#13361,#10950,#10951);
#9511=AXIS2_PLACEMENT_3D('',#13365,#10954,#10955);
#9512=AXIS2_PLACEMENT_3D('',#13369,#10958,#10959);
#9513=AXIS2_PLACEMENT_3D('',#13373,#10962,#10963);
#9514=AXIS2_PLACEMENT_3D('',#13375,#10964,#10965);
#9515=AXIS2_PLACEMENT_3D('',#13377,#10967,#10968);
#9516=AXIS2_PLACEMENT_3D('',#13381,#10971,#10972);
#9517=AXIS2_PLACEMENT_3D('',#13388,#10977,#10978);
#9518=AXIS2_PLACEMENT_3D('',#13392,#10981,#10982);
#9519=AXIS2_PLACEMENT_3D('',#13396,#10985,#10986);
#9520=AXIS2_PLACEMENT_3D('',#13398,#10988,#10989);
#9521=AXIS2_PLACEMENT_3D('',#13407,#10994,#10995);
#9522=AXIS2_PLACEMENT_3D('',#13409,#10996,#10997);
#9523=AXIS2_PLACEMENT_3D('',#13412,#10999,#11000);
#9524=AXIS2_PLACEMENT_3D('',#13413,#11001,#11002);
#9525=AXIS2_PLACEMENT_3D('',#13419,#11006,#11007);
#9526=AXIS2_PLACEMENT_3D('',#13421,#11008,#11009);
#9527=AXIS2_PLACEMENT_3D('',#13424,#11011,#11012);
#9528=AXIS2_PLACEMENT_3D('',#13425,#11013,#11014);
#9529=AXIS2_PLACEMENT_3D('',#13592,#11017,#11018);
#9530=AXIS2_PLACEMENT_3D('',#13773,#11022,#11023);
#9531=AXIS2_PLACEMENT_3D('',#13890,#11028,#11029);
#9532=AXIS2_PLACEMENT_3D('',#13915,#11042,#11043);
#9533=AXIS2_PLACEMENT_3D('',#13930,#11051,#11052);
#9534=AXIS2_PLACEMENT_3D('',#13939,#11057,#11058);
#9535=AXIS2_PLACEMENT_3D('',#14006,#11062,#11063);
#9536=AXIS2_PLACEMENT_3D('',#14041,#11069,#11070);
#9537=AXIS2_PLACEMENT_3D('',#14066,#11083,#11084);
#9538=AXIS2_PLACEMENT_3D('',#14069,#11085,#11086);
#9539=AXIS2_PLACEMENT_3D('',#14073,#11088,#11089);
#9540=AXIS2_PLACEMENT_3D('',#14075,#11091,#11092);
#9541=AXIS2_PLACEMENT_3D('',#14081,#11096,#11097);
#9542=AXIS2_PLACEMENT_3D('',#14083,#11098,#11099);
#9543=AXIS2_PLACEMENT_3D('',#14086,#11101,#11102);
#9544=AXIS2_PLACEMENT_3D('',#14087,#11103,#11104);
#9545=AXIS2_PLACEMENT_3D('',#14093,#11108,#11109);
#9546=AXIS2_PLACEMENT_3D('',#14095,#11110,#11111);
#9547=AXIS2_PLACEMENT_3D('',#14098,#11113,#11114);
#9548=AXIS2_PLACEMENT_3D('',#14099,#11115,#11116);
#9549=AXIS2_PLACEMENT_3D('',#14105,#11120,#11121);
#9550=AXIS2_PLACEMENT_3D('',#14107,#11122,#11123);
#9551=AXIS2_PLACEMENT_3D('',#14110,#11125,#11126);
#9552=AXIS2_PLACEMENT_3D('',#14111,#11127,#11128);
#9553=AXIS2_PLACEMENT_3D('',#14114,#11131,#11132);
#9554=AXIS2_PLACEMENT_3D('',#14123,#11137,#11138);
#9555=AXIS2_PLACEMENT_3D('',#14126,#11139,#11140);
#9556=AXIS2_PLACEMENT_3D('',#14129,#11143,#11144);
#9557=AXIS2_PLACEMENT_3D('',#14133,#11147,#11148);
#9558=AXIS2_PLACEMENT_3D('',#14135,#11149,#11150);
#9559=AXIS2_PLACEMENT_3D('',#14137,#11152,#11153);
#9560=AXIS2_PLACEMENT_3D('',#14141,#11156,#11157);
#9561=AXIS2_PLACEMENT_3D('',#14143,#11158,#11159);
#9562=AXIS2_PLACEMENT_3D('',#14145,#11161,#11162);
#9563=AXIS2_PLACEMENT_3D('',#14149,#11165,#11166);
#9564=AXIS2_PLACEMENT_3D('',#14151,#11167,#11168);
#9565=AXIS2_PLACEMENT_3D('',#14153,#11170,#11171);
#9566=AXIS2_PLACEMENT_3D('',#14155,#11173,#11174);
#9567=AXIS2_PLACEMENT_3D('',#14157,#11175,#11176);
#9568=AXIS2_PLACEMENT_3D('',#14160,#11178,#11179);
#9569=AXIS2_PLACEMENT_3D('',#14161,#11180,#11181);
#9570=AXIS2_PLACEMENT_3D('',#14164,#11182,#11183);
#9571=AXIS2_PLACEMENT_3D('',#14168,#11185,#11186);
#9572=AXIS2_PLACEMENT_3D('',#14170,#11188,#11189);
#9573=AXIS2_PLACEMENT_3D('',#14176,#11193,#11194);
#9574=AXIS2_PLACEMENT_3D('',#14178,#11195,#11196);
#9575=AXIS2_PLACEMENT_3D('',#14181,#11198,#11199);
#9576=AXIS2_PLACEMENT_3D('',#14182,#11200,#11201);
#9577=AXIS2_PLACEMENT_3D('',#14188,#11205,#11206);
#9578=AXIS2_PLACEMENT_3D('',#14190,#11207,#11208);
#9579=AXIS2_PLACEMENT_3D('',#14193,#11210,#11211);
#9580=AXIS2_PLACEMENT_3D('',#14194,#11212,#11213);
#9581=AXIS2_PLACEMENT_3D('',#14200,#11217,#11218);
#9582=AXIS2_PLACEMENT_3D('',#14202,#11219,#11220);
#9583=AXIS2_PLACEMENT_3D('',#14205,#11222,#11223);
#9584=AXIS2_PLACEMENT_3D('',#14206,#11224,#11225);
#9585=AXIS2_PLACEMENT_3D('',#14209,#11228,#11229);
#9586=AXIS2_PLACEMENT_3D('',#14212,#11230,#11231);
#9587=AXIS2_PLACEMENT_3D('',#14216,#11233,#11234);
#9588=AXIS2_PLACEMENT_3D('',#14218,#11236,#11237);
#9589=AXIS2_PLACEMENT_3D('',#14224,#11241,#11242);
#9590=AXIS2_PLACEMENT_3D('',#14226,#11243,#11244);
#9591=AXIS2_PLACEMENT_3D('',#14229,#11246,#11247);
#9592=AXIS2_PLACEMENT_3D('',#14230,#11248,#11249);
#9593=AXIS2_PLACEMENT_3D('',#14236,#11253,#11254);
#9594=AXIS2_PLACEMENT_3D('',#14238,#11255,#11256);
#9595=AXIS2_PLACEMENT_3D('',#14241,#11258,#11259);
#9596=AXIS2_PLACEMENT_3D('',#14242,#11260,#11261);
#9597=AXIS2_PLACEMENT_3D('',#14248,#11265,#11266);
#9598=AXIS2_PLACEMENT_3D('',#14250,#11267,#11268);
#9599=AXIS2_PLACEMENT_3D('',#14253,#11270,#11271);
#9600=AXIS2_PLACEMENT_3D('',#14254,#11272,#11273);
#9601=AXIS2_PLACEMENT_3D('',#14257,#11276,#11277);
#9602=AXIS2_PLACEMENT_3D('',#14260,#11278,#11279);
#9603=AXIS2_PLACEMENT_3D('',#14264,#11281,#11282);
#9604=AXIS2_PLACEMENT_3D('',#14266,#11284,#11285);
#9605=AXIS2_PLACEMENT_3D('',#14272,#11289,#11290);
#9606=AXIS2_PLACEMENT_3D('',#14274,#11291,#11292);
#9607=AXIS2_PLACEMENT_3D('',#14277,#11294,#11295);
#9608=AXIS2_PLACEMENT_3D('',#14278,#11296,#11297);
#9609=AXIS2_PLACEMENT_3D('',#14284,#11301,#11302);
#9610=AXIS2_PLACEMENT_3D('',#14286,#11303,#11304);
#9611=AXIS2_PLACEMENT_3D('',#14289,#11306,#11307);
#9612=AXIS2_PLACEMENT_3D('',#14290,#11308,#11309);
#9613=AXIS2_PLACEMENT_3D('',#14296,#11313,#11314);
#9614=AXIS2_PLACEMENT_3D('',#14298,#11315,#11316);
#9615=AXIS2_PLACEMENT_3D('',#14301,#11318,#11319);
#9616=AXIS2_PLACEMENT_3D('',#14302,#11320,#11321);
#9617=AXIS2_PLACEMENT_3D('',#14305,#11324,#11325);
#9618=AXIS2_PLACEMENT_3D('',#14311,#11329,#11330);
#9619=AXIS2_PLACEMENT_3D('',#14315,#11332,#11333);
#9620=AXIS2_PLACEMENT_3D('',#14316,#11334,#11335);
#9621=AXIS2_PLACEMENT_3D('',#14317,#11336,#11337);
#9622=AXIS2_PLACEMENT_3D('',#14318,#11338,#11339);
#9623=AXIS2_PLACEMENT_3D('',#14320,#11341,#11342);
#9624=AXIS2_PLACEMENT_3D('',#14326,#11346,#11347);
#9625=AXIS2_PLACEMENT_3D('',#14328,#11348,#11349);
#9626=AXIS2_PLACEMENT_3D('',#14330,#11351,#11352);
#9627=AXIS2_PLACEMENT_3D('',#14334,#11355,#11356);
#9628=AXIS2_PLACEMENT_3D('',#14336,#11357,#11358);
#9629=AXIS2_PLACEMENT_3D('',#14544,#11373,#11374);
#9630=AXIS2_PLACEMENT_3D('',#14769,#11390,#11391);
#9631=AXIS2_PLACEMENT_3D('',#14892,#11401,#11402);
#9632=AXIS2_PLACEMENT_3D('',#15015,#11412,#11413);
#9633=AXIS2_PLACEMENT_3D('',#15274,#11431,#11432);
#9634=AXIS2_PLACEMENT_3D('',#15482,#11447,#11448);
#9635=AXIS2_PLACEMENT_3D('',#15622,#11459,#11460);
#9636=AXIS2_PLACEMENT_3D('',#15626,#11463,#11464);
#9637=AXIS2_PLACEMENT_3D('',#15630,#11467,#11468);
#9638=AXIS2_PLACEMENT_3D('',#15632,#11470,#11471);
#9639=AXIS2_PLACEMENT_3D('',#15638,#11475,#11476);
#9640=AXIS2_PLACEMENT_3D('',#15642,#11479,#11480);
#9641=AXIS2_PLACEMENT_3D('',#15646,#11483,#11484);
#9642=AXIS2_PLACEMENT_3D('',#15650,#11487,#11488);
#9643=AXIS2_PLACEMENT_3D('',#15654,#11491,#11492);
#9644=AXIS2_PLACEMENT_3D('',#15658,#11495,#11496);
#9645=AXIS2_PLACEMENT_3D('',#15662,#11499,#11500);
#9646=AXIS2_PLACEMENT_3D('',#15666,#11503,#11504);
#9647=AXIS2_PLACEMENT_3D('',#15670,#11507,#11508);
#9648=AXIS2_PLACEMENT_3D('',#15674,#11511,#11512);
#9649=AXIS2_PLACEMENT_3D('',#15678,#11515,#11516);
#9650=AXIS2_PLACEMENT_3D('',#15680,#11518,#11519);
#9651=AXIS2_PLACEMENT_3D('',#15686,#11523,#11524);
#9652=AXIS2_PLACEMENT_3D('',#15690,#11527,#11528);
#9653=AXIS2_PLACEMENT_3D('',#15694,#11531,#11532);
#9654=AXIS2_PLACEMENT_3D('',#15698,#11535,#11536);
#9655=AXIS2_PLACEMENT_3D('',#15702,#11539,#11540);
#9656=AXIS2_PLACEMENT_3D('',#15706,#11543,#11544);
#9657=AXIS2_PLACEMENT_3D('',#15708,#11546,#11547);
#9658=AXIS2_PLACEMENT_3D('',#15714,#11551,#11552);
#9659=AXIS2_PLACEMENT_3D('',#15718,#11555,#11556);
#9660=AXIS2_PLACEMENT_3D('',#15722,#11559,#11560);
#9661=AXIS2_PLACEMENT_3D('',#15896,#11573,#11574);
#9662=AXIS2_PLACEMENT_3D('',#15900,#11577,#11578);
#9663=AXIS2_PLACEMENT_3D('',#15904,#11581,#11582);
#9664=AXIS2_PLACEMENT_3D('',#15906,#11584,#11585);
#9665=AXIS2_PLACEMENT_3D('',#15912,#11589,#11590);
#9666=AXIS2_PLACEMENT_3D('',#15984,#11597,#11598);
#9667=AXIS2_PLACEMENT_3D('',#15988,#11601,#11602);
#9668=AXIS2_PLACEMENT_3D('',#15992,#11605,#11606);
#9669=AXIS2_PLACEMENT_3D('',#15994,#11608,#11609);
#9670=AXIS2_PLACEMENT_3D('',#16000,#11613,#11614);
#9671=AXIS2_PLACEMENT_3D('',#16004,#11617,#11618);
#9672=AXIS2_PLACEMENT_3D('',#16008,#11621,#11622);
#9673=AXIS2_PLACEMENT_3D('',#16012,#11625,#11626);
#9674=AXIS2_PLACEMENT_3D('',#16016,#11629,#11630);
#9675=AXIS2_PLACEMENT_3D('',#16020,#11633,#11634);
#9676=AXIS2_PLACEMENT_3D('',#16024,#11637,#11638);
#9677=AXIS2_PLACEMENT_3D('',#16028,#11641,#11642);
#9678=AXIS2_PLACEMENT_3D('',#16032,#11645,#11646);
#9679=AXIS2_PLACEMENT_3D('',#16036,#11649,#11650);
#9680=AXIS2_PLACEMENT_3D('',#16040,#11653,#11654);
#9681=AXIS2_PLACEMENT_3D('',#16042,#11656,#11657);
#9682=AXIS2_PLACEMENT_3D('',#16046,#11659,#11660);
#9683=AXIS2_PLACEMENT_3D('',#16048,#11662,#11663);
#9684=AXIS2_PLACEMENT_3D('',#16052,#11666,#11667);
#9685=AXIS2_PLACEMENT_3D('',#16054,#11668,#11669);
#9686=AXIS2_PLACEMENT_3D('',#16056,#11671,#11672);
#9687=AXIS2_PLACEMENT_3D('',#16060,#11675,#11676);
#9688=AXIS2_PLACEMENT_3D('',#16062,#11677,#11678);
#9689=AXIS2_PLACEMENT_3D('',#16064,#11680,#11681);
#9690=AXIS2_PLACEMENT_3D('',#16068,#11684,#11685);
#9691=AXIS2_PLACEMENT_3D('',#16070,#11686,#11687);
#9692=AXIS2_PLACEMENT_3D('',#16072,#11689,#11690);
#9693=AXIS2_PLACEMENT_3D('',#16074,#11692,#11693);
#9694=AXIS2_PLACEMENT_3D('',#16080,#11697,#11698);
#9695=AXIS2_PLACEMENT_3D('',#16084,#11701,#11702);
#9696=AXIS2_PLACEMENT_3D('',#16088,#11705,#11706);
#9697=AXIS2_PLACEMENT_3D('',#16090,#11708,#11709);
#9698=AXIS2_PLACEMENT_3D('',#16094,#11711,#11712);
#9699=AXIS2_PLACEMENT_3D('',#16096,#11714,#11715);
#9700=AXIS2_PLACEMENT_3D('',#16100,#11718,#11719);
#9701=AXIS2_PLACEMENT_3D('',#16102,#11720,#11721);
#9702=AXIS2_PLACEMENT_3D('',#16104,#11723,#11724);
#9703=AXIS2_PLACEMENT_3D('',#16108,#11727,#11728);
#9704=AXIS2_PLACEMENT_3D('',#16110,#11729,#11730);
#9705=AXIS2_PLACEMENT_3D('',#16112,#11732,#11733);
#9706=AXIS2_PLACEMENT_3D('',#16116,#11736,#11737);
#9707=AXIS2_PLACEMENT_3D('',#16118,#11738,#11739);
#9708=AXIS2_PLACEMENT_3D('',#16120,#11741,#11742);
#9709=AXIS2_PLACEMENT_3D('',#16122,#11744,#11745);
#9710=AXIS2_PLACEMENT_3D('',#16124,#11746,#11747);
#9711=AXIS2_PLACEMENT_3D('',#16126,#11749,#11750);
#9712=AXIS2_PLACEMENT_3D('',#16130,#11752,#11753);
#9713=AXIS2_PLACEMENT_3D('',#16132,#11755,#11756);
#9714=AXIS2_PLACEMENT_3D('',#16136,#11759,#11760);
#9715=AXIS2_PLACEMENT_3D('',#16138,#11761,#11762);
#9716=AXIS2_PLACEMENT_3D('',#16140,#11764,#11765);
#9717=AXIS2_PLACEMENT_3D('',#16144,#11768,#11769);
#9718=AXIS2_PLACEMENT_3D('',#16146,#11770,#11771);
#9719=AXIS2_PLACEMENT_3D('',#16148,#11773,#11774);
#9720=AXIS2_PLACEMENT_3D('',#16152,#11777,#11778);
#9721=AXIS2_PLACEMENT_3D('',#16154,#11779,#11780);
#9722=AXIS2_PLACEMENT_3D('',#16156,#11782,#11783);
#9723=AXIS2_PLACEMENT_3D('',#16158,#11785,#11786);
#9724=AXIS2_PLACEMENT_3D('',#16163,#11789,#11790);
#9725=AXIS2_PLACEMENT_3D('',#16164,#11791,#11792);
#9726=AXIS2_PLACEMENT_3D('',#16168,#11795,#11796);
#9727=AXIS2_PLACEMENT_3D('',#16171,#11798,#11799);
#9728=AXIS2_PLACEMENT_3D('',#16172,#11800,#11801);
#9729=AXIS2_PLACEMENT_3D('',#16176,#11804,#11805);
#9730=AXIS2_PLACEMENT_3D('',#16179,#11807,#11808);
#9731=AXIS2_PLACEMENT_3D('',#16180,#11809,#11810);
#9732=AXIS2_PLACEMENT_3D('',#16184,#11813,#11814);
#9733=AXIS2_PLACEMENT_3D('',#16187,#11816,#11817);
#9734=AXIS2_PLACEMENT_3D('',#16188,#11818,#11819);
#9735=AXIS2_PLACEMENT_3D('',#16190,#11821,#11822);
#9736=AXIS2_PLACEMENT_3D('',#16194,#11824,#11825);
#9737=AXIS2_PLACEMENT_3D('',#16196,#11827,#11828);
#9738=AXIS2_PLACEMENT_3D('',#16200,#11831,#11832);
#9739=AXIS2_PLACEMENT_3D('',#16202,#11833,#11834);
#9740=AXIS2_PLACEMENT_3D('',#16204,#11836,#11837);
#9741=AXIS2_PLACEMENT_3D('',#16208,#11840,#11841);
#9742=AXIS2_PLACEMENT_3D('',#16210,#11842,#11843);
#9743=AXIS2_PLACEMENT_3D('',#16212,#11845,#11846);
#9744=AXIS2_PLACEMENT_3D('',#16216,#11849,#11850);
#9745=AXIS2_PLACEMENT_3D('',#16218,#11851,#11852);
#9746=AXIS2_PLACEMENT_3D('',#16220,#11854,#11855);
#9747=AXIS2_PLACEMENT_3D('',#16222,#11857,#11858);
#9748=AXIS2_PLACEMENT_3D('',#16223,#11859,#11860);
#9749=AXIS2_PLACEMENT_3D('',#16225,#11862,#11863);
#9750=AXIS2_PLACEMENT_3D('',#16229,#11866,#11867);
#9751=AXIS2_PLACEMENT_3D('',#16230,#11868,#11869);
#9752=AXIS2_PLACEMENT_3D('',#16231,#11870,#11871);
#9753=AXIS2_PLACEMENT_3D('',#16232,#11872,#11873);
#9754=AXIS2_PLACEMENT_3D('',#16233,#11874,#11875);
#9755=AXIS2_PLACEMENT_3D('',#16234,#11876,#11877);
#9756=AXIS2_PLACEMENT_3D('',#16235,#11878,#11879);
#9757=AXIS2_PLACEMENT_3D('',#16236,#11880,#11881);
#9758=DIRECTION('axis',(0.,0.,1.));
#9759=DIRECTION('refdir',(1.,0.,0.));
#9760=DIRECTION('axis',(0.,0.,1.));
#9761=DIRECTION('refdir',(1.,0.,0.));
#9762=DIRECTION('axis',(0.,0.,1.));
#9763=DIRECTION('refdir',(1.,0.,0.));
#9764=DIRECTION('center_axis',(0.,1.,0.));
#9765=DIRECTION('ref_axis',(-1.,0.,0.));
#9766=DIRECTION('',(0.999769528899133,0.,0.021468327480422));
#9767=DIRECTION('',(0.518476881424375,0.,-0.855091646216038));
#9768=DIRECTION('',(-0.481292647474757,0.,-0.87655997369646));
#9769=DIRECTION('',(-0.999769528899133,0.,-0.0214683274804213));
#9770=DIRECTION('',(-0.518476881424376,0.,0.855091646216038));
#9771=DIRECTION('',(0.481292647474758,0.,0.87655997369646));
#9772=DIRECTION('center_axis',(0.,1.,0.));
#9773=DIRECTION('ref_axis',(-1.,0.,0.));
#9774=DIRECTION('center_axis',(0.,0.707106781186548,-0.707106781186548));
#9775=DIRECTION('ref_axis',(-1.,0.,0.));
#9776=DIRECTION('',(-1.,-5.86093127582298E-17,-5.86093127582298E-17));
#9777=DIRECTION('',(0.,-0.707106781186547,-0.707106781186547));
#9778=DIRECTION('',(-1.,0.,0.));
#9779=DIRECTION('',(0.,-0.707106781186546,-0.707106781186549));
#9780=DIRECTION('center_axis',(0.,1.,0.));
#9781=DIRECTION('ref_axis',(0.707106781186552,0.,-0.707106781186543));
#9782=DIRECTION('center_axis',(5.86093127582298E-17,-1.,0.));
#9783=DIRECTION('ref_axis',(0.707106781186553,0.,-0.707106781186543));
#9784=DIRECTION('',(0.,0.707106781186548,-0.707106781186547));
#9785=DIRECTION('center_axis',(0.,-1.,0.));
#9786=DIRECTION('ref_axis',(0.707106781186553,0.,-0.707106781186543));
#9787=DIRECTION('',(0.707106781186547,0.707106781186548,8.17756488897799E-17));
#9788=DIRECTION('center_axis',(1.,0.,0.));
#9789=DIRECTION('ref_axis',(0.,-0.707106781186547,-0.707106781186548));
#9790=DIRECTION('center_axis',(-1.,0.,0.));
#9791=DIRECTION('ref_axis',(0.,-0.707106781186547,-0.707106781186548));
#9792=DIRECTION('',(0.707106781186546,0.,-0.707106781186549));
#9793=DIRECTION('center_axis',(-1.,0.,0.));
#9794=DIRECTION('ref_axis',(0.,-0.707106781186547,-0.707106781186548));
#9795=DIRECTION('',(0.707106781186548,-0.707106781186547,0.));
#9796=DIRECTION('center_axis',(0.,0.,1.));
#9797=DIRECTION('ref_axis',(0.,-1.,0.));
#9798=DIRECTION('',(0.,-1.,0.));
#9799=DIRECTION('',(-1.,0.,0.));
#9800=DIRECTION('',(0.,1.,0.));
#9801=DIRECTION('',(1.,0.,0.));
#9802=DIRECTION('center_axis',(1.,0.,0.));
#9803=DIRECTION('ref_axis',(0.,0.707106781186547,0.707106781186548));
#9804=DIRECTION('center_axis',(1.,0.,0.));
#9805=DIRECTION('ref_axis',(0.,0.707106781186547,0.707106781186548));
#9806=DIRECTION('',(1.,0.,0.));
#9807=DIRECTION('center_axis',(1.,0.,0.));
#9808=DIRECTION('ref_axis',(0.,0.707106781186547,0.707106781186548));
#9809=DIRECTION('center_axis',(0.,1.,0.));
#9810=DIRECTION('ref_axis',(0.,0.,1.));
#9811=DIRECTION('',(0.,0.,1.));
#9812=DIRECTION('',(-1.,0.,0.));
#9813=DIRECTION('',(0.,0.,-1.));
#9814=DIRECTION('center_axis',(1.,0.,0.));
#9815=DIRECTION('ref_axis',(0.,0.707106781186548,-0.707106781186547));
#9816=DIRECTION('center_axis',(1.,0.,0.));
#9817=DIRECTION('ref_axis',(0.,0.707106781186548,-0.707106781186547));
#9818=DIRECTION('',(1.,0.,0.));
#9819=DIRECTION('center_axis',(1.,0.,0.));
#9820=DIRECTION('ref_axis',(0.,0.707106781186548,-0.707106781186547));
#9821=DIRECTION('center_axis',(0.,-1.,0.));
#9822=DIRECTION('ref_axis',(0.,0.,-1.));
#9823=DIRECTION('',(0.,0.,-1.));
#9824=DIRECTION('',(-1.,0.,0.));
#9825=DIRECTION('',(0.,0.,1.));
#9826=DIRECTION('',(1.,0.,0.));
#9827=DIRECTION('center_axis',(1.,0.,0.));
#9828=DIRECTION('ref_axis',(0.,-0.707106781186548,0.707106781186548));
#9829=DIRECTION('center_axis',(1.,0.,0.));
#9830=DIRECTION('ref_axis',(0.,-0.707106781186548,0.707106781186548));
#9831=DIRECTION('',(1.,0.,0.));
#9832=DIRECTION('center_axis',(1.,0.,0.));
#9833=DIRECTION('ref_axis',(0.,-0.707106781186548,0.707106781186548));
#9834=DIRECTION('center_axis',(0.,0.,1.));
#9835=DIRECTION('ref_axis',(0.,-1.,0.));
#9836=DIRECTION('',(0.,-1.,0.));
#9837=DIRECTION('',(-1.,0.,0.));
#9838=DIRECTION('',(0.,1.,0.));
#9839=DIRECTION('center_axis',(1.,0.,0.));
#9840=DIRECTION('ref_axis',(0.,0.707106781186548,0.707106781186548));
#9841=DIRECTION('center_axis',(1.,0.,0.));
#9842=DIRECTION('ref_axis',(0.,0.707106781186548,0.707106781186548));
#9843=DIRECTION('',(1.,0.,0.));
#9844=DIRECTION('center_axis',(1.,0.,0.));
#9845=DIRECTION('ref_axis',(0.,0.707106781186548,0.707106781186548));
#9846=DIRECTION('center_axis',(-1.,0.,0.));
#9847=DIRECTION('ref_axis',(0.,0.70710678118654,-0.707106781186555));
#9848=DIRECTION('center_axis',(1.,0.,0.));
#9849=DIRECTION('ref_axis',(0.,0.70710678118654,-0.707106781186555));
#9850=DIRECTION('',(-0.707106781186546,0.,-0.707106781186549));
#9851=DIRECTION('center_axis',(1.,0.,0.));
#9852=DIRECTION('ref_axis',(0.,0.70710678118654,-0.707106781186555));
#9853=DIRECTION('',(-0.707106781186547,0.707106781186547,0.));
#9854=DIRECTION('center_axis',(0.,-0.707106781186547,0.707106781186548));
#9855=DIRECTION('ref_axis',(1.,0.,0.));
#9856=DIRECTION('',(0.,-0.707106781186548,-0.707106781186547));
#9857=DIRECTION('',(-1.,0.,0.));
#9858=DIRECTION('',(0.,0.707106781186548,0.707106781186547));
#9859=DIRECTION('',(1.,0.,0.));
#9860=DIRECTION('center_axis',(1.,0.,0.));
#9861=DIRECTION('ref_axis',(0.,-1.,0.));
#9862=DIRECTION('',(0.,0.,-1.));
#9863=DIRECTION('',(0.,1.,0.));
#9864=DIRECTION('',(0.,0.,-1.));
#9865=DIRECTION('',(0.,-1.,0.));
#9866=DIRECTION('center_axis',(0.,-1.,0.));
#9867=DIRECTION('ref_axis',(1.,0.,0.));
#9868=DIRECTION('',(0.,0.,-1.));
#9869=DIRECTION('',(-1.,0.,0.));
#9870=DIRECTION('',(0.,0.,1.));
#9871=DIRECTION('',(1.,0.,0.));
#9872=DIRECTION('',(0.,0.,1.));
#9873=DIRECTION('',(-1.,0.,0.));
#9874=DIRECTION('center_axis',(0.,-1.,0.));
#9875=DIRECTION('ref_axis',(-0.707106781186546,0.,-0.707106781186549));
#9876=DIRECTION('',(0.,0.,1.));
#9877=DIRECTION('center_axis',(0.,-1.,0.));
#9878=DIRECTION('ref_axis',(-0.707106781186546,0.,0.707106781186549));
#9879=DIRECTION('',(1.,0.,0.));
#9880=DIRECTION('center_axis',(0.,-1.,0.));
#9881=DIRECTION('ref_axis',(0.707106781186546,0.,0.707106781186549));
#9882=DIRECTION('',(0.,0.,-1.));
#9883=DIRECTION('center_axis',(0.,-1.,0.));
#9884=DIRECTION('ref_axis',(0.707106781186553,0.,-0.707106781186543));
#9885=DIRECTION('',(-1.,0.,0.));
#9886=DIRECTION('center_axis',(0.707106781186547,0.,0.707106781186548));
#9887=DIRECTION('ref_axis',(0.707106781186548,0.,-0.707106781186547));
#9888=DIRECTION('',(0.707106781186548,0.,-0.707106781186547));
#9889=DIRECTION('',(0.,-1.,0.));
#9890=DIRECTION('',(-0.707106781186548,0.,0.707106781186547));
#9891=DIRECTION('',(0.,1.,0.));
#9892=DIRECTION('center_axis',(0.,1.,0.));
#9893=DIRECTION('ref_axis',(1.,0.,0.));
#9894=DIRECTION('',(0.,0.,-1.));
#9895=DIRECTION('',(-1.,0.,0.));
#9896=DIRECTION('',(0.,0.,-1.));
#9897=DIRECTION('',(1.,0.,0.));
#9898=DIRECTION('center_axis',(1.,0.,0.));
#9899=DIRECTION('ref_axis',(0.,1.,0.));
#9900=DIRECTION('',(0.,0.,-1.));
#9901=DIRECTION('',(0.,-1.,0.));
#9902=DIRECTION('',(0.,1.,0.));
#9903=DIRECTION('',(0.,0.,1.));
#9904=DIRECTION('',(0.,-1.,0.));
#9905=DIRECTION('center_axis',(-1.,0.,0.));
#9906=DIRECTION('ref_axis',(0.,-1.,0.));
#9907=DIRECTION('',(0.,1.,0.));
#9908=DIRECTION('center_axis',(1.,0.,0.));
#9909=DIRECTION('ref_axis',(0.,0.70710678118654,0.707106781186555));
#9910=DIRECTION('',(0.,0.,-1.));
#9911=DIRECTION('center_axis',(1.,0.,0.));
#9912=DIRECTION('ref_axis',(0.,0.70710678118654,-0.707106781186555));
#9913=DIRECTION('',(0.,-1.,0.));
#9914=DIRECTION('center_axis',(1.,0.,0.));
#9915=DIRECTION('ref_axis',(0.,-0.70710678118655,-0.707106781186545));
#9916=DIRECTION('',(0.,0.,1.));
#9917=DIRECTION('center_axis',(1.,0.,0.));
#9918=DIRECTION('ref_axis',(0.,-0.70710678118655,0.707106781186545));
#9919=DIRECTION('',(0.,0.,-1.));
#9920=DIRECTION('center_axis',(1.,0.,0.));
#9921=DIRECTION('ref_axis',(0.,0.707106781186548,-0.707106781186547));
#9922=DIRECTION('',(0.,-1.,0.));
#9923=DIRECTION('center_axis',(1.,0.,0.));
#9924=DIRECTION('ref_axis',(0.,-0.707106781186547,-0.707106781186548));
#9925=DIRECTION('',(0.,0.,1.));
#9926=DIRECTION('center_axis',(1.,0.,0.));
#9927=DIRECTION('ref_axis',(0.,-0.707106781186548,0.707106781186548));
#9928=DIRECTION('',(0.,-1.,-1.87882372030615E-17));
#9929=DIRECTION('center_axis',(1.,0.,0.));
#9930=DIRECTION('ref_axis',(0.,-0.707106781186548,-0.707106781186547));
#9931=DIRECTION('center_axis',(-0.707106781186547,0.,0.707106781186548));
#9932=DIRECTION('ref_axis',(0.707106781186548,0.,0.707106781186547));
#9933=DIRECTION('',(-0.577350269189626,0.577350269189626,-0.577350269189625));
#9934=DIRECTION('',(0.,1.,0.));
#9935=DIRECTION('',(0.707106781186548,0.,0.707106781186547));
#9936=DIRECTION('',(0.,-1.,0.));
#9937=DIRECTION('center_axis',(0.,-1.,0.));
#9938=DIRECTION('ref_axis',(-1.,0.,0.));
#9939=DIRECTION('',(0.,0.,-1.));
#9940=DIRECTION('',(1.,0.,0.));
#9941=DIRECTION('',(0.,0.,-1.));
#9942=DIRECTION('',(-1.,0.,0.));
#9943=DIRECTION('center_axis',(-1.,0.,0.));
#9944=DIRECTION('ref_axis',(0.,-1.,0.));
#9945=DIRECTION('',(0.,0.,-1.));
#9946=DIRECTION('',(0.,1.,0.));
#9947=DIRECTION('',(0.,0.,1.));
#9948=DIRECTION('',(0.,-1.,0.));
#9949=DIRECTION('',(0.,1.,0.));
#9950=DIRECTION('',(0.,0.,1.));
#9951=DIRECTION('center_axis',(-1.,0.,0.));
#9952=DIRECTION('ref_axis',(0.,0.707106781186545,0.70710678118655));
#9953=DIRECTION('',(0.,-1.,0.));
#9954=DIRECTION('center_axis',(-1.,0.,0.));
#9955=DIRECTION('ref_axis',(0.,-0.707106781186547,0.707106781186548));
#9956=DIRECTION('',(0.,0.,-1.));
#9957=DIRECTION('center_axis',(-1.,0.,0.));
#9958=DIRECTION('ref_axis',(0.,-0.707106781186547,-0.707106781186548));
#9959=DIRECTION('',(0.,1.,0.));
#9960=DIRECTION('center_axis',(-1.,0.,0.));
#9961=DIRECTION('ref_axis',(0.,0.707106781186545,-0.70710678118655));
#9962=DIRECTION('center_axis',(0.,0.707106781186547,0.707106781186548));
#9963=DIRECTION('ref_axis',(1.,0.,0.));
#9964=DIRECTION('',(0.,0.707106781186548,-0.707106781186547));
#9965=DIRECTION('',(1.,0.,0.));
#9966=DIRECTION('',(0.,-0.707106781186548,0.707106781186547));
#9967=DIRECTION('',(1.,0.,0.));
#9968=DIRECTION('',(0.577350269189626,-0.577350269189626,0.577350269189625));
#9969=DIRECTION('',(-1.,0.,0.));
#9970=DIRECTION('center_axis',(0.,-1.,0.));
#9971=DIRECTION('ref_axis',(0.,0.,-1.));
#9972=DIRECTION('',(0.,0.,1.));
#9973=DIRECTION('',(-1.,0.,0.));
#9974=DIRECTION('',(0.,0.,-1.));
#9975=DIRECTION('',(0.707106781186548,0.,0.707106781186547));
#9976=DIRECTION('center_axis',(-1.,0.,0.));
#9977=DIRECTION('ref_axis',(0.,-1.,0.));
#9978=DIRECTION('',(0.,0.,1.));
#9979=DIRECTION('',(0.,1.,0.));
#9980=DIRECTION('center_axis',(0.,1.,0.));
#9981=DIRECTION('ref_axis',(-1.,0.,0.));
#9982=DIRECTION('',(0.,0.,-1.));
#9983=DIRECTION('',(1.,0.,0.));
#9984=DIRECTION('',(-1.,0.,0.));
#9985=DIRECTION('',(-1.,0.,0.));
#9986=DIRECTION('',(0.999769528899133,0.,0.0214683274804215));
#9987=DIRECTION('',(0.481292647474756,0.,0.876559973696461));
#9988=DIRECTION('center_axis',(0.,-1.,0.));
#9989=DIRECTION('ref_axis',(0.999769528899133,0.,0.0214683274804232));
#9990=DIRECTION('',(-0.518476881424377,0.,0.855091646216037));
#9991=DIRECTION('center_axis',(0.,-1.,0.));
#9992=DIRECTION('ref_axis',(0.481292647474757,0.,0.87655997369646));
#9993=DIRECTION('',(-0.999769528899133,0.,-0.0214683274804228));
#9994=DIRECTION('center_axis',(0.,-1.,0.));
#9995=DIRECTION('ref_axis',(-0.518476881424373,0.,0.85509164621604));
#9996=DIRECTION('',(-0.481292647474757,0.,-0.87655997369646));
#9997=DIRECTION('center_axis',(0.,-1.,0.));
#9998=DIRECTION('ref_axis',(-0.999769528899133,0.,-0.0214683274804232));
#9999=DIRECTION('',(0.518476881424375,0.,-0.855091646216038));
#10000=DIRECTION('',(-1.,0.,0.));
#10001=DIRECTION('',(0.,0.,-1.));
#10002=DIRECTION('',(1.,0.,0.));
#10003=DIRECTION('center_axis',(-0.707106781186547,0.,0.707106781186548));
#10004=DIRECTION('ref_axis',(0.707106781186548,0.,0.707106781186547));
#10005=DIRECTION('',(0.,1.,0.));
#10006=DIRECTION('',(-0.707106781186548,0.,-0.707106781186547));
#10007=DIRECTION('',(0.,-1.,0.));
#10008=DIRECTION('center_axis',(0.,0.,-1.));
#10009=DIRECTION('ref_axis',(-1.,8.8817841970012E-15,0.));
#10010=DIRECTION('',(-1.57009245868377E-15,0.707106781186548,-0.707106781186547));
#10011=DIRECTION('center_axis',(0.,0.,1.));
#10012=DIRECTION('ref_axis',(-1.,8.8817841970012E-15,0.));
#10013=DIRECTION('center_axis',(0.,0.,-1.));
#10014=DIRECTION('ref_axis',(-1.,8.8817841970012E-15,0.));
#10015=DIRECTION('center_axis',(0.,0.707106781186547,0.707106781186548));
#10016=DIRECTION('ref_axis',(1.,0.,0.));
#10017=DIRECTION('',(-1.,0.,0.));
#10018=DIRECTION('',(1.,0.,0.));
#10019=DIRECTION('center_axis',(0.,0.,-1.));
#10020=DIRECTION('ref_axis',(1.,0.,0.));
#10021=DIRECTION('center_axis',(0.,0.,-1.));
#10022=DIRECTION('ref_axis',(1.,0.,0.));
#10023=DIRECTION('',(-1.,0.,0.));
#10024=DIRECTION('center_axis',(0.,0.,-1.));
#10025=DIRECTION('ref_axis',(1.,0.,0.));
#10026=DIRECTION('',(0.,-1.,0.));
#10027=DIRECTION('center_axis',(0.,0.,-1.));
#10028=DIRECTION('ref_axis',(1.,0.,0.));
#10029=DIRECTION('',(0.,1.,0.));
#10030=DIRECTION('center_axis',(0.,0.,1.));
#10031=DIRECTION('ref_axis',(0.707106781186547,0.707106781186547,0.));
#10032=DIRECTION('center_axis',(0.,0.,1.));
#10033=DIRECTION('ref_axis',(1.,-2.77555756156289E-15,0.));
#10034=DIRECTION('',(-0.707106781186546,0.,-0.707106781186549));
#10035=DIRECTION('center_axis',(0.,0.,1.));
#10036=DIRECTION('ref_axis',(0.707106781186548,0.707106781186548,0.));
#10037=DIRECTION('center_axis',(0.707106781186548,0.,-0.707106781186548));
#10038=DIRECTION('ref_axis',(-0.707106781186548,0.,-0.707106781186548));
#10039=DIRECTION('',(0.,1.,0.));
#10040=DIRECTION('',(-0.707106781186547,0.,-0.707106781186547));
#10041=DIRECTION('',(0.,1.,0.));
#10042=DIRECTION('center_axis',(0.,0.,1.));
#10043=DIRECTION('ref_axis',(0.707106781186547,-0.707106781186547,0.));
#10044=DIRECTION('center_axis',(0.,0.,1.));
#10045=DIRECTION('ref_axis',(-5.55111512312581E-15,-1.,0.));
#10046=DIRECTION('',(-3.14018491736755E-15,-0.707106781186547,0.707106781186547));
#10047=DIRECTION('center_axis',(0.,0.,1.));
#10048=DIRECTION('ref_axis',(0.707106781186548,-0.707106781186548,0.));
#10049=DIRECTION('center_axis',(0.,0.,-1.));
#10050=DIRECTION('ref_axis',(-1.,0.,0.));
#10051=DIRECTION('',(1.,0.,0.));
#10052=DIRECTION('center_axis',(0.,0.,1.));
#10053=DIRECTION('ref_axis',(-0.707106781186548,-0.707106781186548,0.));
#10054=DIRECTION('',(0.,-1.,0.));
#10055=DIRECTION('center_axis',(0.,0.,1.));
#10056=DIRECTION('ref_axis',(-0.707106781186548,0.707106781186548,0.));
#10057=DIRECTION('center_axis',(0.,0.,1.));
#10058=DIRECTION('ref_axis',(1.,0.,0.));
#10059=DIRECTION('center_axis',(0.,0.,1.));
#10060=DIRECTION('ref_axis',(1.,0.,0.));
#10061=DIRECTION('center_axis',(0.,0.,1.));
#10062=DIRECTION('ref_axis',(1.,0.,0.));
#10063=DIRECTION('center_axis',(0.,0.,1.));
#10064=DIRECTION('ref_axis',(1.,0.,0.));
#10065=DIRECTION('center_axis',(0.,0.,-1.));
#10066=DIRECTION('ref_axis',(-1.,0.,0.));
#10067=DIRECTION('',(0.,1.,0.));
#10068=DIRECTION('center_axis',(-0.855091646216038,0.,-0.518476881424375));
#10069=DIRECTION('ref_axis',(-0.518476881424375,0.,0.855091646216038));
#10070=DIRECTION('',(0.,-1.,0.));
#10071=DIRECTION('',(0.,-1.,0.));
#10072=DIRECTION('',(-0.518476881424375,0.,0.855091646216038));
#10073=DIRECTION('center_axis',(-0.604641101575328,0.707106781186549,-0.366618518743628));
#10074=DIRECTION('ref_axis',(-0.518476881424375,0.,0.855091646216038));
#10075=DIRECTION('',(0.760026387262325,0.649892214651767,0.));
#10076=DIRECTION('',(0.604641101575331,0.707106781186545,0.36661851874363));
#10077=DIRECTION('',(0.518476881424375,0.,-0.855091646216038));
#10078=DIRECTION('center_axis',(0.,-1.,0.));
#10079=DIRECTION('ref_axis',(-0.999769528899133,0.,-0.0214683274804232));
#10080=DIRECTION('center_axis',(0.,1.,0.));
#10081=DIRECTION('ref_axis',(-0.999769528899133,0.,-0.0214683274804232));
#10082=DIRECTION('',(0.619821501517467,0.707106781186549,-0.340325294764628));
#10083=DIRECTION('center_axis',(0.,-1.,0.));
#10084=DIRECTION('ref_axis',(-0.999769528899133,0.,-0.0214683274804232));
#10085=DIRECTION('center_axis',(-0.619821501517471,0.707106781186545,0.340325294764628));
#10086=DIRECTION('ref_axis',(0.481292647474757,0.,0.87655997369646));
#10087=DIRECTION('',(0.619821501517472,0.707106781186547,-0.340325294764622));
#10088=DIRECTION('',(-0.481292647474757,0.,-0.87655997369646));
#10089=DIRECTION('',(0.481292647474757,0.,0.87655997369646));
#10090=DIRECTION('center_axis',(0.,-1.,0.));
#10091=DIRECTION('ref_axis',(-0.518476881424373,0.,0.85509164621604));
#10092=DIRECTION('center_axis',(0.,1.,0.));
#10093=DIRECTION('ref_axis',(-0.518476881424373,0.,0.85509164621604));
#10094=DIRECTION('',(0.0151803999421406,0.707106781186552,-0.706943813508252));
#10095=DIRECTION('center_axis',(0.,-1.,0.));
#10096=DIRECTION('ref_axis',(-0.518476881424373,0.,0.85509164621604));
#10097=DIRECTION('center_axis',(-0.0151803999421405,0.707106781186546,0.706943813508258));
#10098=DIRECTION('ref_axis',(0.999769528899133,0.,0.0214683274804228));
#10099=DIRECTION('',(0.0151803999421405,0.707106781186549,-0.706943813508256));
#10100=DIRECTION('',(-0.999769528899133,0.,-0.0214683274804228));
#10101=DIRECTION('',(0.999769528899133,0.,0.0214683274804228));
#10102=DIRECTION('center_axis',(0.,-1.,0.));
#10103=DIRECTION('ref_axis',(0.481292647474757,0.,0.876559973696461));
#10104=DIRECTION('center_axis',(0.,1.,0.));
#10105=DIRECTION('ref_axis',(0.481292647474757,0.,0.87655997369646));
#10106=DIRECTION('',(-0.604641101575322,0.707106781186554,-0.366618518743627));
#10107=DIRECTION('center_axis',(0.,-1.,0.));
#10108=DIRECTION('ref_axis',(0.481292647474757,0.,0.876559973696461));
#10109=DIRECTION('center_axis',(0.604641101575326,0.70710678118655,0.36661851874363));
#10110=DIRECTION('ref_axis',(0.518476881424377,0.,-0.855091646216037));
#10111=DIRECTION('',(-0.60464110157533,0.707106781186544,-0.366618518743634));
#10112=DIRECTION('',(-0.518476881424377,0.,0.855091646216037));
#10113=DIRECTION('',(0.518476881424377,0.,-0.855091646216037));
#10114=DIRECTION('center_axis',(0.,-1.,0.));
#10115=DIRECTION('ref_axis',(0.999769528899133,0.,0.0214683274804232));
#10116=DIRECTION('center_axis',(0.,1.,0.));
#10117=DIRECTION('ref_axis',(0.999769528899133,0.,0.0214683274804232));
#10118=DIRECTION('',(-0.619821501517471,0.707106781186545,0.340325294764629));
#10119=DIRECTION('center_axis',(0.,-1.,0.));
#10120=DIRECTION('ref_axis',(0.999769528899133,0.,0.0214683274804232));
#10121=DIRECTION('center_axis',(0.619821501517467,0.70710678118655,-0.340325294764625));
#10122=DIRECTION('ref_axis',(-0.481292647474756,0.,-0.876559973696461));
#10123=DIRECTION('',(-0.75575472624209,0.654653670707975,-0.0162285301650541));
#10124=DIRECTION('',(0.481292647474756,0.,0.876559973696461));
#10125=DIRECTION('',(-0.481292647474756,0.,-0.876559973696461));
#10126=DIRECTION('center_axis',(0.876559973696461,0.,-0.481292647474756));
#10127=DIRECTION('ref_axis',(-0.481292647474756,0.,-0.876559973696461));
#10128=DIRECTION('',(0.,1.,0.));
#10129=DIRECTION('',(0.,1.,0.));
#10130=DIRECTION('center_axis',(0.,1.,0.));
#10131=DIRECTION('ref_axis',(0.999769528899133,0.,0.0214683274804232));
#10132=DIRECTION('',(0.,-1.,0.));
#10133=DIRECTION('center_axis',(0.855091646216037,0.,0.518476881424377));
#10134=DIRECTION('ref_axis',(0.518476881424377,0.,-0.855091646216037));
#10135=DIRECTION('',(0.,1.,0.));
#10136=DIRECTION('center_axis',(0.,1.,0.));
#10137=DIRECTION('ref_axis',(0.481292647474757,0.,0.87655997369646));
#10138=DIRECTION('',(0.,-1.,0.));
#10139=DIRECTION('center_axis',(-0.0214683274804228,0.,0.999769528899133));
#10140=DIRECTION('ref_axis',(0.999769528899133,0.,0.0214683274804228));
#10141=DIRECTION('',(0.,1.,0.));
#10142=DIRECTION('center_axis',(0.,1.,0.));
#10143=DIRECTION('ref_axis',(-0.518476881424373,0.,0.85509164621604));
#10144=DIRECTION('',(0.,-1.,0.));
#10145=DIRECTION('center_axis',(-0.876559973696461,0.,0.481292647474757));
#10146=DIRECTION('ref_axis',(0.481292647474757,0.,0.87655997369646));
#10147=DIRECTION('',(0.,1.,0.));
#10148=DIRECTION('center_axis',(0.,1.,0.));
#10149=DIRECTION('ref_axis',(-0.999769528899133,0.,-0.0214683274804232));
#10150=DIRECTION('center_axis',(0.,1.,0.));
#10151=DIRECTION('ref_axis',(0.,0.,1.));
#10152=DIRECTION('',(-0.999769528899133,0.,-0.0214683274804215));
#10153=DIRECTION('',(1.,0.,0.));
#10154=DIRECTION('',(-0.999769528899133,0.,-0.0214683274804213));
#10155=DIRECTION('',(-0.481292647474757,0.,-0.87655997369646));
#10156=DIRECTION('',(0.518476881424375,0.,-0.855091646216038));
#10157=DIRECTION('',(0.999769528899133,0.,0.021468327480422));
#10158=DIRECTION('',(0.481292647474758,0.,0.87655997369646));
#10159=DIRECTION('',(-0.518476881424376,0.,0.855091646216038));
#10160=DIRECTION('center_axis',(0.0214683274804215,0.,-0.999769528899133));
#10161=DIRECTION('ref_axis',(-0.999769528899133,0.,-0.0214683274804215));
#10162=DIRECTION('',(0.,1.,0.));
#10163=DIRECTION('center_axis',(-0.855091646216038,0.,-0.518476881424375));
#10164=DIRECTION('ref_axis',(0.518476881424375,0.,-0.855091646216038));
#10165=DIRECTION('',(0.,-1.,0.));
#10166=DIRECTION('',(0.,1.,0.));
#10167=DIRECTION('center_axis',(-0.87655997369646,0.,0.481292647474757));
#10168=DIRECTION('ref_axis',(-0.481292647474757,0.,-0.87655997369646));
#10169=DIRECTION('',(0.,-1.,0.));
#10170=DIRECTION('center_axis',(-0.0214683274804213,0.,0.999769528899133));
#10171=DIRECTION('ref_axis',(-0.999769528899133,0.,-0.0214683274804213));
#10172=DIRECTION('',(0.,-1.,0.));
#10173=DIRECTION('center_axis',(0.855091646216038,0.,0.518476881424376));
#10174=DIRECTION('ref_axis',(-0.518476881424376,0.,0.855091646216038));
#10175=DIRECTION('',(0.,-1.,0.));
#10176=DIRECTION('center_axis',(0.87655997369646,0.,-0.481292647474758));
#10177=DIRECTION('ref_axis',(0.481292647474758,0.,0.87655997369646));
#10178=DIRECTION('',(0.,-1.,0.));
#10179=DIRECTION('center_axis',(0.021468327480422,0.,-0.999769528899133));
#10180=DIRECTION('ref_axis',(0.999769528899133,0.,0.021468327480422));
#10181=DIRECTION('center_axis',(-0.707106781186549,0.707106781186546,0.));
#10182=DIRECTION('ref_axis',(0.,0.,1.));
#10183=DIRECTION('',(0.,0.,1.));
#10184=DIRECTION('',(0.,0.,1.));
#10185=DIRECTION('',(0.707106781186546,0.707106781186549,0.));
#10186=DIRECTION('center_axis',(0.,1.,0.));
#10187=DIRECTION('ref_axis',(0.707106781186546,0.,0.707106781186549));
#10188=DIRECTION('center_axis',(5.86093127582298E-17,-1.,0.));
#10189=DIRECTION('ref_axis',(0.707106781186546,0.,0.707106781186549));
#10190=DIRECTION('center_axis',(0.,-1.,0.));
#10191=DIRECTION('ref_axis',(0.707106781186546,0.,0.707106781186549));
#10192=DIRECTION('',(0.,0.707106781186548,0.707106781186547));
#10193=DIRECTION('center_axis',(0.,0.707106781186548,-0.707106781186547));
#10194=DIRECTION('ref_axis',(-1.,0.,0.));
#10195=DIRECTION('',(-1.,-5.86093127582298E-17,-5.86093127582298E-17));
#10196=DIRECTION('',(-1.,0.,0.));
#10197=DIRECTION('',(0.,0.707106781186547,0.707106781186548));
#10198=DIRECTION('center_axis',(0.,-1.,0.));
#10199=DIRECTION('ref_axis',(0.707106781186553,0.,-0.707106781186543));
#10200=DIRECTION('',(0.,-1.,0.));
#10201=DIRECTION('',(0.,1.,0.));
#10202=DIRECTION('center_axis',(0.,0.,-1.));
#10203=DIRECTION('ref_axis',(1.,0.,0.));
#10204=DIRECTION('',(1.,0.,0.));
#10205=DIRECTION('',(0.,1.,0.));
#10206=DIRECTION('center_axis',(0.,-1.,0.));
#10207=DIRECTION('ref_axis',(-0.707106781186546,0.,-0.707106781186549));
#10208=DIRECTION('center_axis',(0.,-1.,0.));
#10209=DIRECTION('ref_axis',(-0.707106781186546,0.,-0.707106781186549));
#10210=DIRECTION('',(0.,-1.,0.));
#10211=DIRECTION('center_axis',(-1.,0.,0.));
#10212=DIRECTION('ref_axis',(0.,0.,-1.));
#10213=DIRECTION('',(0.,0.,-1.));
#10214=DIRECTION('',(0.,1.,0.));
#10215=DIRECTION('center_axis',(0.,-1.,0.));
#10216=DIRECTION('ref_axis',(-0.707106781186546,0.,0.707106781186549));
#10217=DIRECTION('center_axis',(0.,-1.,0.));
#10218=DIRECTION('ref_axis',(-0.707106781186546,0.,0.707106781186549));
#10219=DIRECTION('',(0.,-1.,0.));
#10220=DIRECTION('center_axis',(0.,0.,1.));
#10221=DIRECTION('ref_axis',(-1.,0.,0.));
#10222=DIRECTION('',(0.,1.,0.));
#10223=DIRECTION('center_axis',(0.,-1.,0.));
#10224=DIRECTION('ref_axis',(0.707106781186546,0.,0.707106781186549));
#10225=DIRECTION('',(0.,-1.,0.));
#10226=DIRECTION('center_axis',(1.,0.,0.));
#10227=DIRECTION('ref_axis',(0.,0.,1.));
#10228=DIRECTION('center_axis',(-0.707106781186548,-0.707106781186548,0.));
#10229=DIRECTION('ref_axis',(0.,0.,1.));
#10230=DIRECTION('',(0.,0.,1.));
#10231=DIRECTION('',(0.,0.,1.));
#10232=DIRECTION('',(-0.707106781186548,0.707106781186548,0.));
#10233=DIRECTION('center_axis',(-1.,0.,0.));
#10234=DIRECTION('ref_axis',(0.,0.70710678118654,0.707106781186555));
#10235=DIRECTION('center_axis',(1.,0.,0.));
#10236=DIRECTION('ref_axis',(0.,0.70710678118654,0.707106781186555));
#10237=DIRECTION('center_axis',(1.,0.,0.));
#10238=DIRECTION('ref_axis',(0.,0.70710678118654,0.707106781186555));
#10239=DIRECTION('',(-0.707106781186548,0.,0.707106781186547));
#10240=DIRECTION('center_axis',(-0.707106781186549,0.,-0.707106781186546));
#10241=DIRECTION('ref_axis',(-0.707106781186546,0.,0.707106781186549));
#10242=DIRECTION('',(0.,-1.,0.));
#10243=DIRECTION('',(0.,-1.,0.));
#10244=DIRECTION('',(-0.707106781186546,0.,0.707106781186549));
#10245=DIRECTION('center_axis',(1.,0.,0.));
#10246=DIRECTION('ref_axis',(0.,0.70710678118654,-0.707106781186555));
#10247=DIRECTION('',(1.,0.,0.));
#10248=DIRECTION('',(-1.,0.,0.));
#10249=DIRECTION('center_axis',(0.,0.,-1.));
#10250=DIRECTION('ref_axis',(0.,1.,0.));
#10251=DIRECTION('',(0.,1.,0.));
#10252=DIRECTION('',(-1.,0.,0.));
#10253=DIRECTION('center_axis',(1.,0.,0.));
#10254=DIRECTION('ref_axis',(0.,-0.70710678118655,-0.707106781186545));
#10255=DIRECTION('center_axis',(1.,0.,0.));
#10256=DIRECTION('ref_axis',(0.,-0.70710678118655,-0.707106781186545));
#10257=DIRECTION('',(1.,0.,0.));
#10258=DIRECTION('center_axis',(0.,-1.,0.));
#10259=DIRECTION('ref_axis',(0.,0.,-1.));
#10260=DIRECTION('',(0.,0.,-1.));
#10261=DIRECTION('',(-1.,0.,0.));
#10262=DIRECTION('center_axis',(1.,0.,0.));
#10263=DIRECTION('ref_axis',(0.,-0.70710678118655,0.707106781186545));
#10264=DIRECTION('center_axis',(1.,0.,0.));
#10265=DIRECTION('ref_axis',(0.,-0.70710678118655,0.707106781186545));
#10266=DIRECTION('',(1.,0.,0.));
#10267=DIRECTION('center_axis',(0.,0.,1.));
#10268=DIRECTION('ref_axis',(0.,-1.,0.));
#10269=DIRECTION('',(-1.,0.,0.));
#10270=DIRECTION('center_axis',(1.,0.,0.));
#10271=DIRECTION('ref_axis',(0.,0.70710678118654,0.707106781186555));
#10272=DIRECTION('',(1.,0.,0.));
#10273=DIRECTION('center_axis',(0.,1.,0.));
#10274=DIRECTION('ref_axis',(0.,0.,1.));
#10275=DIRECTION('center_axis',(1.,0.,0.));
#10276=DIRECTION('ref_axis',(0.,-1.,0.));
#10277=DIRECTION('center_axis',(1.,0.,0.));
#10278=DIRECTION('ref_axis',(0.,-1.,0.));
#10279=DIRECTION('',(1.,0.,0.));
#10280=DIRECTION('center_axis',(0.707106781186549,0.707106781186546,0.));
#10281=DIRECTION('ref_axis',(0.,0.,-1.));
#10282=DIRECTION('',(0.,0.,1.));
#10283=DIRECTION('',(0.,0.,1.));
#10284=DIRECTION('',(0.707106781186546,-0.707106781186549,0.));
#10285=DIRECTION('center_axis',(1.,0.,0.));
#10286=DIRECTION('ref_axis',(0.,-0.707106781186547,0.707106781186548));
#10287=DIRECTION('center_axis',(-1.,0.,0.));
#10288=DIRECTION('ref_axis',(0.,-0.707106781186547,0.707106781186548));
#10289=DIRECTION('center_axis',(-1.,0.,0.));
#10290=DIRECTION('ref_axis',(0.,-0.707106781186547,0.707106781186548));
#10291=DIRECTION('',(0.707106781186548,9.81307786677359E-17,0.707106781186547));
#10292=DIRECTION('center_axis',(0.707106781186548,0.,-0.707106781186547));
#10293=DIRECTION('ref_axis',(-0.707106781186547,0.,-0.707106781186548));
#10294=DIRECTION('',(0.,1.,0.));
#10295=DIRECTION('',(0.,1.,0.));
#10296=DIRECTION('',(0.707106781186547,0.,0.707106781186548));
#10297=DIRECTION('center_axis',(-1.,0.,0.));
#10298=DIRECTION('ref_axis',(0.,-0.707106781186547,-0.707106781186548));
#10299=DIRECTION('',(-1.,0.,0.));
#10300=DIRECTION('',(1.,0.,0.));
#10301=DIRECTION('center_axis',(0.,0.,-1.));
#10302=DIRECTION('ref_axis',(0.,-1.,0.));
#10303=DIRECTION('',(0.,-1.,0.));
#10304=DIRECTION('',(1.,0.,0.));
#10305=DIRECTION('center_axis',(-1.,0.,0.));
#10306=DIRECTION('ref_axis',(0.,0.707106781186545,-0.70710678118655));
#10307=DIRECTION('center_axis',(-1.,0.,0.));
#10308=DIRECTION('ref_axis',(0.,0.707106781186545,-0.70710678118655));
#10309=DIRECTION('',(-1.,0.,0.));
#10310=DIRECTION('center_axis',(0.,1.,0.));
#10311=DIRECTION('ref_axis',(0.,0.,-1.));
#10312=DIRECTION('',(0.,0.,-1.));
#10313=DIRECTION('',(1.,0.,0.));
#10314=DIRECTION('center_axis',(-1.,0.,0.));
#10315=DIRECTION('ref_axis',(0.,0.707106781186545,0.70710678118655));
#10316=DIRECTION('center_axis',(-1.,0.,0.));
#10317=DIRECTION('ref_axis',(0.,0.707106781186545,0.70710678118655));
#10318=DIRECTION('',(-1.,0.,0.));
#10319=DIRECTION('center_axis',(0.,0.,1.));
#10320=DIRECTION('ref_axis',(0.,1.,0.));
#10321=DIRECTION('',(1.,0.,0.));
#10322=DIRECTION('center_axis',(-1.,0.,0.));
#10323=DIRECTION('ref_axis',(0.,-0.707106781186547,0.707106781186548));
#10324=DIRECTION('',(-1.,0.,0.));
#10325=DIRECTION('center_axis',(0.,-1.,0.));
#10326=DIRECTION('ref_axis',(0.,0.,1.));
#10327=DIRECTION('center_axis',(0.,0.,-1.));
#10328=DIRECTION('ref_axis',(1.,0.,0.));
#10329=DIRECTION('center_axis',(0.,0.,1.));
#10330=DIRECTION('ref_axis',(1.,0.,0.));
#10331=DIRECTION('',(0.642787609686539,7.87187788734199E-17,0.766044443118978));
#10332=DIRECTION('center_axis',(0.,0.,-1.));
#10333=DIRECTION('ref_axis',(1.,0.,0.));
#10334=DIRECTION('center_axis',(0.,0.,-1.));
#10335=DIRECTION('ref_axis',(1.,0.,0.));
#10336=DIRECTION('center_axis',(0.,0.,1.));
#10337=DIRECTION('ref_axis',(1.,0.,0.));
#10338=DIRECTION('',(0.642787609686539,7.87187788734199E-17,0.766044443118978));
#10339=DIRECTION('center_axis',(0.,0.,-1.));
#10340=DIRECTION('ref_axis',(1.,0.,0.));
#10341=DIRECTION('center_axis',(0.,0.,-1.));
#10342=DIRECTION('ref_axis',(1.,0.,0.));
#10343=DIRECTION('center_axis',(0.,0.,1.));
#10344=DIRECTION('ref_axis',(1.,0.,0.));
#10345=DIRECTION('',(0.642787609686539,7.87187788734199E-17,0.766044443118978));
#10346=DIRECTION('center_axis',(0.,0.,-1.));
#10347=DIRECTION('ref_axis',(1.,0.,0.));
#10348=DIRECTION('center_axis',(0.,0.,-1.));
#10349=DIRECTION('ref_axis',(1.,0.,0.));
#10350=DIRECTION('center_axis',(0.,0.,1.));
#10351=DIRECTION('ref_axis',(1.,0.,0.));
#10352=DIRECTION('',(0.642787609686539,7.87187788734199E-17,0.766044443118978));
#10353=DIRECTION('center_axis',(0.,0.,-1.));
#10354=DIRECTION('ref_axis',(-1.,0.,0.));
#10355=DIRECTION('center_axis',(0.,0.,-1.));
#10356=DIRECTION('ref_axis',(-1.,0.,0.));
#10357=DIRECTION('center_axis',(0.,0.,1.));
#10358=DIRECTION('ref_axis',(1.,0.,0.));
#10359=DIRECTION('',(0.,0.,1.));
#10360=DIRECTION('center_axis',(0.,0.,1.));
#10361=DIRECTION('ref_axis',(1.,0.,0.));
#10362=DIRECTION('',(0.,0.,1.));
#10363=DIRECTION('center_axis',(0.,0.,1.));
#10364=DIRECTION('ref_axis',(1.,0.,0.));
#10365=DIRECTION('',(0.,0.,1.));
#10366=DIRECTION('center_axis',(0.,0.,1.));
#10367=DIRECTION('ref_axis',(1.,0.,0.));
#10368=DIRECTION('',(0.,0.,1.));
#10369=DIRECTION('center_axis',(0.,1.,0.));
#10370=DIRECTION('ref_axis',(1.,0.,0.));
#10371=DIRECTION('',(0.,0.,-1.));
#10372=DIRECTION('',(1.,0.,0.));
#10373=DIRECTION('center_axis',(1.,0.,0.));
#10374=DIRECTION('ref_axis',(0.,-1.,0.));
#10375=DIRECTION('',(0.,0.,-1.));
#10376=DIRECTION('',(0.,-1.,0.));
#10377=DIRECTION('center_axis',(0.,-1.,0.));
#10378=DIRECTION('ref_axis',(-1.,0.,0.));
#10379=DIRECTION('',(0.,0.,-1.));
#10380=DIRECTION('',(-1.,0.,0.));
#10381=DIRECTION('center_axis',(0.,0.,-1.));
#10382=DIRECTION('ref_axis',(1.,0.,0.));
#10383=DIRECTION('center_axis',(0.,0.,-1.));
#10384=DIRECTION('ref_axis',(1.,0.,0.));
#10385=DIRECTION('center_axis',(-1.,0.,0.));
#10386=DIRECTION('ref_axis',(0.,1.,0.));
#10387=DIRECTION('',(0.,0.,-1.));
#10388=DIRECTION('',(0.,1.,0.));
#10389=DIRECTION('center_axis',(0.,0.,-1.));
#10390=DIRECTION('ref_axis',(1.,0.,0.));
#10391=DIRECTION('center_axis',(0.,0.,-1.));
#10392=DIRECTION('ref_axis',(1.,0.,0.));
#10393=DIRECTION('center_axis',(0.,0.,-1.));
#10394=DIRECTION('ref_axis',(-1.,0.,0.));
#10395=DIRECTION('center_axis',(0.,0.,-1.));
#10396=DIRECTION('ref_axis',(-1.,0.,0.));
#10397=DIRECTION('',(0.,0.,-1.));
#10398=DIRECTION('center_axis',(0.,0.,-1.));
#10399=DIRECTION('ref_axis',(1.,0.,0.));
#10400=DIRECTION('center_axis',(0.,0.,1.));
#10401=DIRECTION('ref_axis',(-1.,8.8817841970012E-15,0.));
#10402=DIRECTION('',(0.,-1.,0.));
#10403=DIRECTION('center_axis',(0.,0.,-1.));
#10404=DIRECTION('ref_axis',(-1.,8.8817841970012E-15,0.));
#10405=DIRECTION('',(0.,0.,-1.));
#10406=DIRECTION('center_axis',(-1.,0.,0.));
#10407=DIRECTION('ref_axis',(0.,1.,0.));
#10408=DIRECTION('center_axis',(0.,0.,-1.));
#10409=DIRECTION('ref_axis',(1.,0.,0.));
#10410=DIRECTION('',(0.,0.,1.));
#10411=DIRECTION('center_axis',(0.,0.,1.));
#10412=DIRECTION('ref_axis',(1.,0.,0.));
#10413=DIRECTION('center_axis',(0.,0.,-1.));
#10414=DIRECTION('ref_axis',(1.,0.,0.));
#10415=DIRECTION('center_axis',(0.,0.,-1.));
#10416=DIRECTION('ref_axis',(1.,0.,0.));
#10417=DIRECTION('',(0.,0.,1.));
#10418=DIRECTION('center_axis',(0.,0.,1.));
#10419=DIRECTION('ref_axis',(1.,0.,0.));
#10420=DIRECTION('center_axis',(0.,0.,-1.));
#10421=DIRECTION('ref_axis',(1.,0.,0.));
#10422=DIRECTION('center_axis',(0.,0.,-1.));
#10423=DIRECTION('ref_axis',(1.,0.,0.));
#10424=DIRECTION('center_axis',(0.,0.,-1.));
#10425=DIRECTION('ref_axis',(1.,0.,0.));
#10426=DIRECTION('center_axis',(0.,0.,-1.));
#10427=DIRECTION('ref_axis',(1.,0.,0.));
#10428=DIRECTION('',(0.,0.,1.));
#10429=DIRECTION('center_axis',(0.,0.,1.));
#10430=DIRECTION('ref_axis',(1.,0.,0.));
#10431=DIRECTION('center_axis',(0.,0.,-1.));
#10432=DIRECTION('ref_axis',(1.,0.,0.));
#10433=DIRECTION('center_axis',(-1.,0.,0.));
#10434=DIRECTION('ref_axis',(0.,-1.,0.));
#10435=DIRECTION('center_axis',(1.,0.,0.));
#10436=DIRECTION('ref_axis',(0.,-1.,0.));
#10437=DIRECTION('',(0.707106781186548,-0.707106781186548,8.65956056235493E-17));
#10438=DIRECTION('center_axis',(0.,-1.,0.));
#10439=DIRECTION('ref_axis',(-1.,0.,0.));
#10440=DIRECTION('',(0.,-1.,0.));
#10441=DIRECTION('center_axis',(-5.86093127582298E-17,1.,0.));
#10442=DIRECTION('ref_axis',(-1.,0.,0.));
#10443=DIRECTION('center_axis',(0.,0.,1.));
#10444=DIRECTION('ref_axis',(1.,0.,0.));
#10445=DIRECTION('center_axis',(0.,0.,-1.));
#10446=DIRECTION('ref_axis',(5.55111512312581E-15,1.,0.));
#10447=DIRECTION('',(0.,1.,0.));
#10448=DIRECTION('center_axis',(0.,0.,-1.));
#10449=DIRECTION('ref_axis',(-1.,2.77555756156289E-15,0.));
#10450=DIRECTION('',(-1.,-5.86093127582298E-17,0.));
#10451=DIRECTION('center_axis',(0.,0.,-1.));
#10452=DIRECTION('ref_axis',(-5.55111512312581E-15,-1.,0.));
#10453=DIRECTION('',(0.,-1.,0.));
#10454=DIRECTION('center_axis',(0.,0.,-1.));
#10455=DIRECTION('ref_axis',(1.,-2.77555756156289E-15,0.));
#10456=DIRECTION('',(1.,5.86093127582298E-17,0.));
#10457=DIRECTION('center_axis',(1.,0.,0.));
#10458=DIRECTION('ref_axis',(0.,-0.707106781186547,-0.707106781186548));
#10459=DIRECTION('center_axis',(1.,0.,0.));
#10460=DIRECTION('ref_axis',(0.,-0.707106781186547,-0.707106781186548));
#10461=DIRECTION('',(-1.,0.,0.));
#10462=DIRECTION('center_axis',(0.,0.,-1.));
#10463=DIRECTION('ref_axis',(0.,1.,0.));
#10464=DIRECTION('',(0.,1.,0.));
#10465=DIRECTION('',(1.,0.,0.));
#10466=DIRECTION('center_axis',(1.,0.,0.));
#10467=DIRECTION('ref_axis',(0.,0.707106781186548,-0.707106781186547));
#10468=DIRECTION('center_axis',(1.,0.,0.));
#10469=DIRECTION('ref_axis',(0.,0.707106781186548,-0.707106781186547));
#10470=DIRECTION('',(-1.,0.,0.));
#10471=DIRECTION('center_axis',(0.,1.,0.));
#10472=DIRECTION('ref_axis',(0.,0.,1.));
#10473=DIRECTION('',(0.,0.,1.));
#10474=DIRECTION('center_axis',(1.,0.,0.));
#10475=DIRECTION('ref_axis',(0.,-0.707106781186548,0.707106781186548));
#10476=DIRECTION('center_axis',(1.,0.,0.));
#10477=DIRECTION('ref_axis',(0.,-0.707106781186548,0.707106781186548));
#10478=DIRECTION('',(-1.,0.,0.));
#10479=DIRECTION('center_axis',(0.,-1.,0.));
#10480=DIRECTION('ref_axis',(0.,0.,-1.));
#10481=DIRECTION('',(0.,0.,-1.));
#10482=DIRECTION('',(1.,0.,0.));
#10483=DIRECTION('center_axis',(1.,0.,0.));
#10484=DIRECTION('ref_axis',(0.,-0.707106781186548,-0.707106781186547));
#10485=DIRECTION('center_axis',(1.,0.,0.));
#10486=DIRECTION('ref_axis',(0.,-0.707106781186548,-0.707106781186547));
#10487=DIRECTION('',(-1.,0.,0.));
#10488=DIRECTION('center_axis',(0.,1.87882372030615E-17,-1.));
#10489=DIRECTION('ref_axis',(0.,1.,1.87882372030615E-17));
#10490=DIRECTION('',(0.,1.,1.87882372030615E-17));
#10491=DIRECTION('center_axis',(-1.,0.,0.));
#10492=DIRECTION('ref_axis',(0.,-0.70710678118655,0.707106781186545));
#10493=DIRECTION('center_axis',(1.,0.,0.));
#10494=DIRECTION('ref_axis',(0.,-0.70710678118655,0.707106781186545));
#10495=DIRECTION('',(0.707106781186546,0.707106781186549,0.));
#10496=DIRECTION('center_axis',(-0.707106781186549,0.707106781186546,0.));
#10497=DIRECTION('ref_axis',(0.,0.,1.));
#10498=DIRECTION('',(0.,0.,-1.));
#10499=DIRECTION('',(-0.707106781186546,-0.707106781186549,0.));
#10500=DIRECTION('center_axis',(-1.,0.,0.));
#10501=DIRECTION('ref_axis',(0.,-0.70710678118655,-0.707106781186545));
#10502=DIRECTION('center_axis',(1.,0.,0.));
#10503=DIRECTION('ref_axis',(0.,-0.70710678118655,-0.707106781186545));
#10504=DIRECTION('',(-0.707106781186548,0.,-0.707106781186547));
#10505=DIRECTION('center_axis',(-0.707106781186549,0.,0.707106781186546));
#10506=DIRECTION('ref_axis',(0.707106781186546,0.,0.707106781186549));
#10507=DIRECTION('',(0.,1.,0.));
#10508=DIRECTION('center_axis',(1.,0.,0.));
#10509=DIRECTION('ref_axis',(0.,0.707106781186545,0.70710678118655));
#10510=DIRECTION('center_axis',(-1.,0.,0.));
#10511=DIRECTION('ref_axis',(0.,0.707106781186545,0.70710678118655));
#10512=DIRECTION('',(-0.707106781186548,-0.707106781186548,0.));
#10513=DIRECTION('center_axis',(0.707106781186548,-0.707106781186548,0.));
#10514=DIRECTION('ref_axis',(0.,0.,-1.));
#10515=DIRECTION('',(0.,0.,-1.));
#10516=DIRECTION('',(0.707106781186548,0.707106781186548,0.));
#10517=DIRECTION('center_axis',(1.,0.,0.));
#10518=DIRECTION('ref_axis',(0.,0.707106781186545,-0.70710678118655));
#10519=DIRECTION('center_axis',(-1.,0.,0.));
#10520=DIRECTION('ref_axis',(0.,0.707106781186545,-0.70710678118655));
#10521=DIRECTION('',(0.707106781186548,0.,-0.707106781186547));
#10522=DIRECTION('center_axis',(0.707106781186549,0.,0.707106781186546));
#10523=DIRECTION('ref_axis',(0.707106781186546,0.,-0.707106781186549));
#10524=DIRECTION('',(0.,-1.,0.));
#10525=DIRECTION('center_axis',(0.,1.,0.));
#10526=DIRECTION('ref_axis',(-0.707106781186546,0.,0.707106781186549));
#10527=DIRECTION('center_axis',(5.86093127582298E-17,-1.,0.));
#10528=DIRECTION('ref_axis',(-0.707106781186546,0.,0.707106781186549));
#10529=DIRECTION('',(0.707106781186548,-0.707106781186548,-6.54205191118239E-16));
#10530=DIRECTION('center_axis',(0.707106781186548,0.707106781186548,0.));
#10531=DIRECTION('ref_axis',(0.,0.,-1.));
#10532=DIRECTION('',(0.,0.,-1.));
#10533=DIRECTION('',(-0.707106781186548,0.707106781186548,0.));
#10534=DIRECTION('center_axis',(0.,1.,0.));
#10535=DIRECTION('ref_axis',(-0.707106781186546,0.,-0.707106781186549));
#10536=DIRECTION('center_axis',(5.86093127582298E-17,-1.,0.));
#10537=DIRECTION('ref_axis',(-0.707106781186546,0.,-0.707106781186549));
#10538=DIRECTION('',(0.,0.707106781186548,-0.707106781186547));
#10539=DIRECTION('center_axis',(0.,0.707106781186547,0.707106781186548));
#10540=DIRECTION('ref_axis',(1.,0.,0.));
#10541=DIRECTION('',(1.,5.86093127582298E-17,-5.86093127582297E-17));
#10542=DIRECTION('center_axis',(0.,0.,1.));
#10543=DIRECTION('ref_axis',(-0.707106781186547,0.707106781186547,0.));
#10544=DIRECTION('center_axis',(0.,0.,1.));
#10545=DIRECTION('ref_axis',(5.55111512312581E-15,1.,0.));
#10546=DIRECTION('',(0.707106781186547,0.,-0.707106781186547));
#10547=DIRECTION('center_axis',(-0.707106781186548,0.,-0.707106781186548));
#10548=DIRECTION('ref_axis',(-0.707106781186548,0.,0.707106781186548));
#10549=DIRECTION('',(0.,-1.,0.));
#10550=DIRECTION('',(0.707106781186546,0.,-0.707106781186549));
#10551=DIRECTION('center_axis',(0.,0.,1.));
#10552=DIRECTION('ref_axis',(-0.707106781186547,-0.707106781186547,0.));
#10553=DIRECTION('center_axis',(0.,0.,1.));
#10554=DIRECTION('ref_axis',(-1.,2.77555756156289E-15,0.));
#10555=DIRECTION('',(0.,0.707106781186547,-0.707106781186547));
#10556=DIRECTION('center_axis',(0.,-0.707106781186548,-0.707106781186548));
#10557=DIRECTION('ref_axis',(-1.,0.,0.));
#10558=DIRECTION('',(1.,5.86093127582298E-17,-5.86093127582298E-17));
#10559=DIRECTION('center_axis',(1.,0.,0.));
#10560=DIRECTION('ref_axis',(0.,1.,0.));
#10561=DIRECTION('',(0.,0.,1.));
#10562=DIRECTION('',(0.,0.,1.));
#10563=DIRECTION('center_axis',(0.,0.,1.));
#10564=DIRECTION('ref_axis',(1.,-2.77555756156289E-15,0.));
#10565=DIRECTION('',(0.,0.,1.));
#10566=DIRECTION('center_axis',(-5.86093127582298E-17,1.,0.));
#10567=DIRECTION('ref_axis',(-1.,-5.86093127582298E-17,0.));
#10568=DIRECTION('',(0.,0.,1.));
#10569=DIRECTION('center_axis',(0.,0.,1.));
#10570=DIRECTION('ref_axis',(5.55111512312581E-15,1.,0.));
#10571=DIRECTION('',(0.,0.,1.));
#10572=DIRECTION('center_axis',(-1.,0.,0.));
#10573=DIRECTION('ref_axis',(0.,-1.,0.));
#10574=DIRECTION('',(0.,0.,-1.));
#10575=DIRECTION('center_axis',(5.86093127582298E-17,-1.,0.));
#10576=DIRECTION('ref_axis',(1.,5.86093127582298E-17,0.));
#10577=DIRECTION('',(0.,0.,1.));
#10578=DIRECTION('',(0.,0.,1.));
#10579=DIRECTION('center_axis',(0.,0.,1.));
#10580=DIRECTION('ref_axis',(-1.,2.77555756156289E-15,0.));
#10581=DIRECTION('center_axis',(0.,0.,1.));
#10582=DIRECTION('ref_axis',(-5.55111512312581E-15,-1.,0.));
#10583=DIRECTION('center_axis',(-0.707106781186548,0.,0.707106781186548));
#10584=DIRECTION('ref_axis',(0.707106781186548,0.,0.707106781186548));
#10585=DIRECTION('',(0.707106781186548,0.,0.707106781186548));
#10586=DIRECTION('',(0.,1.,0.));
#10587=DIRECTION('',(-0.707106781186548,0.,-0.707106781186548));
#10588=DIRECTION('',(0.,-1.,0.));
#10589=DIRECTION('center_axis',(0.,0.,-1.));
#10590=DIRECTION('ref_axis',(-1.,0.,0.));
#10591=DIRECTION('center_axis',(0.,0.,1.));
#10592=DIRECTION('ref_axis',(1.,0.,0.));
#10593=DIRECTION('center_axis',(0.,0.,-1.));
#10594=DIRECTION('ref_axis',(-1.,0.,0.));
#10595=DIRECTION('center_axis',(0.,0.,1.));
#10596=DIRECTION('ref_axis',(1.,0.,0.));
#10597=DIRECTION('center_axis',(0.,0.,-1.));
#10598=DIRECTION('ref_axis',(-1.,0.,0.));
#10599=DIRECTION('center_axis',(0.,0.,1.));
#10600=DIRECTION('ref_axis',(1.,0.,0.));
#10601=DIRECTION('center_axis',(0.,0.,1.));
#10602=DIRECTION('ref_axis',(1.,0.,0.));
#10603=DIRECTION('',(0.,0.,-1.));
#10604=DIRECTION('center_axis',(0.,0.,-1.));
#10605=DIRECTION('ref_axis',(1.,0.,0.));
#10606=DIRECTION('center_axis',(0.,0.,1.));
#10607=DIRECTION('ref_axis',(1.,0.,0.));
#10608=DIRECTION('',(0.,0.,-1.));
#10609=DIRECTION('center_axis',(0.,0.,-1.));
#10610=DIRECTION('ref_axis',(1.,0.,0.));
#10611=DIRECTION('center_axis',(0.,0.,1.));
#10612=DIRECTION('ref_axis',(1.,0.,0.));
#10613=DIRECTION('',(0.,0.,-1.));
#10614=DIRECTION('center_axis',(0.,0.,-1.));
#10615=DIRECTION('ref_axis',(1.,0.,0.));
#10616=DIRECTION('center_axis',(0.707106781186547,0.,-0.707106781186548));
#10617=DIRECTION('ref_axis',(-0.707106781186548,0.,-0.707106781186547));
#10618=DIRECTION('',(0.,-1.,0.));
#10619=DIRECTION('',(0.577350269189626,-0.577350269189626,0.577350269189626));
#10620=DIRECTION('',(0.,1.,0.));
#10621=DIRECTION('',(0.577350269189626,0.577350269189626,0.577350269189626));
#10622=DIRECTION('center_axis',(0.,0.707106781186547,-0.707106781186548));
#10623=DIRECTION('ref_axis',(-1.,0.,0.));
#10624=DIRECTION('',(-1.,0.,0.));
#10625=DIRECTION('',(-0.577350269189626,0.577350269189626,0.577350269189626));
#10626=DIRECTION('',(1.,0.,0.));
#10627=DIRECTION('center_axis',(0.,0.,-1.));
#10628=DIRECTION('ref_axis',(1.,0.,0.));
#10629=DIRECTION('',(1.,0.,0.));
#10630=DIRECTION('center_axis',(0.,0.,1.));
#10631=DIRECTION('ref_axis',(-1.,0.,0.));
#10632=DIRECTION('',(0.,-1.,0.));
#10633=DIRECTION('center_axis',(0.,0.707106781186547,-0.707106781186548));
#10634=DIRECTION('ref_axis',(-1.,0.,0.));
#10635=DIRECTION('',(1.,0.,0.));
#10636=DIRECTION('',(0.577350269189626,0.577350269189626,0.577350269189626));
#10637=DIRECTION('',(-1.,0.,0.));
#10638=DIRECTION('',(-0.577350269189626,0.577350269189626,0.577350269189626));
#10639=DIRECTION('center_axis',(-0.707106781186547,0.,-0.707106781186548));
#10640=DIRECTION('ref_axis',(-0.707106781186548,0.,0.707106781186547));
#10641=DIRECTION('',(0.,-1.,0.));
#10642=DIRECTION('',(-0.577350269189626,-0.577350269189626,0.577350269189626));
#10643=DIRECTION('',(0.,1.,0.));
#10644=DIRECTION('center_axis',(0.,0.,-1.));
#10645=DIRECTION('ref_axis',(1.,0.,0.));
#10646=DIRECTION('',(0.,1.,0.));
#10647=DIRECTION('center_axis',(0.,0.,1.));
#10648=DIRECTION('ref_axis',(1.,0.,0.));
#10649=DIRECTION('',(1.,0.,0.));
#10650=DIRECTION('center_axis',(-0.707106781186547,0.,-0.707106781186548));
#10651=DIRECTION('ref_axis',(-0.707106781186548,0.,0.707106781186547));
#10652=DIRECTION('',(0.,-1.,0.));
#10653=DIRECTION('',(-0.577350269189626,-0.577350269189626,0.577350269189626));
#10654=DIRECTION('',(0.,1.,0.));
#10655=DIRECTION('',(-0.577350269189626,0.577350269189626,0.577350269189626));
#10656=DIRECTION('center_axis',(0.,-0.707106781186547,-0.707106781186548));
#10657=DIRECTION('ref_axis',(-1.,0.,0.));
#10658=DIRECTION('',(-1.,0.,0.));
#10659=DIRECTION('',(1.,0.,0.));
#10660=DIRECTION('',(0.577350269189626,-0.577350269189626,0.577350269189626));
#10661=DIRECTION('center_axis',(0.,0.,-1.));
#10662=DIRECTION('ref_axis',(1.,0.,0.));
#10663=DIRECTION('',(-1.,0.,0.));
#10664=DIRECTION('center_axis',(0.,0.,1.));
#10665=DIRECTION('ref_axis',(1.,0.,0.));
#10666=DIRECTION('',(0.,1.,0.));
#10667=DIRECTION('center_axis',(0.,-0.70710678118655,-0.707106781186545));
#10668=DIRECTION('ref_axis',(-1.,0.,0.));
#10669=DIRECTION('',(-1.,0.,0.));
#10670=DIRECTION('',(-0.577350269189624,-0.577350269189624,0.577350269189629));
#10671=DIRECTION('',(1.,0.,0.));
#10672=DIRECTION('',(-0.57735026918963,0.577350269189622,-0.577350269189626));
#10673=DIRECTION('center_axis',(0.707106781186545,0.,-0.70710678118655));
#10674=DIRECTION('ref_axis',(-0.70710678118655,0.,-0.707106781186545));
#10675=DIRECTION('',(0.,1.,0.));
#10676=DIRECTION('',(0.57735026918963,0.577350269189622,0.577350269189626));
#10677=DIRECTION('',(0.,-1.,0.));
#10678=DIRECTION('center_axis',(0.,0.,1.));
#10679=DIRECTION('ref_axis',(-1.,0.,0.));
#10680=DIRECTION('',(0.,-1.,0.));
#10681=DIRECTION('center_axis',(0.,0.,1.));
#10682=DIRECTION('ref_axis',(-0.707106781186548,0.707106781186548,0.));
#10683=DIRECTION('',(-1.,0.,0.));
#10684=DIRECTION('center_axis',(0.,0.,1.));
#10685=DIRECTION('ref_axis',(1.,0.,0.));
#10686=DIRECTION('',(-1.,0.,0.));
#10687=DIRECTION('',(0.,-1.,0.));
#10688=DIRECTION('',(1.,1.72121370738095E-16,0.));
#10689=DIRECTION('center_axis',(0.,0.,1.));
#10690=DIRECTION('ref_axis',(1.,0.,0.));
#10691=DIRECTION('',(-1.,-7.37130545018152E-17,0.));
#10692=DIRECTION('',(0.,-1.,0.));
#10693=DIRECTION('',(1.,0.,0.));
#10694=DIRECTION('center_axis',(0.,0.,1.));
#10695=DIRECTION('ref_axis',(1.,0.,0.));
#10696=DIRECTION('',(-1.,0.,0.));
#10697=DIRECTION('',(0.,-1.,0.));
#10698=DIRECTION('',(1.,1.52738730214062E-16,0.));
#10699=DIRECTION('center_axis',(1.,0.,0.));
#10700=DIRECTION('ref_axis',(0.,1.,0.));
#10701=DIRECTION('',(0.,0.,1.));
#10702=DIRECTION('',(0.,-1.,0.));
#10703=DIRECTION('',(0.,0.,-1.));
#10704=DIRECTION('center_axis',(0.,-0.707106781186547,-0.707106781186548));
#10705=DIRECTION('ref_axis',(-1.,0.,0.));
#10706=DIRECTION('',(-1.,0.,0.));
#10707=DIRECTION('',(0.,-0.707106781186548,0.707106781186547));
#10708=DIRECTION('center_axis',(0.,0.,1.));
#10709=DIRECTION('ref_axis',(-1.,0.,0.));
#10710=DIRECTION('',(-0.707106781186548,0.,0.707106781186547));
#10711=DIRECTION('center_axis',(0.,0.,-1.));
#10712=DIRECTION('ref_axis',(-1.,0.,0.));
#10713=DIRECTION('center_axis',(0.,1.,0.));
#10714=DIRECTION('ref_axis',(-1.,0.,0.));
#10715=DIRECTION('',(0.,0.,1.));
#10716=DIRECTION('',(1.,0.,0.));
#10717=DIRECTION('center_axis',(-0.707106781186547,0.,-0.707106781186548));
#10718=DIRECTION('ref_axis',(-0.707106781186548,0.,0.707106781186547));
#10719=DIRECTION('',(0.,1.,0.));
#10720=DIRECTION('center_axis',(0.,-1.,0.));
#10721=DIRECTION('ref_axis',(1.,0.,0.));
#10722=DIRECTION('',(0.,0.,1.));
#10723=DIRECTION('',(1.,0.,0.));
#10724=DIRECTION('',(0.,0.,1.));
#10725=DIRECTION('',(1.,0.,0.));
#10726=DIRECTION('center_axis',(0.,1.,0.));
#10727=DIRECTION('ref_axis',(-1.,0.,0.));
#10728=DIRECTION('',(0.,0.,-1.));
#10729=DIRECTION('',(1.,0.,0.));
#10730=DIRECTION('',(0.,0.,-1.));
#10731=DIRECTION('center_axis',(0.707106781186547,0.,-0.707106781186548));
#10732=DIRECTION('ref_axis',(-0.707106781186548,0.,-0.707106781186547));
#10733=DIRECTION('',(0.,-1.,0.));
#10734=DIRECTION('',(0.707106781186548,0.,0.707106781186547));
#10735=DIRECTION('center_axis',(0.,0.,1.));
#10736=DIRECTION('ref_axis',(1.,0.,0.));
#10737=DIRECTION('',(0.,-0.707106781186548,0.707106781186547));
#10738=DIRECTION('center_axis',(0.,0.,-1.));
#10739=DIRECTION('ref_axis',(1.,0.,0.));
#10740=DIRECTION('center_axis',(-1.,0.,0.));
#10741=DIRECTION('ref_axis',(0.,-1.,0.));
#10742=DIRECTION('',(0.,0.,1.));
#10743=DIRECTION('',(0.,1.,0.));
#10744=DIRECTION('center_axis',(0.,-0.707106781186547,-0.707106781186548));
#10745=DIRECTION('ref_axis',(-1.,0.,0.));
#10746=DIRECTION('',(-1.,0.,0.));
#10747=DIRECTION('center_axis',(1.,0.,0.));
#10748=DIRECTION('ref_axis',(0.,1.,0.));
#10749=DIRECTION('',(0.,0.,-1.));
#10750=DIRECTION('',(0.,1.,0.));
#10751=DIRECTION('',(0.,0.,1.));
#10752=DIRECTION('',(0.,1.,0.));
#10753=DIRECTION('center_axis',(-1.,0.,0.));
#10754=DIRECTION('ref_axis',(0.,-1.,0.));
#10755=DIRECTION('',(0.,0.,-1.));
#10756=DIRECTION('',(0.,1.,0.));
#10757=DIRECTION('',(0.,0.,-1.));
#10758=DIRECTION('center_axis',(0.,0.707106781186547,-0.707106781186548));
#10759=DIRECTION('ref_axis',(-1.,0.,0.));
#10760=DIRECTION('',(1.,0.,0.));
#10761=DIRECTION('',(0.,0.707106781186548,0.707106781186547));
#10762=DIRECTION('center_axis',(0.,0.,1.));
#10763=DIRECTION('ref_axis',(1.,0.,0.));
#10764=DIRECTION('',(0.707106781186548,0.,0.707106781186547));
#10765=DIRECTION('center_axis',(0.,0.,-1.));
#10766=DIRECTION('ref_axis',(1.,0.,0.));
#10767=DIRECTION('center_axis',(0.,-1.,0.));
#10768=DIRECTION('ref_axis',(1.,0.,0.));
#10769=DIRECTION('',(0.,0.,1.));
#10770=DIRECTION('',(-1.,0.,0.));
#10771=DIRECTION('center_axis',(0.707106781186547,0.,-0.707106781186548));
#10772=DIRECTION('ref_axis',(-0.707106781186548,0.,-0.707106781186547));
#10773=DIRECTION('',(0.,-1.,0.));
#10774=DIRECTION('center_axis',(0.,1.,0.));
#10775=DIRECTION('ref_axis',(-1.,0.,0.));
#10776=DIRECTION('',(0.,0.,-1.));
#10777=DIRECTION('',(-1.,0.,0.));
#10778=DIRECTION('',(0.,0.,1.));
#10779=DIRECTION('',(-1.,0.,0.));
#10780=DIRECTION('center_axis',(0.,-1.,0.));
#10781=DIRECTION('ref_axis',(1.,0.,0.));
#10782=DIRECTION('',(0.,0.,-1.));
#10783=DIRECTION('',(-1.,0.,0.));
#10784=DIRECTION('',(0.,0.,-1.));
#10785=DIRECTION('center_axis',(-0.70710678118655,0.,-0.707106781186545));
#10786=DIRECTION('ref_axis',(-0.707106781186545,0.,0.70710678118655));
#10787=DIRECTION('',(0.,1.,0.));
#10788=DIRECTION('',(-0.70710678118654,0.,0.707106781186555));
#10789=DIRECTION('center_axis',(0.,0.,1.));
#10790=DIRECTION('ref_axis',(-0.707106781186548,0.707106781186548,0.));
#10791=DIRECTION('center_axis',(0.,0.,-1.));
#10792=DIRECTION('ref_axis',(-0.707106781186547,0.707106781186547,0.));
#10793=DIRECTION('',(0.,0.707106781186545,0.70710678118655));
#10794=DIRECTION('center_axis',(1.,0.,0.));
#10795=DIRECTION('ref_axis',(0.,1.,0.));
#10796=DIRECTION('',(0.,0.,1.));
#10797=DIRECTION('',(0.,-1.,0.));
#10798=DIRECTION('center_axis',(0.,0.70710678118655,-0.707106781186545));
#10799=DIRECTION('ref_axis',(-1.,0.,0.));
#10800=DIRECTION('',(1.,0.,0.));
#10801=DIRECTION('center_axis',(-1.,0.,0.));
#10802=DIRECTION('ref_axis',(0.,-1.,0.));
#10803=DIRECTION('',(0.,0.,1.));
#10804=DIRECTION('',(0.,-1.,0.));
#10805=DIRECTION('',(0.,0.,-1.));
#10806=DIRECTION('',(0.,-1.,0.));
#10807=DIRECTION('center_axis',(1.,0.,0.));
#10808=DIRECTION('ref_axis',(0.,-1.,0.));
#10809=DIRECTION('',(0.,-1.,0.));
#10810=DIRECTION('',(0.,0.,-1.));
#10811=DIRECTION('',(0.,1.,0.));
#10812=DIRECTION('',(0.,0.,-1.));
#10813=DIRECTION('center_axis',(-1.72121370738095E-16,1.,0.));
#10814=DIRECTION('ref_axis',(1.,1.72121370738095E-16,0.));
#10815=DIRECTION('',(0.,0.,-1.));
#10816=DIRECTION('',(1.,1.72121370738095E-16,0.));
#10817=DIRECTION('',(0.,0.,-1.));
#10818=DIRECTION('',(0.,0.,-1.));
#10819=DIRECTION('',(0.,0.,-1.));
#10820=DIRECTION('',(0.,0.,-1.));
#10821=DIRECTION('',(0.,0.,-1.));
#10822=DIRECTION('center_axis',(0.,-1.,0.));
#10823=DIRECTION('ref_axis',(-1.,0.,0.));
#10824=DIRECTION('',(-1.,0.,0.));
#10825=DIRECTION('',(0.,0.,-1.));
#10826=DIRECTION('center_axis',(1.,0.,0.));
#10827=DIRECTION('ref_axis',(0.,-1.,0.));
#10828=DIRECTION('',(0.,-1.,0.));
#10829=DIRECTION('center_axis',(0.,1.,0.));
#10830=DIRECTION('ref_axis',(1.,0.,0.));
#10831=DIRECTION('',(0.,0.,-1.));
#10832=DIRECTION('',(1.,0.,0.));
#10833=DIRECTION('',(0.,0.,-1.));
#10834=DIRECTION('',(0.,0.,-1.));
#10835=DIRECTION('',(0.,0.,-1.));
#10836=DIRECTION('',(0.,0.,-1.));
#10837=DIRECTION('',(0.,0.,-1.));
#10838=DIRECTION('center_axis',(7.37130545018152E-17,-1.,0.));
#10839=DIRECTION('ref_axis',(-1.,-7.37130545018152E-17,0.));
#10840=DIRECTION('',(-1.,-7.37130545018152E-17,0.));
#10841=DIRECTION('',(0.,0.,-1.));
#10842=DIRECTION('center_axis',(1.,0.,0.));
#10843=DIRECTION('ref_axis',(0.,-1.,0.));
#10844=DIRECTION('',(0.,-1.,0.));
#10845=DIRECTION('center_axis',(-1.52738730214062E-16,1.,0.));
#10846=DIRECTION('ref_axis',(1.,1.52738730214062E-16,0.));
#10847=DIRECTION('',(0.,0.,-1.));
#10848=DIRECTION('',(1.,1.52738730214062E-16,0.));
#10849=DIRECTION('',(0.,0.,-1.));
#10850=DIRECTION('',(0.,0.,-1.));
#10851=DIRECTION('',(0.,0.,-1.));
#10852=DIRECTION('',(0.,0.,-1.));
#10853=DIRECTION('',(0.,0.,-1.));
#10854=DIRECTION('center_axis',(0.,-1.,0.));
#10855=DIRECTION('ref_axis',(-1.,0.,0.));
#10856=DIRECTION('',(-1.,0.,0.));
#10857=DIRECTION('',(0.,0.,-1.));
#10858=DIRECTION('center_axis',(1.,0.,0.));
#10859=DIRECTION('ref_axis',(0.,-1.,0.));
#10860=DIRECTION('',(0.,-1.,0.));
#10861=DIRECTION('center_axis',(0.939692620785908,0.,-0.342020143325669));
#10862=DIRECTION('ref_axis',(-0.342020143325669,0.,-0.939692620785908));
#10863=DIRECTION('',(0.321729153216698,-0.339314150760918,0.883943583643133));
#10864=DIRECTION('',(0.,1.,0.));
#10865=DIRECTION('',(-0.321729153216698,-0.339314150760919,-0.883943583643132));
#10866=DIRECTION('',(0.342020143325669,0.,0.939692620785908));
#10867=DIRECTION('',(-0.342020143325669,-1.02413115500234E-15,-0.939692620785908));
#10868=DIRECTION('center_axis',(0.,0.933580426497202,-0.358367949545301));
#10869=DIRECTION('ref_axis',(0.,0.358367949545301,0.933580426497202));
#10870=DIRECTION('',(-1.,0.,0.));
#10871=DIRECTION('',(-0.321729153216697,0.339314150760919,0.883943583643132));
#10872=DIRECTION('',(1.,0.,0.));
#10873=DIRECTION('center_axis',(-0.939692620785908,0.,-0.342020143325669));
#10874=DIRECTION('ref_axis',(-0.342020143325669,0.,0.939692620785908));
#10875=DIRECTION('',(0.321729153216697,0.339314150760919,-0.883943583643132));
#10876=DIRECTION('',(-0.342020143325669,-1.02413115500234E-15,0.939692620785908));
#10877=DIRECTION('',(0.,1.,0.));
#10878=DIRECTION('',(0.342020143325669,0.,-0.939692620785908));
#10879=DIRECTION('',(0.,-1.,0.));
#10880=DIRECTION('center_axis',(2.79547511786683E-15,-0.933580426497202,
-0.3583679495453));
#10881=DIRECTION('ref_axis',(0.,0.3583679495453,-0.933580426497202));
#10882=DIRECTION('',(1.,2.99435917733993E-15,0.));
#10883=DIRECTION('',(-1.,-2.99435917733993E-15,0.));
#10884=DIRECTION('center_axis',(0.,0.,1.));
#10885=DIRECTION('ref_axis',(1.,0.,0.));
#10886=DIRECTION('center_axis',(0.,0.,1.));
#10887=DIRECTION('ref_axis',(5.55111512312581E-15,1.,0.));
#10888=DIRECTION('',(-1.,-5.86093127582298E-17,0.));
#10889=DIRECTION('center_axis',(0.,0.,1.));
#10890=DIRECTION('ref_axis',(1.,-2.77555756156289E-15,0.));
#10891=DIRECTION('',(0.,1.,0.));
#10892=DIRECTION('center_axis',(0.,0.,1.));
#10893=DIRECTION('ref_axis',(-5.55111512312581E-15,-1.,0.));
#10894=DIRECTION('',(1.,5.86093127582298E-17,0.));
#10895=DIRECTION('center_axis',(0.,0.,1.));
#10896=DIRECTION('ref_axis',(-1.,2.77555756156289E-15,0.));
#10897=DIRECTION('',(0.,-1.,0.));
#10898=DIRECTION('',(1.,0.,0.));
#10899=DIRECTION('',(1.,0.,0.));
#10900=DIRECTION('',(0.,1.,0.));
#10901=DIRECTION('',(0.,1.,0.));
#10902=DIRECTION('',(-1.,0.,0.));
#10903=DIRECTION('',(-1.,0.,0.));
#10904=DIRECTION('',(0.,-1.,0.));
#10905=DIRECTION('',(0.,-1.,0.));
#10906=DIRECTION('center_axis',(0.,-1.,0.));
#10907=DIRECTION('ref_axis',(1.,0.,0.));
#10908=DIRECTION('',(0.707106781186547,0.,-0.707106781186548));
#10909=DIRECTION('',(1.,0.,0.));
#10910=DIRECTION('',(0.,0.,1.));
#10911=DIRECTION('center_axis',(0.,0.,1.));
#10912=DIRECTION('ref_axis',(1.,0.,0.));
#10913=DIRECTION('center_axis',(0.,0.,1.));
#10914=DIRECTION('ref_axis',(1.,0.,0.));
#10915=DIRECTION('',(0.,0.,1.));
#10916=DIRECTION('center_axis',(-1.,0.,0.));
#10917=DIRECTION('ref_axis',(0.,-1.,0.));
#10918=DIRECTION('',(0.,-1.,0.));
#10919=DIRECTION('',(0.,-0.707106781186547,0.707106781186548));
#10920=DIRECTION('center_axis',(0.,-0.707106781186548,-0.707106781186547));
#10921=DIRECTION('ref_axis',(-1.,0.,0.));
#10922=DIRECTION('',(-1.,0.,0.));
#10923=DIRECTION('',(0.,-0.707106781186547,0.707106781186548));
#10924=DIRECTION('center_axis',(1.,0.,0.));
#10925=DIRECTION('ref_axis',(0.,1.,0.));
#10926=DIRECTION('',(0.,-1.,0.));
#10927=DIRECTION('',(0.,0.,1.));
#10928=DIRECTION('center_axis',(0.,0.,1.));
#10929=DIRECTION('ref_axis',(1.,0.,0.));
#10930=DIRECTION('center_axis',(0.,0.,-1.));
#10931=DIRECTION('ref_axis',(1.,0.,0.));
#10932=DIRECTION('',(0.,0.,1.));
#10933=DIRECTION('center_axis',(0.,-1.,0.));
#10934=DIRECTION('ref_axis',(1.,0.,0.));
#10935=DIRECTION('',(-1.,0.,0.));
#10936=DIRECTION('',(-0.707106781186547,0.,-0.707106781186548));
#10937=DIRECTION('center_axis',(0.707106781186548,0.,-0.707106781186547));
#10938=DIRECTION('ref_axis',(-0.707106781186547,0.,-0.707106781186548));
#10939=DIRECTION('',(-0.707106781186547,0.,-0.707106781186548));
#10940=DIRECTION('',(0.,-1.,0.));
#10941=DIRECTION('center_axis',(0.,1.,0.));
#10942=DIRECTION('ref_axis',(-1.,0.,0.));
#10943=DIRECTION('',(-1.,0.,0.));
#10944=DIRECTION('',(0.,0.,1.));
#10945=DIRECTION('center_axis',(0.,0.,1.));
#10946=DIRECTION('ref_axis',(1.,0.,0.));
#10947=DIRECTION('center_axis',(0.,0.,1.));
#10948=DIRECTION('ref_axis',(1.,0.,0.));
#10949=DIRECTION('',(0.,0.,1.));
#10950=DIRECTION('center_axis',(1.,0.,0.));
#10951=DIRECTION('ref_axis',(0.,1.,0.));
#10952=DIRECTION('',(0.,1.,0.));
#10953=DIRECTION('',(0.,0.707106781186547,0.707106781186548));
#10954=DIRECTION('center_axis',(0.,0.707106781186548,-0.707106781186547));
#10955=DIRECTION('ref_axis',(-1.,0.,0.));
#10956=DIRECTION('',(0.,-0.707106781186547,-0.707106781186548));
#10957=DIRECTION('',(1.,0.,0.));
#10958=DIRECTION('center_axis',(-1.,0.,0.));
#10959=DIRECTION('ref_axis',(0.,-1.,0.));
#10960=DIRECTION('',(0.,-1.,0.));
#10961=DIRECTION('',(0.,0.,1.));
#10962=DIRECTION('center_axis',(0.,0.,1.));
#10963=DIRECTION('ref_axis',(-0.707106781186547,0.707106781186547,0.));
#10964=DIRECTION('center_axis',(0.,0.,1.));
#10965=DIRECTION('ref_axis',(-0.707106781186547,0.707106781186547,0.));
#10966=DIRECTION('',(0.,0.,-1.));
#10967=DIRECTION('center_axis',(0.,1.,0.));
#10968=DIRECTION('ref_axis',(-1.,0.,0.));
#10969=DIRECTION('',(-1.,0.,0.));
#10970=DIRECTION('',(-0.707106781186547,0.,0.707106781186548));
#10971=DIRECTION('center_axis',(-0.707106781186548,0.,-0.707106781186547));
#10972=DIRECTION('ref_axis',(-0.707106781186547,0.,0.707106781186548));
#10973=DIRECTION('',(-0.707106781186547,0.,0.707106781186548));
#10974=DIRECTION('',(0.,1.,0.));
#10975=DIRECTION('',(0.,1.,0.));
#10976=DIRECTION('',(0.707106781186547,2.11733167960524E-15,-0.707106781186548));
#10977=DIRECTION('center_axis',(2.99435917733993E-15,-1.,0.));
#10978=DIRECTION('ref_axis',(-1.,-2.99435917733993E-15,0.));
#10979=DIRECTION('',(1.,2.99435917733993E-15,0.));
#10980=DIRECTION('',(0.,0.,-1.));
#10981=DIRECTION('center_axis',(-1.,0.,0.));
#10982=DIRECTION('ref_axis',(0.,1.,0.));
#10983=DIRECTION('',(0.,-1.,0.));
#10984=DIRECTION('',(0.,0.,-1.));
#10985=DIRECTION('center_axis',(0.,1.,0.));
#10986=DIRECTION('ref_axis',(1.,0.,0.));
#10987=DIRECTION('',(-1.,0.,0.));
#10988=DIRECTION('center_axis',(-3.13891335125159E-16,1.,0.));
#10989=DIRECTION('ref_axis',(1.,3.13891335125159E-16,0.));
#10990=DIRECTION('',(1.,3.13891335125159E-16,0.));
#10991=DIRECTION('',(0.,0.,-1.));
#10992=DIRECTION('',(-1.,-3.13891335125159E-16,0.));
#10993=DIRECTION('',(0.,0.,-1.));
#10994=DIRECTION('center_axis',(0.,0.,-1.));
#10995=DIRECTION('ref_axis',(-4.4408920985006E-15,1.,0.));
#10996=DIRECTION('center_axis',(0.,0.,-1.));
#10997=DIRECTION('ref_axis',(-4.4408920985006E-15,1.,0.));
#10998=DIRECTION('',(0.,0.,-1.));
#10999=DIRECTION('center_axis',(0.,0.,1.));
#11000=DIRECTION('ref_axis',(-4.4408920985006E-15,1.,0.));
#11001=DIRECTION('center_axis',(-1.,0.,0.));
#11002=DIRECTION('ref_axis',(0.,1.,0.));
#11003=DIRECTION('',(0.,1.,0.));
#11004=DIRECTION('',(0.,0.,-1.));
#11005=DIRECTION('',(0.,-1.,0.));
#11006=DIRECTION('center_axis',(0.,0.,-1.));
#11007=DIRECTION('ref_axis',(-1.,0.,0.));
#11008=DIRECTION('center_axis',(0.,0.,-1.));
#11009=DIRECTION('ref_axis',(-1.,0.,0.));
#11010=DIRECTION('',(0.,0.,-1.));
#11011=DIRECTION('center_axis',(0.,0.,1.));
#11012=DIRECTION('ref_axis',(-1.,0.,0.));
#11013=DIRECTION('center_axis',(0.,0.,1.));
#11014=DIRECTION('ref_axis',(-1.,0.,0.));
#11015=DIRECTION('',(-0.998290473647546,-0.0584476708223587,0.));
#11016=DIRECTION('',(0.998043563730623,0.0625223551689938,0.));
#11017=DIRECTION('center_axis',(0.,0.,1.));
#11018=DIRECTION('ref_axis',(-1.,0.,0.));
#11019=DIRECTION('',(0.071977216757679,0.997406276432938,0.));
#11020=DIRECTION('',(0.991312767946299,0.131525648094382,0.));
#11021=DIRECTION('',(-0.984316774764732,0.176409996646322,0.));
#11022=DIRECTION('center_axis',(0.,0.,1.));
#11023=DIRECTION('ref_axis',(-1.,0.,0.));
#11024=DIRECTION('',(0.,-1.,0.));
#11025=DIRECTION('',(1.,1.06629114917991E-16,0.));
#11026=DIRECTION('',(-0.996744969301462,0.0806192667557011,0.));
#11027=DIRECTION('',(-1.,-1.10992029291685E-16,0.));
#11028=DIRECTION('center_axis',(0.,0.,-1.));
#11029=DIRECTION('ref_axis',(-1.,0.,0.));
#11030=DIRECTION('',(0.,1.,0.));
#11031=DIRECTION('',(-1.,-1.09734829979998E-16,0.));
#11032=DIRECTION('',(0.,-1.,0.));
#11033=DIRECTION('',(1.,8.67213956336122E-17,0.));
#11034=DIRECTION('',(0.,-1.,0.));
#11035=DIRECTION('',(-1.,-9.61931226234253E-17,0.));
#11036=DIRECTION('',(0.,-1.,0.));
#11037=DIRECTION('',(1.,9.61931226234253E-17,0.));
#11038=DIRECTION('',(0.,-1.,0.));
#11039=DIRECTION('',(-1.,-8.92317588200077E-17,0.));
#11040=DIRECTION('',(0.,-1.,0.));
#11041=DIRECTION('',(1.,1.11723440098287E-16,0.));
#11042=DIRECTION('center_axis',(0.,0.,-1.));
#11043=DIRECTION('ref_axis',(-1.,0.,0.));
#11044=DIRECTION('',(-0.353307871668326,0.935507107304481,0.));
#11045=DIRECTION('',(-1.,0.,0.));
#11046=DIRECTION('',(-0.348090730498443,-0.937460848964403,0.));
#11047=DIRECTION('',(1.,0.,0.));
#11048=DIRECTION('',(0.294997999497335,0.955497870375738,0.));
#11049=DIRECTION('',(0.298493862397381,-0.954411553844092,0.));
#11050=DIRECTION('',(1.,0.,0.));
#11051=DIRECTION('center_axis',(0.,0.,-1.));
#11052=DIRECTION('ref_axis',(-1.,0.,0.));
#11053=DIRECTION('',(0.,1.,0.));
#11054=DIRECTION('',(-1.,-1.14554273106054E-16,0.));
#11055=DIRECTION('',(0.,-1.,0.));
#11056=DIRECTION('',(1.,9.30753468986688E-17,0.));
#11057=DIRECTION('center_axis',(0.,0.,1.));
#11058=DIRECTION('ref_axis',(-1.,0.,0.));
#11059=DIRECTION('',(0.,1.,0.));
#11060=DIRECTION('',(-1.,-1.73442791267224E-16,0.));
#11061=DIRECTION('',(1.,1.59943672376987E-16,0.));
#11062=DIRECTION('center_axis',(0.,0.,1.));
#11063=DIRECTION('ref_axis',(-1.,0.,0.));
#11064=DIRECTION('',(0.,1.,0.));
#11065=DIRECTION('',(-1.,0.,0.));
#11066=DIRECTION('',(0.,-1.,0.));
#11067=DIRECTION('',(-1.,-1.36725963740601E-16,0.));
#11068=DIRECTION('',(1.,1.8012248237219E-16,0.));
#11069=DIRECTION('center_axis',(0.,0.,-1.));
#11070=DIRECTION('ref_axis',(-1.,0.,0.));
#11071=DIRECTION('',(0.,1.,0.));
#11072=DIRECTION('',(-1.,-1.09734825131356E-16,0.));
#11073=DIRECTION('',(0.,-1.,0.));
#11074=DIRECTION('',(1.,8.67213794832487E-17,0.));
#11075=DIRECTION('',(0.,-1.,0.));
#11076=DIRECTION('',(-1.,-9.61930828816074E-17,0.));
#11077=DIRECTION('',(0.,-1.,0.));
#11078=DIRECTION('',(1.,9.61930828816074E-17,0.));
#11079=DIRECTION('',(0.,-1.,0.));
#11080=DIRECTION('',(-1.,-8.92317417210873E-17,0.));
#11081=DIRECTION('',(0.,-1.,0.));
#11082=DIRECTION('',(1.,1.11723435072319E-16,0.));
#11083=DIRECTION('center_axis',(0.,0.,-1.));
#11084=DIRECTION('ref_axis',(0.,1.,0.));
#11085=DIRECTION('center_axis',(0.,0.,-1.));
#11086=DIRECTION('ref_axis',(0.,1.,0.));
#11087=DIRECTION('',(0.,0.,-1.));
#11088=DIRECTION('center_axis',(0.,0.,1.));
#11089=DIRECTION('ref_axis',(0.,1.,0.));
#11090=DIRECTION('',(0.,0.,-1.));
#11091=DIRECTION('center_axis',(-1.,0.,0.));
#11092=DIRECTION('ref_axis',(0.,1.,0.));
#11093=DIRECTION('',(0.,1.,0.));
#11094=DIRECTION('',(0.,0.,-1.));
#11095=DIRECTION('',(0.,-1.,0.));
#11096=DIRECTION('center_axis',(0.,0.,-1.));
#11097=DIRECTION('ref_axis',(-1.,1.11022302462516E-15,0.));
#11098=DIRECTION('center_axis',(0.,0.,-1.));
#11099=DIRECTION('ref_axis',(-1.,1.11022302462516E-15,0.));
#11100=DIRECTION('',(0.,0.,-1.));
#11101=DIRECTION('center_axis',(0.,0.,1.));
#11102=DIRECTION('ref_axis',(-1.,1.11022302462516E-15,0.));
#11103=DIRECTION('center_axis',(-1.66533453693774E-15,-1.,0.));
#11104=DIRECTION('ref_axis',(-1.,1.66533453693774E-15,0.));
#11105=DIRECTION('',(-1.,1.66533453693774E-15,0.));
#11106=DIRECTION('',(0.,0.,-1.));
#11107=DIRECTION('',(1.,-1.66533453693774E-15,0.));
#11108=DIRECTION('center_axis',(0.,0.,-1.));
#11109=DIRECTION('ref_axis',(4.4408920985006E-15,-1.,0.));
#11110=DIRECTION('center_axis',(0.,0.,-1.));
#11111=DIRECTION('ref_axis',(4.4408920985006E-15,-1.,0.));
#11112=DIRECTION('',(0.,0.,-1.));
#11113=DIRECTION('center_axis',(0.,0.,1.));
#11114=DIRECTION('ref_axis',(4.4408920985006E-15,-1.,0.));
#11115=DIRECTION('center_axis',(1.,-8.88178419700134E-15,0.));
#11116=DIRECTION('ref_axis',(-8.88178419700134E-15,-1.,0.));
#11117=DIRECTION('',(-8.88178419700134E-15,-1.,0.));
#11118=DIRECTION('',(0.,0.,-1.));
#11119=DIRECTION('',(8.88178419700134E-15,1.,0.));
#11120=DIRECTION('center_axis',(0.,0.,-1.));
#11121=DIRECTION('ref_axis',(1.,-1.11022302462515E-15,0.));
#11122=DIRECTION('center_axis',(0.,0.,-1.));
#11123=DIRECTION('ref_axis',(1.,-1.11022302462515E-15,0.));
#11124=DIRECTION('',(0.,0.,-1.));
#11125=DIRECTION('center_axis',(0.,0.,1.));
#11126=DIRECTION('ref_axis',(1.,-1.11022302462515E-15,0.));
#11127=DIRECTION('center_axis',(-5.55111512312583E-16,1.,0.));
#11128=DIRECTION('ref_axis',(1.,5.55111512312583E-16,0.));
#11129=DIRECTION('',(1.,5.55111512312583E-16,0.));
#11130=DIRECTION('',(-1.,-5.55111512312583E-16,0.));
#11131=DIRECTION('center_axis',(0.,0.,-1.));
#11132=DIRECTION('ref_axis',(-1.,0.,0.));
#11133=DIRECTION('',(1.,0.,0.));
#11134=DIRECTION('',(0.,1.,0.));
#11135=DIRECTION('',(-1.,0.,0.));
#11136=DIRECTION('',(0.,-1.,0.));
#11137=DIRECTION('center_axis',(0.,0.,1.));
#11138=DIRECTION('ref_axis',(-5.55111512312581E-15,-1.,0.));
#11139=DIRECTION('center_axis',(0.,0.,-1.));
#11140=DIRECTION('ref_axis',(-5.55111512312581E-15,-1.,0.));
#11141=DIRECTION('',(0.,0.,1.));
#11142=DIRECTION('',(0.,0.,1.));
#11143=DIRECTION('center_axis',(5.86093127582298E-17,-1.,0.));
#11144=DIRECTION('ref_axis',(1.,5.86093127582298E-17,0.));
#11145=DIRECTION('',(-1.,-5.86093127582298E-17,-5.86093127582298E-17));
#11146=DIRECTION('',(0.,0.,1.));
#11147=DIRECTION('center_axis',(0.,0.,1.));
#11148=DIRECTION('ref_axis',(-1.,2.77555756156289E-15,0.));
#11149=DIRECTION('center_axis',(0.,0.,-1.));
#11150=DIRECTION('ref_axis',(-1.,2.77555756156289E-15,0.));
#11151=DIRECTION('',(0.,0.,-1.));
#11152=DIRECTION('center_axis',(-1.,0.,0.));
#11153=DIRECTION('ref_axis',(0.,-1.,0.));
#11154=DIRECTION('',(0.,1.,0.));
#11155=DIRECTION('',(0.,0.,1.));
#11156=DIRECTION('center_axis',(0.,0.,1.));
#11157=DIRECTION('ref_axis',(5.55111512312581E-15,1.,0.));
#11158=DIRECTION('center_axis',(0.,0.,-1.));
#11159=DIRECTION('ref_axis',(5.55111512312581E-15,1.,0.));
#11160=DIRECTION('',(0.,0.,1.));
#11161=DIRECTION('center_axis',(-5.86093127582298E-17,1.,0.));
#11162=DIRECTION('ref_axis',(-1.,-5.86093127582298E-17,0.));
#11163=DIRECTION('',(1.,5.86093127582298E-17,-5.86093127582298E-17));
#11164=DIRECTION('',(0.,0.,1.));
#11165=DIRECTION('center_axis',(0.,0.,1.));
#11166=DIRECTION('ref_axis',(1.,-2.77555756156289E-15,0.));
#11167=DIRECTION('center_axis',(0.,0.,-1.));
#11168=DIRECTION('ref_axis',(1.,-2.77555756156289E-15,0.));
#11169=DIRECTION('',(0.,0.,1.));
#11170=DIRECTION('center_axis',(1.,0.,0.));
#11171=DIRECTION('ref_axis',(0.,1.,0.));
#11172=DIRECTION('',(0.,-1.,0.));
#11173=DIRECTION('center_axis',(0.,0.,-1.));
#11174=DIRECTION('ref_axis',(-1.,0.,0.));
#11175=DIRECTION('center_axis',(0.,0.,-1.));
#11176=DIRECTION('ref_axis',(-1.,0.,0.));
#11177=DIRECTION('',(0.,0.,-1.));
#11178=DIRECTION('center_axis',(0.,0.,1.));
#11179=DIRECTION('ref_axis',(-1.,0.,0.));
#11180=DIRECTION('center_axis',(0.,0.,-1.));
#11181=DIRECTION('ref_axis',(0.,1.,0.));
#11182=DIRECTION('center_axis',(0.,0.,-1.));
#11183=DIRECTION('ref_axis',(0.,1.,0.));
#11184=DIRECTION('',(0.,0.,-1.));
#11185=DIRECTION('center_axis',(0.,0.,1.));
#11186=DIRECTION('ref_axis',(0.,1.,0.));
#11187=DIRECTION('',(0.,0.,-1.));
#11188=DIRECTION('center_axis',(-1.,0.,0.));
#11189=DIRECTION('ref_axis',(0.,1.,0.));
#11190=DIRECTION('',(0.,1.,0.));
#11191=DIRECTION('',(0.,0.,-1.));
#11192=DIRECTION('',(0.,-1.,0.));
#11193=DIRECTION('center_axis',(0.,0.,-1.));
#11194=DIRECTION('ref_axis',(-1.,1.11022302462516E-15,0.));
#11195=DIRECTION('center_axis',(0.,0.,-1.));
#11196=DIRECTION('ref_axis',(-1.,1.11022302462516E-15,0.));
#11197=DIRECTION('',(0.,0.,-1.));
#11198=DIRECTION('center_axis',(0.,0.,1.));
#11199=DIRECTION('ref_axis',(-1.,1.11022302462516E-15,0.));
#11200=DIRECTION('center_axis',(-1.66533453693774E-15,-1.,0.));
#11201=DIRECTION('ref_axis',(-1.,1.66533453693774E-15,0.));
#11202=DIRECTION('',(-1.,1.66533453693774E-15,0.));
#11203=DIRECTION('',(0.,0.,-1.));
#11204=DIRECTION('',(1.,-1.66533453693774E-15,0.));
#11205=DIRECTION('center_axis',(0.,0.,-1.));
#11206=DIRECTION('ref_axis',(4.4408920985006E-15,-1.,0.));
#11207=DIRECTION('center_axis',(0.,0.,-1.));
#11208=DIRECTION('ref_axis',(4.4408920985006E-15,-1.,0.));
#11209=DIRECTION('',(0.,0.,-1.));
#11210=DIRECTION('center_axis',(0.,0.,1.));
#11211=DIRECTION('ref_axis',(4.4408920985006E-15,-1.,0.));
#11212=DIRECTION('center_axis',(1.,-8.88178419700134E-15,0.));
#11213=DIRECTION('ref_axis',(-8.88178419700134E-15,-1.,0.));
#11214=DIRECTION('',(-8.88178419700134E-15,-1.,0.));
#11215=DIRECTION('',(0.,0.,-1.));
#11216=DIRECTION('',(8.88178419700134E-15,1.,0.));
#11217=DIRECTION('center_axis',(0.,0.,-1.));
#11218=DIRECTION('ref_axis',(1.,-1.11022302462515E-15,0.));
#11219=DIRECTION('center_axis',(0.,0.,-1.));
#11220=DIRECTION('ref_axis',(1.,-1.11022302462515E-15,0.));
#11221=DIRECTION('',(0.,0.,-1.));
#11222=DIRECTION('center_axis',(0.,0.,1.));
#11223=DIRECTION('ref_axis',(1.,-1.11022302462515E-15,0.));
#11224=DIRECTION('center_axis',(-5.55111512312583E-16,1.,0.));
#11225=DIRECTION('ref_axis',(1.,5.55111512312583E-16,0.));
#11226=DIRECTION('',(1.,5.55111512312583E-16,0.));
#11227=DIRECTION('',(-1.,-5.55111512312583E-16,0.));
#11228=DIRECTION('center_axis',(0.,0.,-1.));
#11229=DIRECTION('ref_axis',(-0.707106781186548,-0.707106781186548,0.));
#11230=DIRECTION('center_axis',(0.,0.,-1.));
#11231=DIRECTION('ref_axis',(-0.707106781186548,-0.707106781186548,0.));
#11232=DIRECTION('',(0.,0.,-1.));
#11233=DIRECTION('center_axis',(0.,0.,-1.));
#11234=DIRECTION('ref_axis',(-0.707106781186548,-0.707106781186548,0.));
#11235=DIRECTION('',(0.,0.,1.));
#11236=DIRECTION('center_axis',(0.,-1.,0.));
#11237=DIRECTION('ref_axis',(-1.,0.,0.));
#11238=DIRECTION('',(-1.,0.,0.));
#11239=DIRECTION('',(0.,0.,1.));
#11240=DIRECTION('',(1.,0.,0.));
#11241=DIRECTION('center_axis',(0.,0.,-1.));
#11242=DIRECTION('ref_axis',(0.707106781186548,-0.707106781186548,0.));
#11243=DIRECTION('center_axis',(0.,0.,-1.));
#11244=DIRECTION('ref_axis',(0.707106781186548,-0.707106781186548,0.));
#11245=DIRECTION('',(0.,0.,-1.));
#11246=DIRECTION('center_axis',(0.,0.,-1.));
#11247=DIRECTION('ref_axis',(0.707106781186548,-0.707106781186548,0.));
#11248=DIRECTION('center_axis',(1.,0.,0.));
#11249=DIRECTION('ref_axis',(0.,-1.,0.));
#11250=DIRECTION('',(0.,-1.,0.));
#11251=DIRECTION('',(0.,0.,1.));
#11252=DIRECTION('',(0.,1.,0.));
#11253=DIRECTION('center_axis',(0.,0.,-1.));
#11254=DIRECTION('ref_axis',(0.707106781186546,0.707106781186549,0.));
#11255=DIRECTION('center_axis',(0.,0.,-1.));
#11256=DIRECTION('ref_axis',(0.707106781186546,0.707106781186549,0.));
#11257=DIRECTION('',(0.,0.,-1.));
#11258=DIRECTION('center_axis',(0.,0.,-1.));
#11259=DIRECTION('ref_axis',(0.707106781186546,0.707106781186549,0.));
#11260=DIRECTION('center_axis',(0.,1.,0.));
#11261=DIRECTION('ref_axis',(1.,0.,0.));
#11262=DIRECTION('',(1.,0.,0.));
#11263=DIRECTION('',(0.,0.,1.));
#11264=DIRECTION('',(-1.,0.,0.));
#11265=DIRECTION('center_axis',(0.,0.,-1.));
#11266=DIRECTION('ref_axis',(-0.707106781186548,0.707106781186547,0.));
#11267=DIRECTION('center_axis',(0.,0.,-1.));
#11268=DIRECTION('ref_axis',(-0.707106781186548,0.707106781186547,0.));
#11269=DIRECTION('',(0.,0.,-1.));
#11270=DIRECTION('center_axis',(0.,0.,-1.));
#11271=DIRECTION('ref_axis',(-0.707106781186548,0.707106781186547,0.));
#11272=DIRECTION('center_axis',(-1.,0.,0.));
#11273=DIRECTION('ref_axis',(0.,1.,0.));
#11274=DIRECTION('',(0.,1.,0.));
#11275=DIRECTION('',(0.,-1.,0.));
#11276=DIRECTION('center_axis',(0.,0.,-1.));
#11277=DIRECTION('ref_axis',(1.,2.22044604925032E-15,0.));
#11278=DIRECTION('center_axis',(0.,0.,-1.));
#11279=DIRECTION('ref_axis',(1.,2.22044604925032E-15,0.));
#11280=DIRECTION('',(0.,0.,-1.));
#11281=DIRECTION('center_axis',(0.,0.,1.));
#11282=DIRECTION('ref_axis',(1.,2.22044604925032E-15,0.));
#11283=DIRECTION('',(0.,0.,-1.));
#11284=DIRECTION('center_axis',(0.,1.,0.));
#11285=DIRECTION('ref_axis',(1.,0.,0.));
#11286=DIRECTION('',(1.,0.,0.));
#11287=DIRECTION('',(0.,0.,-1.));
#11288=DIRECTION('',(-1.,0.,0.));
#11289=DIRECTION('center_axis',(0.,0.,-1.));
#11290=DIRECTION('ref_axis',(-8.88178419700128E-15,1.,0.));
#11291=DIRECTION('center_axis',(0.,0.,-1.));
#11292=DIRECTION('ref_axis',(-8.88178419700128E-15,1.,0.));
#11293=DIRECTION('',(0.,0.,-1.));
#11294=DIRECTION('center_axis',(0.,0.,1.));
#11295=DIRECTION('ref_axis',(-8.88178419700128E-15,1.,0.));
#11296=DIRECTION('center_axis',(-1.,0.,0.));
#11297=DIRECTION('ref_axis',(0.,1.,0.));
#11298=DIRECTION('',(0.,1.,0.));
#11299=DIRECTION('',(0.,0.,-1.));
#11300=DIRECTION('',(0.,-1.,0.));
#11301=DIRECTION('center_axis',(0.,0.,-1.));
#11302=DIRECTION('ref_axis',(-1.,1.66533453693775E-15,0.));
#11303=DIRECTION('center_axis',(0.,0.,-1.));
#11304=DIRECTION('ref_axis',(-1.,1.66533453693775E-15,0.));
#11305=DIRECTION('',(0.,0.,-1.));
#11306=DIRECTION('center_axis',(0.,0.,1.));
#11307=DIRECTION('ref_axis',(-1.,1.66533453693775E-15,0.));
#11308=DIRECTION('center_axis',(0.,-1.,0.));
#11309=DIRECTION('ref_axis',(-1.,0.,0.));
#11310=DIRECTION('',(-1.,0.,0.));
#11311=DIRECTION('',(0.,0.,-1.));
#11312=DIRECTION('',(1.,0.,0.));
#11313=DIRECTION('center_axis',(0.,0.,-1.));
#11314=DIRECTION('ref_axis',(4.44089209850065E-15,-1.,0.));
#11315=DIRECTION('center_axis',(0.,0.,-1.));
#11316=DIRECTION('ref_axis',(4.44089209850065E-15,-1.,0.));
#11317=DIRECTION('',(0.,0.,-1.));
#11318=DIRECTION('center_axis',(0.,0.,1.));
#11319=DIRECTION('ref_axis',(4.44089209850065E-15,-1.,0.));
#11320=DIRECTION('center_axis',(1.,-5.04506368962282E-16,0.));
#11321=DIRECTION('ref_axis',(-5.04506368962282E-16,-1.,0.));
#11322=DIRECTION('',(-5.04506368962282E-16,-1.,0.));
#11323=DIRECTION('',(5.04506368962282E-16,1.,0.));
#11324=DIRECTION('center_axis',(0.,-1.,0.));
#11325=DIRECTION('ref_axis',(-1.,0.,0.));
#11326=DIRECTION('',(-1.,0.,0.));
#11327=DIRECTION('',(0.,0.,-1.));
#11328=DIRECTION('',(1.,0.,0.));
#11329=DIRECTION('center_axis',(0.,0.,-1.));
#11330=DIRECTION('ref_axis',(-1.,0.,0.));
#11331=DIRECTION('',(0.,1.,0.));
#11332=DIRECTION('center_axis',(0.,0.,1.));
#11333=DIRECTION('ref_axis',(1.,3.33066907387544E-15,0.));
#11334=DIRECTION('center_axis',(0.,0.,1.));
#11335=DIRECTION('ref_axis',(8.88178419700113E-15,-1.,0.));
#11336=DIRECTION('center_axis',(0.,0.,-1.));
#11337=DIRECTION('ref_axis',(1.,3.33066907387544E-15,0.));
#11338=DIRECTION('center_axis',(0.,0.,-1.));
#11339=DIRECTION('ref_axis',(1.,3.33066907387544E-15,0.));
#11340=DIRECTION('',(0.,0.,-1.));
#11341=DIRECTION('center_axis',(2.21954691622699E-16,-0.707106781186548,
0.707106781186547));
#11342=DIRECTION('ref_axis',(1.,0.,-3.13891335125159E-16));
#11343=DIRECTION('',(0.,-0.707106781186551,-0.707106781186544));
#11344=DIRECTION('',(-1.,-3.13891335125159E-16,0.));
#11345=DIRECTION('',(0.,-0.707106781186547,-0.707106781186548));
#11346=DIRECTION('center_axis',(0.,0.,1.));
#11347=DIRECTION('ref_axis',(-4.4408920985006E-15,1.,0.));
#11348=DIRECTION('center_axis',(0.,0.,1.));
#11349=DIRECTION('ref_axis',(-4.4408920985006E-15,1.,0.));
#11350=DIRECTION('',(0.707106781186551,-3.67990420004011E-15,-0.707106781186544));
#11351=DIRECTION('center_axis',(0.707106781186548,0.,0.707106781186548));
#11352=DIRECTION('ref_axis',(0.707106781186548,0.,-0.707106781186548));
#11353=DIRECTION('',(0.,-1.,0.));
#11354=DIRECTION('',(-0.707106781186546,0.,0.707106781186549));
#11355=DIRECTION('center_axis',(0.,0.,1.));
#11356=DIRECTION('ref_axis',(-1.,0.,0.));
#11357=DIRECTION('center_axis',(0.,0.,1.));
#11358=DIRECTION('ref_axis',(-1.,0.,0.));
#11359=DIRECTION('',(0.,-0.707106781186548,0.707106781186548));
#11360=DIRECTION('',(0.,0.,-1.));
#11361=DIRECTION('',(0.,0.,-1.));
#11362=DIRECTION('',(0.,0.,-1.));
#11363=DIRECTION('',(0.,0.,-1.));
#11364=DIRECTION('',(0.,0.,-1.));
#11365=DIRECTION('',(0.,0.,-1.));
#11366=DIRECTION('',(0.,0.,-1.));
#11367=DIRECTION('',(0.,0.,-1.));
#11368=DIRECTION('',(0.,0.,-1.));
#11369=DIRECTION('',(0.,0.,-1.));
#11370=DIRECTION('',(0.,0.,-1.));
#11371=DIRECTION('',(0.,0.,-1.));
#11372=DIRECTION('',(0.,0.,-1.));
#11373=DIRECTION('center_axis',(0.0584476708223587,-0.998290473647546,0.));
#11374=DIRECTION('ref_axis',(-0.998290473647546,-0.0584476708223587,0.));
#11375=DIRECTION('',(-0.998290473647546,-0.0584476708223587,0.));
#11376=DIRECTION('',(0.,0.,-1.));
#11377=DIRECTION('',(0.,0.,-1.));
#11378=DIRECTION('',(0.,0.,-1.));
#11379=DIRECTION('',(0.,0.,-1.));
#11380=DIRECTION('',(0.,0.,-1.));
#11381=DIRECTION('',(0.,0.,-1.));
#11382=DIRECTION('',(0.,0.,-1.));
#11383=DIRECTION('',(0.,0.,-1.));
#11384=DIRECTION('',(0.,0.,-1.));
#11385=DIRECTION('',(0.,0.,-1.));
#11386=DIRECTION('',(0.,0.,-1.));
#11387=DIRECTION('',(0.,0.,-1.));
#11388=DIRECTION('',(0.,0.,-1.));
#11389=DIRECTION('',(0.,0.,-1.));
#11390=DIRECTION('center_axis',(-0.0625223551689938,0.998043563730623,0.));
#11391=DIRECTION('ref_axis',(0.998043563730623,0.0625223551689938,0.));
#11392=DIRECTION('',(0.998043563730623,0.0625223551689938,0.));
#11393=DIRECTION('',(0.,0.,-1.));
#11394=DIRECTION('',(0.,0.,-1.));
#11395=DIRECTION('',(0.,0.,-1.));
#11396=DIRECTION('',(0.,0.,-1.));
#11397=DIRECTION('',(0.,0.,-1.));
#11398=DIRECTION('',(0.,0.,-1.));
#11399=DIRECTION('',(0.,0.,-1.));
#11400=DIRECTION('',(0.,0.,-1.));
#11401=DIRECTION('center_axis',(-0.997406276432938,0.071977216757679,0.));
#11402=DIRECTION('ref_axis',(0.071977216757679,0.997406276432938,0.));
#11403=DIRECTION('',(0.071977216757679,0.997406276432938,0.));
#11404=DIRECTION('',(0.,0.,-1.));
#11405=DIRECTION('',(0.,0.,-1.));
#11406=DIRECTION('',(0.,0.,-1.));
#11407=DIRECTION('',(0.,0.,-1.));
#11408=DIRECTION('',(0.,0.,-1.));
#11409=DIRECTION('',(0.,0.,-1.));
#11410=DIRECTION('',(0.,0.,-1.));
#11411=DIRECTION('',(0.,0.,-1.));
#11412=DIRECTION('center_axis',(-0.131525648094382,0.991312767946299,0.));
#11413=DIRECTION('ref_axis',(0.991312767946299,0.131525648094382,0.));
#11414=DIRECTION('',(0.991312767946299,0.131525648094382,0.));
#11415=DIRECTION('',(0.,0.,-1.));
#11416=DIRECTION('',(0.,0.,-1.));
#11417=DIRECTION('',(0.,0.,-1.));
#11418=DIRECTION('',(0.,0.,-1.));
#11419=DIRECTION('',(0.,0.,-1.));
#11420=DIRECTION('',(0.,0.,-1.));
#11421=DIRECTION('',(0.,0.,-1.));
#11422=DIRECTION('',(0.,0.,-1.));
#11423=DIRECTION('',(0.,0.,-1.));
#11424=DIRECTION('',(0.,0.,-1.));
#11425=DIRECTION('',(0.,0.,-1.));
#11426=DIRECTION('',(0.,0.,-1.));
#11427=DIRECTION('',(0.,0.,-1.));
#11428=DIRECTION('',(0.,0.,-1.));
#11429=DIRECTION('',(0.,0.,-1.));
#11430=DIRECTION('',(0.,0.,-1.));
#11431=DIRECTION('center_axis',(-0.176409996646322,-0.984316774764732,0.));
#11432=DIRECTION('ref_axis',(-0.984316774764732,0.176409996646322,0.));
#11433=DIRECTION('',(-0.984316774764732,0.176409996646322,0.));
#11434=DIRECTION('',(0.,0.,-1.));
#11435=DIRECTION('',(0.,0.,-1.));
#11436=DIRECTION('',(0.,0.,-1.));
#11437=DIRECTION('',(0.,0.,-1.));
#11438=DIRECTION('',(0.,0.,-1.));
#11439=DIRECTION('',(0.,0.,-1.));
#11440=DIRECTION('',(0.,0.,-1.));
#11441=DIRECTION('',(0.,0.,-1.));
#11442=DIRECTION('',(0.,0.,-1.));
#11443=DIRECTION('',(0.,0.,-1.));
#11444=DIRECTION('',(0.,0.,-1.));
#11445=DIRECTION('',(0.,0.,-1.));
#11446=DIRECTION('',(0.,0.,-1.));
#11447=DIRECTION('center_axis',(-0.0806192667557011,-0.996744969301462,
0.));
#11448=DIRECTION('ref_axis',(-0.996744969301462,0.0806192667557011,0.));
#11449=DIRECTION('',(-0.996744969301462,0.0806192667557011,0.));
#11450=DIRECTION('',(0.,0.,-1.));
#11451=DIRECTION('',(0.,0.,-1.));
#11452=DIRECTION('',(0.,0.,-1.));
#11453=DIRECTION('',(0.,0.,-1.));
#11454=DIRECTION('',(0.,0.,-1.));
#11455=DIRECTION('',(0.,0.,-1.));
#11456=DIRECTION('',(0.,0.,-1.));
#11457=DIRECTION('',(0.,0.,-1.));
#11458=DIRECTION('',(0.,0.,-1.));
#11459=DIRECTION('center_axis',(1.10992029291685E-16,-1.,0.));
#11460=DIRECTION('ref_axis',(-1.,-1.10992029291685E-16,0.));
#11461=DIRECTION('',(-1.,-1.10992029291685E-16,0.));
#11462=DIRECTION('',(0.,0.,-1.));
#11463=DIRECTION('center_axis',(1.,0.,0.));
#11464=DIRECTION('ref_axis',(0.,-1.,0.));
#11465=DIRECTION('',(0.,-1.,0.));
#11466=DIRECTION('',(0.,0.,-1.));
#11467=DIRECTION('center_axis',(-1.06629114917991E-16,1.,0.));
#11468=DIRECTION('ref_axis',(1.,1.06629114917991E-16,0.));
#11469=DIRECTION('',(1.,1.06629114917991E-16,0.));
#11470=DIRECTION('center_axis',(1.,0.,0.));
#11471=DIRECTION('ref_axis',(0.,-1.,0.));
#11472=DIRECTION('',(0.,-1.,0.));
#11473=DIRECTION('',(0.,0.,-1.));
#11474=DIRECTION('',(0.,0.,-1.));
#11475=DIRECTION('center_axis',(-8.67213956336122E-17,1.,0.));
#11476=DIRECTION('ref_axis',(1.,8.67213956336122E-17,0.));
#11477=DIRECTION('',(1.,8.67213956336122E-17,0.));
#11478=DIRECTION('',(0.,0.,-1.));
#11479=DIRECTION('center_axis',(1.,0.,0.));
#11480=DIRECTION('ref_axis',(0.,-1.,0.));
#11481=DIRECTION('',(0.,-1.,0.));
#11482=DIRECTION('',(0.,0.,-1.));
#11483=DIRECTION('center_axis',(9.61931226234252E-17,-1.,0.));
#11484=DIRECTION('ref_axis',(-1.,-9.61931226234253E-17,0.));
#11485=DIRECTION('',(-1.,-9.61931226234253E-17,0.));
#11486=DIRECTION('',(0.,0.,-1.));
#11487=DIRECTION('center_axis',(1.,0.,0.));
#11488=DIRECTION('ref_axis',(0.,-1.,0.));
#11489=DIRECTION('',(0.,-1.,0.));
#11490=DIRECTION('',(0.,0.,-1.));
#11491=DIRECTION('center_axis',(-9.61931226234252E-17,1.,0.));
#11492=DIRECTION('ref_axis',(1.,9.61931226234253E-17,0.));
#11493=DIRECTION('',(1.,9.61931226234253E-17,0.));
#11494=DIRECTION('',(0.,0.,-1.));
#11495=DIRECTION('center_axis',(1.,0.,0.));
#11496=DIRECTION('ref_axis',(0.,-1.,0.));
#11497=DIRECTION('',(0.,-1.,0.));
#11498=DIRECTION('',(0.,0.,-1.));
#11499=DIRECTION('center_axis',(8.92317588200077E-17,-1.,0.));
#11500=DIRECTION('ref_axis',(-1.,-8.92317588200077E-17,0.));
#11501=DIRECTION('',(-1.,-8.92317588200077E-17,0.));
#11502=DIRECTION('',(0.,0.,-1.));
#11503=DIRECTION('center_axis',(1.,0.,0.));
#11504=DIRECTION('ref_axis',(0.,-1.,0.));
#11505=DIRECTION('',(0.,-1.,0.));
#11506=DIRECTION('',(0.,0.,-1.));
#11507=DIRECTION('center_axis',(-1.11723440098287E-16,1.,0.));
#11508=DIRECTION('ref_axis',(1.,1.11723440098287E-16,0.));
#11509=DIRECTION('',(1.,1.11723440098287E-16,0.));
#11510=DIRECTION('',(0.,0.,-1.));
#11511=DIRECTION('center_axis',(-1.,0.,0.));
#11512=DIRECTION('ref_axis',(0.,1.,0.));
#11513=DIRECTION('',(0.,1.,0.));
#11514=DIRECTION('',(0.,0.,-1.));
#11515=DIRECTION('center_axis',(1.09734829979998E-16,-1.,0.));
#11516=DIRECTION('ref_axis',(-1.,-1.09734829979998E-16,0.));
#11517=DIRECTION('',(-1.,-1.09734829979998E-16,0.));
#11518=DIRECTION('center_axis',(0.937460848964404,-0.348090730498444,0.));
#11519=DIRECTION('ref_axis',(-0.348090730498443,-0.937460848964403,0.));
#11520=DIRECTION('',(-0.348090730498443,-0.937460848964403,0.));
#11521=DIRECTION('',(0.,0.,-1.));
#11522=DIRECTION('',(0.,0.,-1.));
#11523=DIRECTION('center_axis',(0.,1.,0.));
#11524=DIRECTION('ref_axis',(1.,0.,0.));
#11525=DIRECTION('',(1.,0.,0.));
#11526=DIRECTION('',(0.,0.,-1.));
#11527=DIRECTION('center_axis',(-0.955497870375738,0.294997999497335,0.));
#11528=DIRECTION('ref_axis',(0.294997999497335,0.955497870375738,0.));
#11529=DIRECTION('',(0.294997999497335,0.955497870375738,0.));
#11530=DIRECTION('',(0.,0.,-1.));
#11531=DIRECTION('center_axis',(0.954411553844092,0.298493862397381,0.));
#11532=DIRECTION('ref_axis',(0.298493862397381,-0.954411553844092,0.));
#11533=DIRECTION('',(0.298493862397381,-0.954411553844092,0.));
#11534=DIRECTION('',(0.,0.,-1.));
#11535=DIRECTION('center_axis',(0.,1.,0.));
#11536=DIRECTION('ref_axis',(1.,0.,0.));
#11537=DIRECTION('',(1.,0.,0.));
#11538=DIRECTION('',(0.,0.,-1.));
#11539=DIRECTION('center_axis',(-0.935507107304481,-0.353307871668326,0.));
#11540=DIRECTION('ref_axis',(-0.353307871668326,0.935507107304481,0.));
#11541=DIRECTION('',(-0.353307871668326,0.935507107304481,0.));
#11542=DIRECTION('',(0.,0.,-1.));
#11543=DIRECTION('center_axis',(0.,-1.,0.));
#11544=DIRECTION('ref_axis',(-1.,0.,0.));
#11545=DIRECTION('',(-1.,0.,0.));
#11546=DIRECTION('center_axis',(1.,0.,0.));
#11547=DIRECTION('ref_axis',(0.,-1.,0.));
#11548=DIRECTION('',(0.,-1.,0.));
#11549=DIRECTION('',(0.,0.,-1.));
#11550=DIRECTION('',(0.,0.,-1.));
#11551=DIRECTION('center_axis',(-9.30753468986688E-17,1.,0.));
#11552=DIRECTION('ref_axis',(1.,9.30753468986688E-17,0.));
#11553=DIRECTION('',(1.,9.30753468986688E-17,0.));
#11554=DIRECTION('',(0.,0.,-1.));
#11555=DIRECTION('center_axis',(-1.,0.,0.));
#11556=DIRECTION('ref_axis',(0.,1.,0.));
#11557=DIRECTION('',(0.,1.,0.));
#11558=DIRECTION('',(0.,0.,-1.));
#11559=DIRECTION('center_axis',(1.14554273106054E-16,-1.,0.));
#11560=DIRECTION('ref_axis',(-1.,-1.14554273106054E-16,0.));
#11561=DIRECTION('',(-1.,-1.14554273106054E-16,0.));
#11562=DIRECTION('',(0.,0.,-1.));
#11563=DIRECTION('',(0.,0.,-1.));
#11564=DIRECTION('',(0.,0.,-1.));
#11565=DIRECTION('',(0.,0.,-1.));
#11566=DIRECTION('',(0.,0.,-1.));
#11567=DIRECTION('',(0.,0.,-1.));
#11568=DIRECTION('',(0.,0.,-1.));
#11569=DIRECTION('',(0.,0.,-1.));
#11570=DIRECTION('',(0.,0.,-1.));
#11571=DIRECTION('',(0.,0.,-1.));
#11572=DIRECTION('',(0.,0.,-1.));
#11573=DIRECTION('center_axis',(-1.59943672376987E-16,1.,0.));
#11574=DIRECTION('ref_axis',(1.,1.59943672376987E-16,0.));
#11575=DIRECTION('',(1.,1.59943672376987E-16,0.));
#11576=DIRECTION('',(0.,0.,-1.));
#11577=DIRECTION('center_axis',(-1.,0.,0.));
#11578=DIRECTION('ref_axis',(0.,1.,0.));
#11579=DIRECTION('',(0.,1.,0.));
#11580=DIRECTION('',(0.,0.,-1.));
#11581=DIRECTION('center_axis',(1.73442791267224E-16,-1.,0.));
#11582=DIRECTION('ref_axis',(-1.,-1.73442791267224E-16,0.));
#11583=DIRECTION('',(-1.,-1.73442791267224E-16,0.));
#11584=DIRECTION('center_axis',(1.,0.,0.));
#11585=DIRECTION('ref_axis',(0.,-1.,0.));
#11586=DIRECTION('',(0.,-1.,0.));
#11587=DIRECTION('',(0.,0.,-1.));
#11588=DIRECTION('',(0.,0.,-1.));
#11589=DIRECTION('center_axis',(1.36725963740601E-16,-1.,0.));
#11590=DIRECTION('ref_axis',(-1.,-1.36725963740601E-16,0.));
#11591=DIRECTION('',(-1.,-1.36725963740601E-16,0.));
#11592=DIRECTION('',(0.,0.,-1.));
#11593=DIRECTION('',(0.,0.,-1.));
#11594=DIRECTION('',(0.,0.,-1.));
#11595=DIRECTION('',(0.,0.,-1.));
#11596=DIRECTION('',(0.,0.,-1.));
#11597=DIRECTION('center_axis',(-1.8012248237219E-16,1.,0.));
#11598=DIRECTION('ref_axis',(1.,1.8012248237219E-16,0.));
#11599=DIRECTION('',(1.,1.8012248237219E-16,0.));
#11600=DIRECTION('',(0.,0.,-1.));
#11601=DIRECTION('center_axis',(-1.,0.,0.));
#11602=DIRECTION('ref_axis',(0.,1.,0.));
#11603=DIRECTION('',(0.,1.,0.));
#11604=DIRECTION('',(0.,0.,-1.));
#11605=DIRECTION('center_axis',(0.,-1.,0.));
#11606=DIRECTION('ref_axis',(-1.,0.,0.));
#11607=DIRECTION('',(-1.,0.,0.));
#11608=DIRECTION('center_axis',(1.,0.,0.));
#11609=DIRECTION('ref_axis',(0.,-1.,0.));
#11610=DIRECTION('',(0.,-1.,0.));
#11611=DIRECTION('',(0.,0.,-1.));
#11612=DIRECTION('',(0.,0.,-1.));
#11613=DIRECTION('center_axis',(-8.67213794832487E-17,1.,0.));
#11614=DIRECTION('ref_axis',(1.,8.67213794832487E-17,0.));
#11615=DIRECTION('',(1.,8.67213794832487E-17,0.));
#11616=DIRECTION('',(0.,0.,-1.));
#11617=DIRECTION('center_axis',(1.,0.,0.));
#11618=DIRECTION('ref_axis',(0.,-1.,0.));
#11619=DIRECTION('',(0.,-1.,0.));
#11620=DIRECTION('',(0.,0.,-1.));
#11621=DIRECTION('center_axis',(9.61930828816074E-17,-1.,0.));
#11622=DIRECTION('ref_axis',(-1.,-9.61930828816074E-17,0.));
#11623=DIRECTION('',(-1.,-9.61930828816074E-17,0.));
#11624=DIRECTION('',(0.,0.,-1.));
#11625=DIRECTION('center_axis',(1.,0.,0.));
#11626=DIRECTION('ref_axis',(0.,-1.,0.));
#11627=DIRECTION('',(0.,-1.,0.));
#11628=DIRECTION('',(0.,0.,-1.));
#11629=DIRECTION('center_axis',(-9.61930828816074E-17,1.,0.));
#11630=DIRECTION('ref_axis',(1.,9.61930828816074E-17,0.));
#11631=DIRECTION('',(1.,9.61930828816074E-17,0.));
#11632=DIRECTION('',(0.,0.,-1.));
#11633=DIRECTION('center_axis',(1.,0.,0.));
#11634=DIRECTION('ref_axis',(0.,-1.,0.));
#11635=DIRECTION('',(0.,-1.,0.));
#11636=DIRECTION('',(0.,0.,-1.));
#11637=DIRECTION('center_axis',(8.92317417210873E-17,-1.,0.));
#11638=DIRECTION('ref_axis',(-1.,-8.92317417210873E-17,0.));
#11639=DIRECTION('',(-1.,-8.92317417210873E-17,0.));
#11640=DIRECTION('',(0.,0.,-1.));
#11641=DIRECTION('center_axis',(1.,0.,0.));
#11642=DIRECTION('ref_axis',(0.,-1.,0.));
#11643=DIRECTION('',(0.,-1.,0.));
#11644=DIRECTION('',(0.,0.,-1.));
#11645=DIRECTION('center_axis',(-1.11723435072319E-16,1.,0.));
#11646=DIRECTION('ref_axis',(1.,1.11723435072319E-16,0.));
#11647=DIRECTION('',(1.,1.11723435072319E-16,0.));
#11648=DIRECTION('',(0.,0.,-1.));
#11649=DIRECTION('center_axis',(-1.,0.,0.));
#11650=DIRECTION('ref_axis',(0.,1.,0.));
#11651=DIRECTION('',(0.,1.,0.));
#11652=DIRECTION('',(0.,0.,-1.));
#11653=DIRECTION('center_axis',(1.09734825131356E-16,-1.,0.));
#11654=DIRECTION('ref_axis',(-1.,-1.09734825131356E-16,0.));
#11655=DIRECTION('',(-1.,-1.09734825131356E-16,0.));
#11656=DIRECTION('center_axis',(0.,0.,1.));
#11657=DIRECTION('ref_axis',(0.,1.,0.));
#11658=DIRECTION('',(0.,-0.707106781186548,-0.707106781186546));
#11659=DIRECTION('center_axis',(0.,0.,1.));
#11660=DIRECTION('ref_axis',(0.,1.,0.));
#11661=DIRECTION('',(0.707106781186551,0.,-0.707106781186544));
#11662=DIRECTION('center_axis',(0.707106781186548,0.,0.707106781186548));
#11663=DIRECTION('ref_axis',(0.707106781186548,0.,-0.707106781186548));
#11664=DIRECTION('',(0.,-1.,0.));
#11665=DIRECTION('',(0.707106781186548,0.,-0.707106781186548));
#11666=DIRECTION('center_axis',(0.,0.,1.));
#11667=DIRECTION('ref_axis',(-1.,1.11022302462516E-15,0.));
#11668=DIRECTION('center_axis',(0.,0.,1.));
#11669=DIRECTION('ref_axis',(-1.,1.11022302462516E-15,0.));
#11670=DIRECTION('',(-7.85046229341886E-15,0.707106781186548,-0.707106781186546));
#11671=DIRECTION('center_axis',(1.17756934401284E-15,0.707106781186547,
0.707106781186549));
#11672=DIRECTION('ref_axis',(1.,0.,-1.66533453693774E-15));
#11673=DIRECTION('',(1.,-1.66533453693774E-15,0.));
#11674=DIRECTION('',(0.,-0.707106781186542,0.707106781186553));
#11675=DIRECTION('center_axis',(0.,0.,1.));
#11676=DIRECTION('ref_axis',(4.4408920985006E-15,-1.,0.));
#11677=DIRECTION('center_axis',(0.,0.,1.));
#11678=DIRECTION('ref_axis',(4.4408920985006E-15,-1.,0.));
#11679=DIRECTION('',(0.707106781186548,-5.88784672006415E-15,0.707106781186548));
#11680=DIRECTION('center_axis',(-0.707106781186548,6.28036983473517E-15,
0.707106781186548));
#11681=DIRECTION('ref_axis',(0.707106781186548,0.,0.707106781186548));
#11682=DIRECTION('',(8.88178419700134E-15,1.,0.));
#11683=DIRECTION('',(0.707106781186546,0.,0.707106781186549));
#11684=DIRECTION('center_axis',(0.,0.,1.));
#11685=DIRECTION('ref_axis',(1.,-1.11022302462515E-15,0.));
#11686=DIRECTION('center_axis',(0.,0.,1.));
#11687=DIRECTION('ref_axis',(1.,-1.11022302462515E-15,0.));
#11688=DIRECTION('',(0.,0.707106781186548,0.707106781186548));
#11689=DIRECTION('center_axis',(3.92523114670946E-16,-0.707106781186547,
0.707106781186549));
#11690=DIRECTION('ref_axis',(1.,0.,-5.55111512312581E-16));
#11691=DIRECTION('',(-1.,-5.55111512312583E-16,0.));
#11692=DIRECTION('center_axis',(0.,-0.956304755963036,0.292371704722737));
#11693=DIRECTION('ref_axis',(0.,-0.292371704722737,-0.956304755963036));
#11694=DIRECTION('',(-0.328723136389028,-0.276123537140515,-0.903159394481157));
#11695=DIRECTION('',(-1.,0.,0.));
#11696=DIRECTION('',(-0.328723136389028,0.276123537140515,0.903159394481157));
#11697=DIRECTION('center_axis',(0.939692620785908,0.,0.342020143325669));
#11698=DIRECTION('ref_axis',(0.342020143325669,0.,-0.939692620785908));
#11699=DIRECTION('',(0.,-1.,0.));
#11700=DIRECTION('',(0.328723136389028,0.276123537140515,-0.903159394481157));
#11701=DIRECTION('center_axis',(0.,0.956304755963036,0.292371704722737));
#11702=DIRECTION('ref_axis',(0.,-0.292371704722737,0.956304755963036));
#11703=DIRECTION('',(1.,0.,0.));
#11704=DIRECTION('',(0.328723136389028,-0.276123537140515,0.903159394481157));
#11705=DIRECTION('center_axis',(-0.939692620785908,0.,0.342020143325669));
#11706=DIRECTION('ref_axis',(0.342020143325669,0.,0.939692620785908));
#11707=DIRECTION('',(0.,1.,0.));
#11708=DIRECTION('center_axis',(0.,0.,-1.));
#11709=DIRECTION('ref_axis',(0.707106781186548,-0.707106781186548,0.));
#11710=DIRECTION('',(0.707106781186548,0.,-0.707106781186548));
#11711=DIRECTION('center_axis',(0.,0.,-1.));
#11712=DIRECTION('ref_axis',(0.707106781186547,-0.707106781186547,0.));
#11713=DIRECTION('',(0.,0.707106781186548,0.707106781186548));
#11714=DIRECTION('center_axis',(0.,-0.707106781186548,0.707106781186548));
#11715=DIRECTION('ref_axis',(1.,0.,0.));
#11716=DIRECTION('',(-1.,0.,0.));
#11717=DIRECTION('',(0.,0.707106781186548,0.707106781186548));
#11718=DIRECTION('center_axis',(0.,0.,-1.));
#11719=DIRECTION('ref_axis',(-0.707106781186548,-0.707106781186548,0.));
#11720=DIRECTION('center_axis',(0.,0.,-1.));
#11721=DIRECTION('ref_axis',(-0.707106781186547,-0.707106781186547,0.));
#11722=DIRECTION('',(0.707106781186548,-3.92523114670943E-15,0.707106781186548));
#11723=DIRECTION('center_axis',(-0.707106781186548,0.,0.707106781186548));
#11724=DIRECTION('ref_axis',(0.707106781186548,0.,0.707106781186548));
#11725=DIRECTION('',(0.,1.,0.));
#11726=DIRECTION('',(0.707106781186548,0.,0.707106781186548));
#11727=DIRECTION('center_axis',(0.,0.,-1.));
#11728=DIRECTION('ref_axis',(-0.707106781186548,0.707106781186548,0.));
#11729=DIRECTION('center_axis',(0.,0.,-1.));
#11730=DIRECTION('ref_axis',(-0.707106781186547,0.707106781186547,0.));
#11731=DIRECTION('',(0.,-0.707106781186548,0.707106781186548));
#11732=DIRECTION('center_axis',(0.,0.707106781186548,0.707106781186548));
#11733=DIRECTION('ref_axis',(1.,0.,0.));
#11734=DIRECTION('',(1.,0.,0.));
#11735=DIRECTION('',(0.,-0.707106781186548,0.707106781186548));
#11736=DIRECTION('center_axis',(0.,0.,-1.));
#11737=DIRECTION('ref_axis',(0.707106781186548,0.707106781186548,0.));
#11738=DIRECTION('center_axis',(0.,0.,-1.));
#11739=DIRECTION('ref_axis',(0.707106781186547,0.707106781186547,0.));
#11740=DIRECTION('',(-0.707106781186548,3.92523114670943E-15,0.707106781186548));
#11741=DIRECTION('center_axis',(0.707106781186548,0.,0.707106781186548));
#11742=DIRECTION('ref_axis',(0.707106781186548,0.,-0.707106781186548));
#11743=DIRECTION('',(0.,-1.,0.));
#11744=DIRECTION('center_axis',(0.,0.,1.));
#11745=DIRECTION('ref_axis',(-1.,0.,0.));
#11746=DIRECTION('center_axis',(0.,0.,1.));
#11747=DIRECTION('ref_axis',(-1.,0.,0.));
#11748=DIRECTION('',(-0.707106781186548,-8.65956056235493E-17,-0.707106781186548));
#11749=DIRECTION('center_axis',(0.,0.,1.));
#11750=DIRECTION('ref_axis',(0.,1.,0.));
#11751=DIRECTION('',(0.,-0.707106781186547,-0.707106781186548));
#11752=DIRECTION('center_axis',(0.,0.,1.));
#11753=DIRECTION('ref_axis',(0.,1.,0.));
#11754=DIRECTION('',(0.707106781186548,0.,-0.707106781186548));
#11755=DIRECTION('center_axis',(0.707106781186548,0.,0.707106781186548));
#11756=DIRECTION('ref_axis',(0.707106781186548,0.,-0.707106781186548));
#11757=DIRECTION('',(0.,-1.,0.));
#11758=DIRECTION('',(0.707106781186548,0.,-0.707106781186548));
#11759=DIRECTION('center_axis',(0.,0.,1.));
#11760=DIRECTION('ref_axis',(-1.,1.11022302462516E-15,0.));
#11761=DIRECTION('center_axis',(0.,0.,1.));
#11762=DIRECTION('ref_axis',(-1.,1.11022302462516E-15,0.));
#11763=DIRECTION('',(-7.85046229341886E-15,0.707106781186548,-0.707106781186546));
#11764=DIRECTION('center_axis',(1.17756934401284E-15,0.707106781186548,
0.707106781186547));
#11765=DIRECTION('ref_axis',(1.,0.,-1.66533453693775E-15));
#11766=DIRECTION('',(1.,-1.66533453693774E-15,0.));
#11767=DIRECTION('',(0.,-0.707106781186545,0.70710678118655));
#11768=DIRECTION('center_axis',(0.,0.,1.));
#11769=DIRECTION('ref_axis',(4.4408920985006E-15,-1.,0.));
#11770=DIRECTION('center_axis',(0.,0.,1.));
#11771=DIRECTION('ref_axis',(4.4408920985006E-15,-1.,0.));
#11772=DIRECTION('',(0.707106781186551,-6.37850061340279E-15,0.707106781186544));
#11773=DIRECTION('center_axis',(-0.707106781186548,6.28036983473517E-15,
0.707106781186548));
#11774=DIRECTION('ref_axis',(0.707106781186548,0.,0.707106781186548));
#11775=DIRECTION('',(8.88178419700134E-15,1.,0.));
#11776=DIRECTION('',(0.707106781186546,-9.81307786677356E-16,0.707106781186549));
#11777=DIRECTION('center_axis',(0.,0.,1.));
#11778=DIRECTION('ref_axis',(1.,-1.11022302462515E-15,0.));
#11779=DIRECTION('center_axis',(0.,0.,1.));
#11780=DIRECTION('ref_axis',(1.,-1.11022302462515E-15,0.));
#11781=DIRECTION('',(0.,0.707106781186547,0.707106781186548));
#11782=DIRECTION('center_axis',(3.92523114670947E-16,-0.707106781186548,
0.707106781186547));
#11783=DIRECTION('ref_axis',(1.,0.,-5.55111512312583E-16));
#11784=DIRECTION('',(-1.,-5.55111512312583E-16,0.));
#11785=DIRECTION('center_axis',(0.,0.,1.));
#11786=DIRECTION('ref_axis',(-0.707106781186548,-0.707106781186548,0.));
#11787=DIRECTION('',(0.,0.707106781186549,-0.707106781186546));
#11788=DIRECTION('',(0.707106781186548,0.,-0.707106781186548));
#11789=DIRECTION('center_axis',(0.,0.,1.));
#11790=DIRECTION('ref_axis',(-0.707106781186547,-0.707106781186547,0.));
#11791=DIRECTION('center_axis',(0.,0.707106781186548,0.707106781186548));
#11792=DIRECTION('ref_axis',(1.,0.,0.));
#11793=DIRECTION('',(1.,0.,0.));
#11794=DIRECTION('',(0.,0.707106781186548,-0.707106781186548));
#11795=DIRECTION('center_axis',(0.,0.,1.));
#11796=DIRECTION('ref_axis',(0.707106781186548,-0.707106781186548,0.));
#11797=DIRECTION('',(-0.707106781186549,0.,-0.707106781186546));
#11798=DIRECTION('center_axis',(0.,0.,1.));
#11799=DIRECTION('ref_axis',(0.707106781186547,-0.707106781186547,0.));
#11800=DIRECTION('center_axis',(-0.707106781186548,0.,0.707106781186548));
#11801=DIRECTION('ref_axis',(0.707106781186548,0.,0.707106781186548));
#11802=DIRECTION('',(0.,1.,0.));
#11803=DIRECTION('',(0.707106781186546,0.,0.707106781186549));
#11804=DIRECTION('center_axis',(0.,0.,1.));
#11805=DIRECTION('ref_axis',(0.707106781186546,0.707106781186549,0.));
#11806=DIRECTION('',(0.,0.707106781186548,0.707106781186548));
#11807=DIRECTION('center_axis',(0.,0.,1.));
#11808=DIRECTION('ref_axis',(0.707106781186546,0.707106781186549,0.));
#11809=DIRECTION('center_axis',(0.,-0.707106781186548,0.707106781186548));
#11810=DIRECTION('ref_axis',(1.,0.,0.));
#11811=DIRECTION('',(-1.,0.,0.));
#11812=DIRECTION('',(0.,0.70710678118655,0.707106781186545));
#11813=DIRECTION('center_axis',(0.,0.,1.));
#11814=DIRECTION('ref_axis',(-0.707106781186548,0.707106781186547,0.));
#11815=DIRECTION('',(-0.707106781186548,0.,0.707106781186548));
#11816=DIRECTION('center_axis',(0.,0.,1.));
#11817=DIRECTION('ref_axis',(-0.707106781186548,0.707106781186547,0.));
#11818=DIRECTION('center_axis',(0.707106781186548,0.,0.707106781186548));
#11819=DIRECTION('ref_axis',(0.707106781186548,0.,-0.707106781186548));
#11820=DIRECTION('',(0.,-1.,0.));
#11821=DIRECTION('center_axis',(0.,0.,1.));
#11822=DIRECTION('ref_axis',(1.,2.22044604925032E-15,0.));
#11823=DIRECTION('',(-0.707106781186551,0.,-0.707106781186544));
#11824=DIRECTION('center_axis',(0.,0.,1.));
#11825=DIRECTION('ref_axis',(1.,2.22044604925032E-15,0.));
#11826=DIRECTION('',(-7.8504622934188E-15,-0.707106781186549,-0.707106781186546));
#11827=DIRECTION('center_axis',(0.,-0.707106781186548,0.707106781186548));
#11828=DIRECTION('ref_axis',(1.,0.,0.));
#11829=DIRECTION('',(-1.,0.,0.));
#11830=DIRECTION('',(0.,-0.707106781186548,-0.707106781186548));
#11831=DIRECTION('center_axis',(0.,0.,1.));
#11832=DIRECTION('ref_axis',(-8.88178419700128E-15,1.,0.));
#11833=DIRECTION('center_axis',(0.,0.,1.));
#11834=DIRECTION('ref_axis',(-8.88178419700128E-15,1.,0.));
#11835=DIRECTION('',(0.70710678118655,0.,-0.707106781186545));
#11836=DIRECTION('center_axis',(0.707106781186548,0.,0.707106781186548));
#11837=DIRECTION('ref_axis',(0.707106781186548,0.,-0.707106781186548));
#11838=DIRECTION('',(0.,-1.,0.));
#11839=DIRECTION('',(-0.707106781186544,9.81307786677364E-16,0.707106781186551));
#11840=DIRECTION('center_axis',(0.,0.,1.));
#11841=DIRECTION('ref_axis',(-1.,1.66533453693775E-15,0.));
#11842=DIRECTION('center_axis',(0.,0.,1.));
#11843=DIRECTION('ref_axis',(-1.,1.66533453693775E-15,0.));
#11844=DIRECTION('',(0.,-0.707106781186548,0.707106781186547));
#11845=DIRECTION('center_axis',(0.,0.707106781186548,0.707106781186547));
#11846=DIRECTION('ref_axis',(1.,0.,0.));
#11847=DIRECTION('',(1.,0.,0.));
#11848=DIRECTION('',(0.,-0.707106781186548,0.707106781186547));
#11849=DIRECTION('center_axis',(0.,0.,1.));
#11850=DIRECTION('ref_axis',(4.44089209850065E-15,-1.,0.));
#11851=DIRECTION('center_axis',(0.,0.,1.));
#11852=DIRECTION('ref_axis',(4.44089209850066E-15,-1.,0.));
#11853=DIRECTION('',(0.707106781186551,0.,0.707106781186544));
#11854=DIRECTION('center_axis',(-0.707106781186544,3.5673987464503E-16,
0.707106781186551));
#11855=DIRECTION('ref_axis',(0.707106781186551,0.,0.707106781186544));
#11856=DIRECTION('',(5.04506368962282E-16,1.,0.));
#11857=DIRECTION('center_axis',(0.,0.,-1.));
#11858=DIRECTION('ref_axis',(8.88178419700113E-15,-1.,0.));
#11859=DIRECTION('center_axis',(0.,0.,-1.));
#11860=DIRECTION('ref_axis',(8.88178419700113E-15,-1.,0.));
#11861=DIRECTION('',(0.,0.,-1.));
#11862=DIRECTION('center_axis',(0.,0.707106781186548,0.707106781186548));
#11863=DIRECTION('ref_axis',(1.,0.,0.));
#11864=DIRECTION('',(1.,0.,0.));
#11865=DIRECTION('',(7.85046229341885E-15,-0.707106781186546,0.707106781186549));
#11866=DIRECTION('center_axis',(1.,0.,0.));
#11867=DIRECTION('ref_axis',(0.,-1.,0.));
#11868=DIRECTION('center_axis',(0.,0.,1.));
#11869=DIRECTION('ref_axis',(1.,3.33066907387544E-15,0.));
#11870=DIRECTION('center_axis',(0.,0.,1.));
#11871=DIRECTION('ref_axis',(1.,3.33066907387544E-15,0.));
#11872=DIRECTION('center_axis',(0.,0.,1.));
#11873=DIRECTION('ref_axis',(1.,0.,0.));
#11874=DIRECTION('center_axis',(0.,0.,1.));
#11875=DIRECTION('ref_axis',(8.88178419700113E-15,-1.,0.));
#11876=DIRECTION('center_axis',(0.,0.,1.));
#11877=DIRECTION('ref_axis',(8.88178419700113E-15,-1.,0.));
#11878=DIRECTION('',(0.,0.,1.));
#11879=DIRECTION('',(1.,0.,0.));
#11880=DIRECTION('',(0.,0.,1.));
#11881=DIRECTION('',(1.,0.,0.));
#11882=CARTESIAN_POINT('',(0.,0.,0.));
#11883=CARTESIAN_POINT('',(0.,0.,0.));
#11884=CARTESIAN_POINT('',(0.,0.,0.));
#11885=CARTESIAN_POINT('Origin',(23.9300149468231,-38.7130228604585,7.39998009868004));
#11886=CARTESIAN_POINT('',(21.6792319862369,-38.7130228604585,3.30071479080656));
#11887=CARTESIAN_POINT('',(26.3546913600007,-38.7130228604585,3.40111222247053));
#11888=CARTESIAN_POINT('',(26.3546913600007,-38.7130228604585,3.40111222247053));
#11889=CARTESIAN_POINT('',(19.2545555730593,-38.7130228604585,7.29958266701607));
#11890=CARTESIAN_POINT('',(21.6792319862369,-38.7130228604585,3.30071479080656));
#11891=CARTESIAN_POINT('',(21.5053385336455,-38.7130228604585,11.3988479748895));
#11892=CARTESIAN_POINT('',(19.2545555730593,-38.7130228604585,7.29958266701607));
#11893=CARTESIAN_POINT('',(26.1807979074093,-38.7130228604585,11.4992454065535));
#11894=CARTESIAN_POINT('',(21.5053385336455,-38.7130228604585,11.3988479748895));
#11895=CARTESIAN_POINT('',(28.6054743205868,-38.7130228604585,7.500377530344));
#11896=CARTESIAN_POINT('',(26.1807979074093,-38.7130228604585,11.4992454065535));
#11897=CARTESIAN_POINT('',(28.6054743205868,-38.7130228604585,7.500377530344));
#11898=CARTESIAN_POINT('',(27.0300149468231,-38.7130228604585,7.39998009868004));
#11899=CARTESIAN_POINT('Origin',(23.9300149468231,-38.7130228604585,7.39998009868004));
#11900=CARTESIAN_POINT('Origin',(19.9427750024123,39.1130228604585,-5.5));
#11901=CARTESIAN_POINT('',(37.8855500048245,39.2130228604585,-5.4));
#11902=CARTESIAN_POINT('',(-37.8855500048245,39.2130228604585,-5.4));
#11903=CARTESIAN_POINT('',(28.9141625036184,39.2130228604585,-5.4));
#11904=CARTESIAN_POINT('',(37.8855500048245,38.6130228604585,-6.));
#11905=CARTESIAN_POINT('',(37.8855500048245,39.6130228604585,-5.));
#11906=CARTESIAN_POINT('',(-37.8855500048245,38.6130228604585,-6.));
#11907=CARTESIAN_POINT('',(19.9427750024123,38.6130228604585,-6.));
#11908=CARTESIAN_POINT('',(-37.8855500048245,39.6130228604585,-5.));
#11909=CARTESIAN_POINT('Origin',(-20.9369548634037,39.0130228604585,0.269022597396768));
#11910=CARTESIAN_POINT('',(-20.9369548634037,39.2130228604585,-1.03097740260323));
#11911=CARTESIAN_POINT('',(-19.6369548634037,39.2130228604585,0.269022597396768));
#11912=CARTESIAN_POINT('Origin',(-20.9369548634037,39.2130228604585,0.269022597396768));
#11913=CARTESIAN_POINT('',(-20.9369548634037,38.4130228604585,-0.230977402603232));
#11914=CARTESIAN_POINT('',(-20.9369548634037,38.4130228604585,-0.230977402603232));
#11915=CARTESIAN_POINT('',(-20.4369548634037,38.4130228604585,0.269022597396768));
#11916=CARTESIAN_POINT('Origin',(-20.9369548634037,38.4130228604585,0.269022597396768));
#11917=CARTESIAN_POINT('',(-20.4369548634037,38.4130228604585,0.269022597396768));
#11918=CARTESIAN_POINT('Origin',(39.3855500048245,1.22185466337764,1.68478108162738));
#11919=CARTESIAN_POINT('',(39.4855500048245,1.22185466337764,0.784781081627377));
#11920=CARTESIAN_POINT('',(39.4855500048245,0.32185466337764,1.68478108162738));
#11921=CARTESIAN_POINT('Origin',(39.4855500048245,1.22185466337764,1.68478108162738));
#11922=CARTESIAN_POINT('',(38.8855500048245,1.22185466337764,1.38478108162738));
#11923=CARTESIAN_POINT('',(38.8855500048245,1.22185466337764,1.38478108162738));
#11924=CARTESIAN_POINT('',(38.8855500048245,0.92185466337764,1.68478108162738));
#11925=CARTESIAN_POINT('Origin',(38.8855500048245,1.22185466337764,1.68478108162738));
#11926=CARTESIAN_POINT('',(38.8855500048245,0.92185466337764,1.68478108162738));
#11927=CARTESIAN_POINT('Origin',(-39.8855500048245,-0.0414481274815337,
8.26873440202908));
#11928=CARTESIAN_POINT('',(-39.4855500048245,-0.841448127481534,8.26873440202908));
#11929=CARTESIAN_POINT('',(-39.4855500048245,-28.7871423995404,8.26873440202908));
#11930=CARTESIAN_POINT('',(-39.4855500048245,18.7857873664885,8.26873440202908));
#11931=CARTESIAN_POINT('',(-37.8855500048245,-0.841448127481534,8.26873440202908));
#11932=CARTESIAN_POINT('',(-39.8855500048245,-0.841448127481534,8.26873440202908));
#11933=CARTESIAN_POINT('',(-37.8855500048245,-28.7871423995404,8.26873440202908));
#11934=CARTESIAN_POINT('',(-37.8855500048245,-18.82723549397,8.26873440202908));
#11935=CARTESIAN_POINT('',(-39.8855500048245,-28.7871423995404,8.26873440202908));
#11936=CARTESIAN_POINT('Origin',(-39.8855500048245,-0.841448127481534,7.46873440202908));
#11937=CARTESIAN_POINT('',(-39.4855500048245,-0.0414481274815337,7.46873440202908));
#11938=CARTESIAN_POINT('Origin',(-39.4855500048245,-0.841448127481534,7.46873440202908));
#11939=CARTESIAN_POINT('',(-37.8855500048245,-0.0414481274815337,7.46873440202908));
#11940=CARTESIAN_POINT('',(-39.8855500048245,-0.0414481274815337,7.46873440202908));
#11941=CARTESIAN_POINT('Origin',(-37.8855500048245,-0.841448127481534,7.46873440202908));
#11942=CARTESIAN_POINT('Origin',(-39.8855500048245,-0.0414481274815337,
2.35737724185244));
#11943=CARTESIAN_POINT('',(-39.4855500048245,-0.0414481274815337,3.15737724185244));
#11944=CARTESIAN_POINT('',(-39.4855500048245,-0.0414481274815337,10.6786886209262));
#11945=CARTESIAN_POINT('',(-37.8855500048245,-0.0414481274815337,3.15737724185244));
#11946=CARTESIAN_POINT('',(-39.8855500048245,-0.0414481274815337,3.15737724185244));
#11947=CARTESIAN_POINT('',(-37.8855500048245,-0.0414481274815337,-1.82131137907378));
#11948=CARTESIAN_POINT('Origin',(-39.8855500048245,-0.841448127481534,3.15737724185244));
#11949=CARTESIAN_POINT('',(-39.4855500048245,-0.841448127481534,2.35737724185244));
#11950=CARTESIAN_POINT('Origin',(-39.4855500048245,-0.841448127481534,3.15737724185244));
#11951=CARTESIAN_POINT('',(-37.8855500048245,-0.841448127481534,2.35737724185244));
#11952=CARTESIAN_POINT('',(-39.8855500048245,-0.841448127481534,2.35737724185244));
#11953=CARTESIAN_POINT('Origin',(-37.8855500048245,-0.841448127481534,3.15737724185244));
#11954=CARTESIAN_POINT('Origin',(-39.8855500048245,1.21503497079916,7.38919623323259));
#11955=CARTESIAN_POINT('',(-39.4855500048245,1.21503497079916,6.58919623323259));
#11956=CARTESIAN_POINT('',(-39.4855500048245,1.21503497079916,2.88055514299663));
#11957=CARTESIAN_POINT('',(-39.4855500048245,1.21503497079916,13.1945981166163));
#11958=CARTESIAN_POINT('',(-37.8855500048245,1.21503497079916,6.58919623323259));
#11959=CARTESIAN_POINT('',(-39.8855500048245,1.21503497079916,6.58919623323259));
#11960=CARTESIAN_POINT('',(-37.8855500048245,1.21503497079916,2.88055514299663));
#11961=CARTESIAN_POINT('',(-37.8855500048245,1.21503497079916,0.694598116616295));
#11962=CARTESIAN_POINT('',(-39.8855500048245,1.21503497079916,2.88055514299663));
#11963=CARTESIAN_POINT('Origin',(-39.8855500048245,2.01503497079917,6.58919623323259));
#11964=CARTESIAN_POINT('',(-39.4855500048245,2.01503497079917,7.38919623323259));
#11965=CARTESIAN_POINT('Origin',(-39.4855500048245,2.01503497079917,6.58919623323259));
#11966=CARTESIAN_POINT('',(-37.8855500048245,2.01503497079917,7.38919623323259));
#11967=CARTESIAN_POINT('',(-39.8855500048245,2.01503497079917,7.38919623323259));
#11968=CARTESIAN_POINT('Origin',(-37.8855500048245,2.01503497079917,6.58919623323259));
#11969=CARTESIAN_POINT('Origin',(-39.8855500048245,12.0207896160132,7.38919623323259));
#11970=CARTESIAN_POINT('',(-39.4855500048245,11.2207896160132,7.38919623323259));
#11971=CARTESIAN_POINT('',(-39.4855500048245,24.8169062382359,7.38919623323259));
#11972=CARTESIAN_POINT('',(-37.8855500048245,11.2207896160132,7.38919623323259));
#11973=CARTESIAN_POINT('',(-39.8855500048245,11.2207896160132,7.38919623323259));
#11974=CARTESIAN_POINT('',(-37.8855500048245,-12.7961166222227,7.38919623323259));
#11975=CARTESIAN_POINT('Origin',(-39.8855500048245,11.2207896160132,6.58919623323259));
#11976=CARTESIAN_POINT('',(-39.4855500048245,12.0207896160132,6.58919623323259));
#11977=CARTESIAN_POINT('Origin',(-39.4855500048245,11.2207896160132,6.58919623323259));
#11978=CARTESIAN_POINT('',(-37.8855500048245,12.0207896160132,6.58919623323259));
#11979=CARTESIAN_POINT('',(-39.8855500048245,12.0207896160132,6.58919623323259));
#11980=CARTESIAN_POINT('Origin',(-37.8855500048245,11.2207896160132,6.58919623323259));
#11981=CARTESIAN_POINT('Origin',(-39.3855500048245,30.1897794974504,1.71528004931989));
#11982=CARTESIAN_POINT('',(-39.4855500048245,30.1897794974504,0.815280049319894));
#11983=CARTESIAN_POINT('',(-39.4855500048245,31.0897794974504,1.71528004931989));
#11984=CARTESIAN_POINT('Origin',(-39.4855500048245,30.1897794974504,1.71528004931989));
#11985=CARTESIAN_POINT('',(-38.8855500048245,30.1897794974504,1.41528004931989));
#11986=CARTESIAN_POINT('',(-38.8855500048245,30.1897794974504,1.41528004931989));
#11987=CARTESIAN_POINT('',(-38.8855500048245,30.4897794974504,1.71528004931989));
#11988=CARTESIAN_POINT('Origin',(-38.8855500048245,30.1897794974504,1.71528004931989));
#11989=CARTESIAN_POINT('',(-38.8855500048245,30.4897794974504,1.71528004931989));
#11990=CARTESIAN_POINT('Origin',(-18.9427750024123,37.1130228604585,-2.5));
#11991=CARTESIAN_POINT('',(30.96,37.6130228604585,-2.));
#11992=CARTESIAN_POINT('',(30.96,36.6130228604585,-3.));
#11993=CARTESIAN_POINT('',(30.96,36.9097671453439,-2.70325571511463));
#11994=CARTESIAN_POINT('',(-30.96,37.6130228604585,-2.));
#11995=CARTESIAN_POINT('',(-18.9427750024123,37.6130228604585,-2.));
#11996=CARTESIAN_POINT('',(-30.96,36.6130228604585,-3.));
#11997=CARTESIAN_POINT('',(-30.96,37.8630228604585,-1.75));
#11998=CARTESIAN_POINT('',(-18.9427750024123,36.6130228604585,-3.));
#11999=CARTESIAN_POINT('Origin',(-30.96,37.6130228604585,0.));
#12000=CARTESIAN_POINT('',(-30.96,37.6130228604585,0.));
#12001=CARTESIAN_POINT('',(-30.96,37.6130228604585,0.));
#12002=CARTESIAN_POINT('',(-30.96,33.8,0.));
#12003=CARTESIAN_POINT('',(-30.96,33.8,0.));
#12004=CARTESIAN_POINT('',(-30.96,33.8,-3.));
#12005=CARTESIAN_POINT('',(-30.96,33.8,0.));
#12006=CARTESIAN_POINT('',(-30.96,18.8065114302293,-3.));
#12007=CARTESIAN_POINT('Origin',(-37.8855500048245,37.6130228604585,-6.));
#12008=CARTESIAN_POINT('',(30.96,37.6130228604585,0.));
#12009=CARTESIAN_POINT('',(30.96,37.6130228604585,0.));
#12010=CARTESIAN_POINT('',(37.8855500048245,37.6130228604585,0.));
#12011=CARTESIAN_POINT('',(37.8855500048245,37.6130228604585,0.));
#12012=CARTESIAN_POINT('',(37.8855500048245,37.6130228604585,14.));
#12013=CARTESIAN_POINT('',(37.8855500048245,37.6130228604585,-6.));
#12014=CARTESIAN_POINT('',(-37.8855500048245,37.6130228604585,14.));
#12015=CARTESIAN_POINT('',(-37.8855500048245,37.6130228604585,14.));
#12016=CARTESIAN_POINT('',(-37.8855500048245,37.6130228604585,0.));
#12017=CARTESIAN_POINT('',(-37.8855500048245,37.6130228604585,-6.));
#12018=CARTESIAN_POINT('',(37.8855500048245,37.6130228604585,0.));
#12019=CARTESIAN_POINT('',(-31.0369548634037,37.6130228604585,0.269022597396769));
#12020=CARTESIAN_POINT('',(-30.5369548634037,37.6130228604585,-0.230977402603232));
#12021=CARTESIAN_POINT('Origin',(-30.5369548634037,37.6130228604585,0.269022597396769));
#12022=CARTESIAN_POINT('',(-31.0369548634037,37.6130228604585,5.86902259739677));
#12023=CARTESIAN_POINT('',(-31.0369548634037,37.6130228604585,0.184511298698384));
#12024=CARTESIAN_POINT('',(-30.5369548634037,37.6130228604585,6.36902259739677));
#12025=CARTESIAN_POINT('Origin',(-30.5369548634037,37.6130228604585,5.86902259739677));
#12026=CARTESIAN_POINT('',(-20.9369548634037,37.6130228604585,6.36902259739677));
#12027=CARTESIAN_POINT('',(-29.1612524341141,37.6130228604585,6.36902259739677));
#12028=CARTESIAN_POINT('',(-20.4369548634037,37.6130228604585,5.86902259739677));
#12029=CARTESIAN_POINT('Origin',(-20.9369548634037,37.6130228604585,5.86902259739677));
#12030=CARTESIAN_POINT('',(-20.4369548634037,37.6130228604585,0.269022597396768));
#12031=CARTESIAN_POINT('',(-20.4369548634037,37.6130228604585,-3.11548870130162));
#12032=CARTESIAN_POINT('',(-20.9369548634037,37.6130228604585,-0.230977402603232));
#12033=CARTESIAN_POINT('Origin',(-20.9369548634037,37.6130228604585,0.269022597396768));
#12034=CARTESIAN_POINT('',(-34.4612524341141,37.6130228604585,-0.230977402603232));
#12035=CARTESIAN_POINT('Origin',(-37.3855500048245,-18.8065114302293,-2.5));
#12036=CARTESIAN_POINT('',(-37.8855500048245,30.7,-2.));
#12037=CARTESIAN_POINT('',(-36.8855500048245,30.7,-3.));
#12038=CARTESIAN_POINT('',(-37.1791625036184,30.7,-2.70638750120613));
#12039=CARTESIAN_POINT('',(-37.8855500048245,-30.8,-2.));
#12040=CARTESIAN_POINT('',(-37.8855500048245,-18.8065114302293,-2.));
#12041=CARTESIAN_POINT('',(-36.8855500048245,-30.8,-3.));
#12042=CARTESIAN_POINT('',(-38.1355500048245,-30.8,-1.75));
#12043=CARTESIAN_POINT('',(-36.8855500048245,-18.8065114302293,-3.));
#12044=CARTESIAN_POINT('Origin',(-37.8855500048245,-30.8,0.));
#12045=CARTESIAN_POINT('',(-37.8855500048245,-30.8,0.));
#12046=CARTESIAN_POINT('',(-37.8855500048245,-30.8,0.));
#12047=CARTESIAN_POINT('',(-33.61,-30.8,0.));
#12048=CARTESIAN_POINT('',(-33.61,-30.8,0.));
#12049=CARTESIAN_POINT('',(-33.61,-30.8,-3.));
#12050=CARTESIAN_POINT('',(-33.61,-30.8,0.));
#12051=CARTESIAN_POINT('',(-18.9427750024123,-30.8,-3.));
#12052=CARTESIAN_POINT('Origin',(-37.8855500048245,-37.6130228604585,-6.));
#12053=CARTESIAN_POINT('',(-37.8855500048245,30.7,0.));
#12054=CARTESIAN_POINT('',(-37.8855500048245,30.7,0.));
#12055=CARTESIAN_POINT('',(-37.8855500048245,37.6130228604585,0.));
#12056=CARTESIAN_POINT('',(-37.8855500048245,-37.6130228604585,14.));
#12057=CARTESIAN_POINT('',(-37.8855500048245,-37.6130228604585,14.));
#12058=CARTESIAN_POINT('',(-37.8855500048245,-37.6130228604585,0.));
#12059=CARTESIAN_POINT('',(-37.8855500048245,-37.6130228604585,-6.));
#12060=CARTESIAN_POINT('',(-37.8855500048245,37.6130228604585,0.));
#12061=CARTESIAN_POINT('',(-37.8855500048245,21.8778068531479,7.67859443641624));
#12062=CARTESIAN_POINT('Origin',(-37.8855500048245,18.0014012956537,7.67859443641624));
#12063=CARTESIAN_POINT('',(-37.8855500048245,24.0071393372802,6.85592640637074));
#12064=CARTESIAN_POINT('',(-37.8855500048245,30.1897794974504,6.85592640637074));
#12065=CARTESIAN_POINT('',(-37.8855500048245,-3.56162168150405,6.85592640637074));
#12066=CARTESIAN_POINT('',(-37.8855500048245,30.4897794974504,6.55592640637074));
#12067=CARTESIAN_POINT('Origin',(-37.8855500048245,30.1897794974504,6.55592640637074));
#12068=CARTESIAN_POINT('',(-37.8855500048245,30.4897794974504,1.71528004931989));
#12069=CARTESIAN_POINT('',(-37.8855500048245,30.4897794974504,-2.29235997534005));
#12070=CARTESIAN_POINT('',(-37.8855500048245,30.1897794974504,1.41528004931989));
#12071=CARTESIAN_POINT('Origin',(-37.8855500048245,30.1897794974504,1.71528004931989));
#12072=CARTESIAN_POINT('',(-37.8855500048245,24.0071393372802,1.41528004931989));
#12073=CARTESIAN_POINT('',(-37.8855500048245,-6.95294176158918,1.41528004931989));
#12074=CARTESIAN_POINT('',(-37.8855500048245,23.7071393372802,1.71528004931989));
#12075=CARTESIAN_POINT('Origin',(-37.8855500048245,24.0071393372802,1.71528004931989));
#12076=CARTESIAN_POINT('',(-37.8855500048245,23.7071393372802,6.55592640637074));
#12077=CARTESIAN_POINT('',(-37.8855500048245,23.7071393372802,0.427963203185371));
#12078=CARTESIAN_POINT('Origin',(-37.8855500048245,24.0071393372802,6.55592640637074));
#12079=CARTESIAN_POINT('',(-37.8855500048245,12.0207896160132,2.88055514299663));
#12080=CARTESIAN_POINT('',(-37.8855500048245,12.0207896160132,-1.95972242850168));
#12081=CARTESIAN_POINT('',(-37.8855500048245,11.2207896160132,2.08055514299663));
#12082=CARTESIAN_POINT('Origin',(-37.8855500048245,11.2207896160132,2.88055514299663));
#12083=CARTESIAN_POINT('',(-37.8855500048245,2.01503497079917,2.08055514299663));
#12084=CARTESIAN_POINT('',(-37.8855500048245,-18.1989939448297,2.08055514299663));
#12085=CARTESIAN_POINT('Origin',(-37.8855500048245,2.01503497079917,2.88055514299663));
#12086=CARTESIAN_POINT('',(-37.8855500048245,-29.5871423995404,3.15737724185244));
#12087=CARTESIAN_POINT('',(-37.8855500048245,-29.5871423995404,7.46873440202908));
#12088=CARTESIAN_POINT('',(-37.8855500048245,-29.5871423995404,1.13436720101454));
#12089=CARTESIAN_POINT('Origin',(-37.8855500048245,-28.7871423995404,7.46873440202908));
#12090=CARTESIAN_POINT('',(-37.8855500048245,-28.7871423995404,2.35737724185244));
#12091=CARTESIAN_POINT('',(-37.8855500048245,-33.6000826299995,2.35737724185244));
#12092=CARTESIAN_POINT('Origin',(-37.8855500048245,-28.7871423995404,3.15737724185244));
#12093=CARTESIAN_POINT('Origin',(37.3855500048245,18.8065114302293,-2.5));
#12094=CARTESIAN_POINT('',(37.8855500048245,-31.5379946425247,-2.));
#12095=CARTESIAN_POINT('',(36.8855500048245,-30.5379946425247,-3.));
#12096=CARTESIAN_POINT('',(24.4622539675251,-18.1146986052253,-15.4232960372994));
#12097=CARTESIAN_POINT('',(37.8855500048245,30.7,-2.));
#12098=CARTESIAN_POINT('',(37.8855500048245,18.8065114302293,-2.));
#12099=CARTESIAN_POINT('',(36.8855500048245,30.7,-3.));
#12100=CARTESIAN_POINT('',(38.1355500048245,30.7,-1.75));
#12101=CARTESIAN_POINT('',(36.8855500048245,18.8065114302293,-3.));
#12102=CARTESIAN_POINT('Origin',(37.8855500048245,30.7,0.));
#12103=CARTESIAN_POINT('',(37.8855500048245,30.7,0.));
#12104=CARTESIAN_POINT('',(37.8855500048245,30.7,0.));
#12105=CARTESIAN_POINT('',(34.06,30.7,0.));
#12106=CARTESIAN_POINT('',(34.06,30.7,0.));
#12107=CARTESIAN_POINT('',(34.06,30.7,-3.));
#12108=CARTESIAN_POINT('',(34.06,30.7,0.));
#12109=CARTESIAN_POINT('',(18.9427750024123,30.7,-3.));
#12110=CARTESIAN_POINT('Origin',(37.8855500048245,37.6130228604585,-6.));
#12111=CARTESIAN_POINT('',(37.8855500048245,-31.5379946425247,2.));
#12112=CARTESIAN_POINT('',(37.8855500048245,-31.5379946425247,-3.));
#12113=CARTESIAN_POINT('',(37.8855500048245,-37.6130228604585,2.));
#12114=CARTESIAN_POINT('',(37.8855500048245,1.58451276959808,2.));
#12115=CARTESIAN_POINT('',(37.8855500048245,-37.6130228604585,14.));
#12116=CARTESIAN_POINT('',(37.8855500048245,-37.6130228604585,-6.));
#12117=CARTESIAN_POINT('',(37.8855500048245,37.6130228604585,14.));
#12118=CARTESIAN_POINT('',(37.8855500048245,-37.6130228604585,0.));
#12119=CARTESIAN_POINT('',(37.8855500048245,14.3535148633249,1.68478108162738));
#12120=CARTESIAN_POINT('',(37.8855500048245,14.3535148633249,4.29117300416976));
#12121=CARTESIAN_POINT('',(37.8855500048245,14.3535148633249,-0.704413497915118));
#12122=CARTESIAN_POINT('',(37.8855500048245,14.0535148633249,4.59117300416976));
#12123=CARTESIAN_POINT('Origin',(37.8855500048245,14.0535148633249,4.29117300416976));
#12124=CARTESIAN_POINT('',(37.8855500048245,1.22185466337764,4.59117300416976));
#12125=CARTESIAN_POINT('',(37.8855500048245,19.2674387619181,4.59117300416976));
#12126=CARTESIAN_POINT('',(37.8855500048245,0.921854663377641,4.29117300416976));
#12127=CARTESIAN_POINT('Origin',(37.8855500048245,1.22185466337764,4.29117300416976));
#12128=CARTESIAN_POINT('',(37.8855500048245,0.921854663377641,1.68478108162738));
#12129=CARTESIAN_POINT('',(37.8855500048245,0.921854663377641,-2.30760945918631));
#12130=CARTESIAN_POINT('',(37.8855500048245,1.22185466337764,1.38478108162738));
#12131=CARTESIAN_POINT('Origin',(37.8855500048245,1.22185466337764,1.68478108162738));
#12132=CARTESIAN_POINT('',(37.8855500048245,14.0535148633249,1.38478108162738));
#12133=CARTESIAN_POINT('',(37.8855500048245,25.9832688618917,1.38478108162738));
#12134=CARTESIAN_POINT('Origin',(37.8855500048245,14.0535148633249,1.68478108162738));
#12135=CARTESIAN_POINT('Origin',(18.9427750024123,-37.1130228604585,-2.5));
#12136=CARTESIAN_POINT('',(-30.51,-37.6130228604585,-2.));
#12137=CARTESIAN_POINT('',(-30.51,-36.6130228604585,-3.));
#12138=CARTESIAN_POINT('',(-30.51,-36.9347671453439,-2.67825571511463));
#12139=CARTESIAN_POINT('',(37.8855500048245,-37.6130228604585,-2.));
#12140=CARTESIAN_POINT('',(18.9427750024123,-37.6130228604585,-2.));
#12141=CARTESIAN_POINT('',(37.8855500048245,-37.613,-2.00002286045852));
#12142=CARTESIAN_POINT('',(37.8855500048245,-17.5565114302292,-22.0565114302293));
#12143=CARTESIAN_POINT('',(18.3805368471054,-37.613,-2.00002286045852));
#12144=CARTESIAN_POINT('',(28.2763875012061,-37.613,-2.00002286045852));
#12145=CARTESIAN_POINT('',(17.3805597075639,-36.6130228604585,-3.));
#12146=CARTESIAN_POINT('',(14.9845917799622,-34.2170549328568,-5.39596792760169));
#12147=CARTESIAN_POINT('',(18.9427750024123,-36.6130228604585,-3.));
#12148=CARTESIAN_POINT('Origin',(37.61,-37.613,0.));
#12149=CARTESIAN_POINT('',(37.8855500048245,-37.613,-1.));
#12150=CARTESIAN_POINT('',(37.8855500048245,-37.613,-3.));
#12151=CARTESIAN_POINT('',(18.3805597075639,-37.613,-1.));
#12152=CARTESIAN_POINT('',(32.8715274280971,-37.613,-1.));
#12153=CARTESIAN_POINT('',(18.3805597075639,-37.613,-2.));
#12154=CARTESIAN_POINT('',(18.3805597075639,-37.613,0.));
#12155=CARTESIAN_POINT('',(23.4379197806729,-37.613,3.05736007310902));
#12156=CARTESIAN_POINT('Origin',(37.8855500048245,37.6130228604585,-6.));
#12157=CARTESIAN_POINT('',(37.8855500048245,-37.6130228604585,-1.));
#12158=CARTESIAN_POINT('',(37.8855500048245,-37.6130228604585,-6.));
#12159=CARTESIAN_POINT('',(37.8855500048245,0.0539023743225986,-1.));
#12160=CARTESIAN_POINT('Origin',(37.8855500048245,-37.6130228604585,-6.));
#12161=CARTESIAN_POINT('',(-30.51,-37.6130228604585,0.));
#12162=CARTESIAN_POINT('',(-30.51,-37.6130228604585,0.));
#12163=CARTESIAN_POINT('',(-37.8855500048245,-37.6130228604585,0.));
#12164=CARTESIAN_POINT('',(37.8855500048245,-37.6130228604585,14.));
#12165=CARTESIAN_POINT('',(26.3179252637637,-37.6130228604585,2.));
#12166=CARTESIAN_POINT('',(33.0093024305094,-37.6130228604585,2.));
#12167=CARTESIAN_POINT('',(27.1928511077658,-37.6130228604585,2.01878752452158));
#12168=CARTESIAN_POINT('',(32.4506813416996,-37.6130228604585,2.13169036666245));
#12169=CARTESIAN_POINT('',(30.0549578354247,-37.6130228604585,7.23143353329896));
#12170=CARTESIAN_POINT('',(28.2542186174991,-37.6130228604585,3.95181575858146));
#12171=CARTESIAN_POINT('',(30.0420768389364,-37.6130228604585,7.83129525063844));
#12172=CARTESIAN_POINT('Origin',(29.5290218512068,-37.6130228604585,7.52020912178382));
#12173=CARTESIAN_POINT('',(27.1384519984645,-37.6130228604585,12.6200629542474));
#12174=CARTESIAN_POINT('',(32.6207155837661,-37.6130228604585,3.57850688473238));
#12175=CARTESIAN_POINT('',(26.6125160142466,-37.6130228604585,12.9088385427322));
#12176=CARTESIAN_POINT('Origin',(26.6253970107349,-37.6130228604585,12.3089768253927));
#12177=CARTESIAN_POINT('',(21.0135091098629,-37.6130228604585,12.7886095196284));
#12178=CARTESIAN_POINT('',(29.0708427959886,-37.6130228604585,12.9616268733212));
#12179=CARTESIAN_POINT('',(20.5004541221333,-37.6130228604585,12.4775233907738));
#12180=CARTESIAN_POINT('Origin',(21.0263901063512,-37.6130228604585,12.188747802289));
#12181=CARTESIAN_POINT('',(17.8050720582215,-37.6130228604585,7.56852666406114));
#12182=CARTESIAN_POINT('',(17.1852992085046,-37.6130228604585,6.43975797063528));
#12183=CARTESIAN_POINT('',(17.8179530547097,-37.6130228604585,6.96866494672166));
#12184=CARTESIAN_POINT('Origin',(18.3310080424393,-37.6130228604585,7.27975107557628));
#12185=CARTESIAN_POINT('',(20.8306569184637,-37.6130228604585,2.));
#12186=CARTESIAN_POINT('',(24.9316347204826,-37.6130228604585,-4.76348740987256));
#12187=CARTESIAN_POINT('',(18.3805597075639,-37.6130228604585,2.));
#12188=CARTESIAN_POINT('',(33.0093024305094,-37.6130228604585,2.));
#12189=CARTESIAN_POINT('',(18.3805597075639,-37.6130228604585,-1.));
#12190=CARTESIAN_POINT('',(18.3805597075639,-37.6130228604585,-2.));
#12191=CARTESIAN_POINT('',(33.0093024305094,-37.6130228604585,-1.));
#12192=CARTESIAN_POINT('Origin',(17.8805597075639,-18.675,-2.5));
#12193=CARTESIAN_POINT('',(18.3805597075639,-32.5379946425247,-2.));
#12194=CARTESIAN_POINT('',(18.3805597075639,-18.675,-2.));
#12195=CARTESIAN_POINT('',(17.3805597075639,-32.5379946425247,-3.));
#12196=CARTESIAN_POINT('',(18.3805597075639,-32.5379946425247,-2.));
#12197=CARTESIAN_POINT('',(17.3805597075639,-18.675,-3.));
#12198=CARTESIAN_POINT('Origin',(19.3805597075639,-32.5379946425247,-2.5));
#12199=CARTESIAN_POINT('',(19.3805597075639,-31.5379946425247,-2.));
#12200=CARTESIAN_POINT('',(19.3805597075639,-30.5379946425247,-3.));
#12201=CARTESIAN_POINT('',(19.3805597075639,-31.5379946425247,-2.));
#12202=CARTESIAN_POINT('Origin',(19.3805597075639,-32.5379946425247,-3.));
#12203=CARTESIAN_POINT('Origin',(19.3805597075639,-32.5379946425247,-2.));
#12204=CARTESIAN_POINT('Origin',(9.69027985378195,-31.0379946425247,-2.5));
#12205=CARTESIAN_POINT('',(9.69027985378195,-30.5379946425247,-3.));
#12206=CARTESIAN_POINT('',(9.69027985378195,-31.5379946425247,-2.));
#12207=CARTESIAN_POINT('Origin',(0.,0.,-3.));
#12208=CARTESIAN_POINT('',(-34.06,30.7,-3.));
#12209=CARTESIAN_POINT('Origin',(-34.06,33.8,-3.));
#12210=CARTESIAN_POINT('',(-17.03,30.7,-3.));
#12211=CARTESIAN_POINT('',(-30.51,-33.9,-3.));
#12212=CARTESIAN_POINT('Origin',(-33.61,-33.9,-3.));
#12213=CARTESIAN_POINT('',(-30.51,-16.95,-3.));
#12214=CARTESIAN_POINT('',(30.96,33.8,-3.));
#12215=CARTESIAN_POINT('Origin',(34.06,33.8,-3.));
#12216=CARTESIAN_POINT('',(30.96,16.9,-3.));
#12217=CARTESIAN_POINT('Origin',(37.8855500048245,37.6130228604585,-5.5));
#12218=CARTESIAN_POINT('',(39.4855500048245,37.6130228604585,-5.4));
#12219=CARTESIAN_POINT('Origin',(37.8855500048245,37.6130228604585,-5.4));
#12220=CARTESIAN_POINT('',(38.8855500048245,37.6130228604585,-6.));
#12221=CARTESIAN_POINT('',(39.8855500048245,37.6130228604585,-5.));
#12222=CARTESIAN_POINT('Origin',(37.8855500048245,37.6130228604585,-6.));
#12223=CARTESIAN_POINT('Origin',(39.3855500048245,-19.8065114302293,-5.5));
#12224=CARTESIAN_POINT('',(39.4855500048245,-37.6130228604585,-5.4));
#12225=CARTESIAN_POINT('',(39.4855500048245,-28.7097671453439,-5.4));
#12226=CARTESIAN_POINT('',(38.8855500048245,-37.6130228604585,-6.));
#12227=CARTESIAN_POINT('',(39.8855500048245,-37.6130228604585,-5.));
#12228=CARTESIAN_POINT('',(38.8855500048245,-19.8065114302293,-6.));
#12229=CARTESIAN_POINT('Origin',(37.8855500048245,-37.6130228604585,-5.5));
#12230=CARTESIAN_POINT('',(37.8855500048245,-39.2130228604585,-5.4));
#12231=CARTESIAN_POINT('Origin',(37.8855500048245,-37.6130228604585,-5.40000000000001));
#12232=CARTESIAN_POINT('',(37.8855500048245,-38.6130228604585,-6.));
#12233=CARTESIAN_POINT('',(37.8855500048245,-38.6130228604585,-6.));
#12234=CARTESIAN_POINT('Origin',(37.8855500048245,-37.6130228604585,-6.));
#12235=CARTESIAN_POINT('Origin',(0.,0.,-6.));
#12236=CARTESIAN_POINT('',(-37.8855500048245,-38.6130228604585,-6.));
#12237=CARTESIAN_POINT('',(-19.9427750024123,-38.6130228604585,-6.));
#12238=CARTESIAN_POINT('',(-38.8855500048245,-37.6130228604585,-6.));
#12239=CARTESIAN_POINT('Origin',(-37.8855500048245,-37.6130228604585,-6.));
#12240=CARTESIAN_POINT('',(-38.8855500048245,37.6130228604585,-6.));
#12241=CARTESIAN_POINT('',(-38.8855500048245,19.8065114302293,-6.));
#12242=CARTESIAN_POINT('Origin',(-37.8855500048245,37.6130228604585,-6.));
#12243=CARTESIAN_POINT('',(31.16,33.8,-6.));
#12244=CARTESIAN_POINT('Origin',(34.06,33.8,-6.));
#12245=CARTESIAN_POINT('',(30.71,-34.9,-6.));
#12246=CARTESIAN_POINT('Origin',(33.61,-34.9,-6.));
#12247=CARTESIAN_POINT('',(-36.96,33.8,-6.));
#12248=CARTESIAN_POINT('Origin',(-34.06,33.8,-6.));
#12249=CARTESIAN_POINT('',(-36.51,-33.9,-6.));
#12250=CARTESIAN_POINT('Origin',(-33.61,-33.9,-6.));
#12251=CARTESIAN_POINT('Origin',(28.1330548561942,-37.5052181118133,-1.));
#12252=CARTESIAN_POINT('',(18.3805597075639,-36.6846708926858,-1.));
#12253=CARTESIAN_POINT('Origin',(20.901183555417,-37.6130228604585,1.88368480783797));
#12254=CARTESIAN_POINT('',(20.8306569184637,-36.8130228604585,2.));
#12255=CARTESIAN_POINT('',(20.8306569184637,-37.5591204861359,2.));
#12256=CARTESIAN_POINT('',(17.8179530547097,-36.8130228604585,6.96866494672166));
#12257=CARTESIAN_POINT('',(17.8179530547097,-37.6130228604585,6.96866494672166));
#12258=CARTESIAN_POINT('',(20.0854745151813,-36.8130228604585,3.22898295137759));
#12259=CARTESIAN_POINT('Origin',(20.1709836798029,-36.7130228604585,3.28083063952002));
#12260=CARTESIAN_POINT('',(21.0645499764594,-36.6130228604585,2.));
#12261=CARTESIAN_POINT('',(23.3191861967346,-34.6851022632451,2.));
#12262=CARTESIAN_POINT('',(17.9889713839529,-36.6130228604585,7.07236032300653));
#12263=CARTESIAN_POINT('',(17.8179530547097,-36.8130228604585,6.96866494672166));
#12264=CARTESIAN_POINT('',(20.2564928444245,-36.6130228604585,3.33267832766246));
#12265=CARTESIAN_POINT('Origin',(18.3310080424393,-36.7130228604585,7.27975107557628));
#12266=CARTESIAN_POINT('',(17.8050720582215,-36.8130228604585,7.56852666406114));
#12267=CARTESIAN_POINT('Origin',(18.3310080424393,-36.8130228604585,7.27975107557628));
#12268=CARTESIAN_POINT('',(17.9803840529607,-36.6130228604585,7.47226813456618));
#12269=CARTESIAN_POINT('',(17.8050720582215,-36.8130228604585,7.56852666406114));
#12270=CARTESIAN_POINT('Origin',(18.3310080424393,-36.6130228604585,7.27975107557628));
#12271=CARTESIAN_POINT('Origin',(18.4832112396955,-36.7130228604585,8.59582193995948));
#12272=CARTESIAN_POINT('',(20.5004541221333,-36.8130228604585,12.4775233907738));
#12273=CARTESIAN_POINT('',(20.6757661168726,-36.6130228604585,12.3812648612789));
#12274=CARTESIAN_POINT('',(20.5004541221333,-36.8130228604585,12.4775233907738));
#12275=CARTESIAN_POINT('',(18.5708672370651,-36.6130228604585,8.54769267521201));
#12276=CARTESIAN_POINT('',(18.3955552423258,-36.8130228604585,8.64395120470695));
#12277=CARTESIAN_POINT('Origin',(21.0263901063512,-36.7130228604585,12.188747802289));
#12278=CARTESIAN_POINT('',(21.0135091098629,-36.8130228604585,12.7886095196284));
#12279=CARTESIAN_POINT('Origin',(21.0263901063512,-36.8130228604585,12.188747802289));
#12280=CARTESIAN_POINT('',(21.017802775359,-36.6130228604585,12.5886556138486));
#12281=CARTESIAN_POINT('',(21.0135091098629,-36.8130228604585,12.7886095196284));
#12282=CARTESIAN_POINT('Origin',(21.0263901063512,-36.6130228604585,12.188747802289));
#12283=CARTESIAN_POINT('Origin',(22.2422425067156,-36.7130228604585,12.7149713991195));
#12284=CARTESIAN_POINT('',(26.6125160142466,-36.8130228604585,12.9088385427322));
#12285=CARTESIAN_POINT('',(26.6168096797427,-36.6130228604585,12.7088846369524));
#12286=CARTESIAN_POINT('',(26.6125160142466,-36.8130228604585,12.9088385427322));
#12287=CARTESIAN_POINT('',(22.2443893394637,-36.6130228604585,12.6149944462296));
#12288=CARTESIAN_POINT('',(22.2400956739676,-36.8130228604585,12.8149483520094));
#12289=CARTESIAN_POINT('Origin',(26.6253970107349,-36.7130228604585,12.3089768253927));
#12290=CARTESIAN_POINT('',(27.1384519984645,-36.8130228604585,12.6200629542474));
#12291=CARTESIAN_POINT('Origin',(26.6253970107349,-36.8130228604585,12.3089768253927));
#12292=CARTESIAN_POINT('',(26.9674336692213,-36.6130228604585,12.5163675779625));
#12293=CARTESIAN_POINT('',(27.1384519984645,-36.8130228604585,12.6200629542474));
#12294=CARTESIAN_POINT('Origin',(26.6253970107349,-36.6130228604585,12.3089768253927));
#12295=CARTESIAN_POINT('Origin',(27.6890462138432,-36.7130228604585,11.5191295578401));
#12296=CARTESIAN_POINT('',(30.0420768389365,-36.8130228604585,7.83129525063844));
#12297=CARTESIAN_POINT('',(29.8710585096932,-36.6130228604585,7.72759987435356));
#12298=CARTESIAN_POINT('',(30.0420768389365,-36.8130228604585,7.83129525063844));
#12299=CARTESIAN_POINT('',(27.6035370492216,-36.6130228604585,11.4672818696976));
#12300=CARTESIAN_POINT('',(27.7745553784648,-36.8130228604585,11.5709772459825));
#12301=CARTESIAN_POINT('Origin',(29.5290218512068,-36.7130228604585,7.52020912178382));
#12302=CARTESIAN_POINT('',(30.0549578354247,-36.8130228604585,7.23143353329896));
#12303=CARTESIAN_POINT('Origin',(29.5290218512068,-36.8130228604585,7.52020912178382));
#12304=CARTESIAN_POINT('',(29.8796458406854,-36.6130228604585,7.32769206279391));
#12305=CARTESIAN_POINT('',(30.0549578354247,-36.8130228604585,7.23143353329896));
#12306=CARTESIAN_POINT('Origin',(29.5290218512068,-36.6130228604585,7.52020912178382));
#12307=CARTESIAN_POINT('Origin',(29.3768186539507,-36.7130228604585,6.20413825740062));
#12308=CARTESIAN_POINT('',(27.1928511077658,-36.8130228604585,2.01878752452158));
#12309=CARTESIAN_POINT('',(26.9619642251108,-36.6130228604585,2.01382962666163));
#12310=CARTESIAN_POINT('',(28.0153856272242,-37.5255228604585,2.03645003564765));
#12311=CARTESIAN_POINT('',(29.289162656581,-36.6130228604585,6.2522675221481));
#12312=CARTESIAN_POINT('',(29.4644746513203,-36.8130228604585,6.15600899265314));
#12313=CARTESIAN_POINT('Origin',(30.2216824991718,-37.6130228604585,7.53508281536366));
#12314=CARTESIAN_POINT('',(30.0549578354247,-37.6130228604585,7.23143353329896));
#12315=CARTESIAN_POINT('',(27.1928511077658,-37.6130228604585,2.01878752452158));
#12316=CARTESIAN_POINT('Origin',(29.5290218512068,-37.6130228604585,7.52020912178382));
#12317=CARTESIAN_POINT('',(30.0420768389365,-37.6130228604585,7.83129525063844));
#12318=CARTESIAN_POINT('Origin',(26.9588463382291,-37.6130228604585,12.9162753895221));
#12319=CARTESIAN_POINT('',(27.1384519984645,-37.6130228604585,12.6200629542474));
#12320=CARTESIAN_POINT('Origin',(26.6253970107349,-37.6130228604585,12.3089768253927));
#12321=CARTESIAN_POINT('',(26.6125160142466,-37.6130228604585,12.9088385427322));
#12322=CARTESIAN_POINT('Origin',(20.6671787858804,-37.6130228604585,12.7811726728385));
#12323=CARTESIAN_POINT('',(21.0135091098629,-37.6130228604585,12.7886095196284));
#12324=CARTESIAN_POINT('Origin',(21.0263901063512,-37.6130228604585,12.188747802289));
#12325=CARTESIAN_POINT('',(20.5004541221333,-37.6130228604585,12.4775233907738));
#12326=CARTESIAN_POINT('Origin',(17.6383473944743,-37.6130228604585,7.26487738199643));
#12327=CARTESIAN_POINT('',(17.8050720582215,-37.6130228604585,7.56852666406114));
#12328=CARTESIAN_POINT('Origin',(18.3310080424393,-37.6130228604585,7.27975107557628));
#12329=CARTESIAN_POINT('Origin',(23.9300149468231,-36.6130228604585,7.39998009868005));
#12330=CARTESIAN_POINT('',(26.3179252637637,-36.6130228604585,2.));
#12331=CARTESIAN_POINT('',(20.901183555417,-36.6130228604585,1.88368480783797));
#12332=CARTESIAN_POINT('',(25.9626474003025,-36.6130228604585,2.));
#12333=CARTESIAN_POINT('',(26.1807979074093,-36.6130228604585,11.4992454065535));
#12334=CARTESIAN_POINT('',(21.5053385336455,-36.6130228604585,11.3988479748895));
#12335=CARTESIAN_POINT('',(26.1807979074093,-36.6130228604585,11.4992454065535));
#12336=CARTESIAN_POINT('',(19.2545555730593,-36.6130228604585,7.29958266701607));
#12337=CARTESIAN_POINT('',(21.5053385336455,-36.6130228604585,11.3988479748895));
#12338=CARTESIAN_POINT('',(21.6792319862369,-36.6130228604585,3.30071479080656));
#12339=CARTESIAN_POINT('',(19.2545555730593,-36.6130228604585,7.29958266701607));
#12340=CARTESIAN_POINT('',(26.3546913600007,-36.6130228604585,3.40111222247053));
#12341=CARTESIAN_POINT('',(21.6792319862369,-36.6130228604585,3.30071479080656));
#12342=CARTESIAN_POINT('',(28.6054743205868,-36.6130228604585,7.500377530344));
#12343=CARTESIAN_POINT('',(26.3546913600007,-36.6130228604585,3.40111222247053));
#12344=CARTESIAN_POINT('',(28.6054743205868,-36.6130228604585,7.500377530344));
#12345=CARTESIAN_POINT('Origin',(27.1928511077658,-37.6130228604585,2.01878752452158));
#12346=CARTESIAN_POINT('',(26.3179252637637,-37.5591204861359,2.));
#12347=CARTESIAN_POINT('Origin',(19.2545555730593,-37.6130228604585,7.29958266701607));
#12348=CARTESIAN_POINT('',(19.2545555730593,-37.6130228604585,7.29958266701607));
#12349=CARTESIAN_POINT('',(21.6792319862369,-37.6130228604585,3.30071479080656));
#12350=CARTESIAN_POINT('Origin',(21.5053385336455,-37.6130228604585,11.3988479748895));
#12351=CARTESIAN_POINT('',(21.5053385336455,-37.6130228604585,11.3988479748895));
#12352=CARTESIAN_POINT('Origin',(26.1807979074093,-37.6130228604585,11.4992454065535));
#12353=CARTESIAN_POINT('',(26.1807979074093,-37.6130228604585,11.4992454065535));
#12354=CARTESIAN_POINT('Origin',(28.6054743205868,-37.6130228604585,7.500377530344));
#12355=CARTESIAN_POINT('',(28.6054743205868,-37.6130228604585,7.500377530344));
#12356=CARTESIAN_POINT('Origin',(26.3546913600007,-37.6130228604585,3.40111222247053));
#12357=CARTESIAN_POINT('',(26.3546913600007,-37.6130228604585,3.40111222247053));
#12358=CARTESIAN_POINT('Origin',(21.6792319862369,-37.6130228604585,3.30071479080656));
#12359=CARTESIAN_POINT('Origin',(-19.8369548634037,39.0130228604585,-3.11548870130162));
#12360=CARTESIAN_POINT('',(-19.6369548634037,39.2130228604585,5.86902259739677));
#12361=CARTESIAN_POINT('',(-19.6369548634037,39.2130228604585,7.94225564934919));
#12362=CARTESIAN_POINT('',(-20.4369548634037,38.4130228604585,5.86902259739677));
#12363=CARTESIAN_POINT('',(-20.4369548634037,38.4130228604585,-3.11548870130162));
#12364=CARTESIAN_POINT('',(-20.4369548634037,38.4130228604585,5.86902259739677));
#12365=CARTESIAN_POINT('Origin',(-20.9369548634037,39.0130228604585,5.86902259739677));
#12366=CARTESIAN_POINT('',(-20.9369548634037,39.2130228604585,7.16902259739677));
#12367=CARTESIAN_POINT('Origin',(-20.9369548634037,39.2130228604585,5.86902259739677));
#12368=CARTESIAN_POINT('',(-20.9369548634037,38.4130228604585,6.36902259739677));
#12369=CARTESIAN_POINT('Origin',(-20.9369548634037,38.4130228604585,5.86902259739677));
#12370=CARTESIAN_POINT('',(-20.9369548634037,38.4130228604585,6.36902259739677));
#12371=CARTESIAN_POINT('Origin',(9.7242975707104,39.0130228604585,6.96902259739677));
#12372=CARTESIAN_POINT('',(-30.5369548634037,39.2130228604585,7.16902259739677));
#12373=CARTESIAN_POINT('',(23.8049237877675,39.2130228604585,7.16902259739677));
#12374=CARTESIAN_POINT('',(-30.5369548634037,38.4130228604585,6.36902259739677));
#12375=CARTESIAN_POINT('',(9.7242975707104,38.4130228604585,6.36902259739677));
#12376=CARTESIAN_POINT('',(-30.5369548634037,38.4130228604585,6.36902259739677));
#12377=CARTESIAN_POINT('Origin',(-20.9369548634037,39.6130228604585,0.269022597396768));
#12378=CARTESIAN_POINT('',(-20.9369548634037,39.6130228604585,-0.230977402603232));
#12379=CARTESIAN_POINT('',(-20.4369548634037,39.6130228604585,0.269022597396768));
#12380=CARTESIAN_POINT('Origin',(-31.0369548634037,39.6130228604585,-0.230977402603232));
#12381=CARTESIAN_POINT('',(-30.5369548634037,38.4130228604585,-0.230977402603232));
#12382=CARTESIAN_POINT('',(4.4242975707104,38.4130228604585,-0.230977402603232));
#12383=CARTESIAN_POINT('',(-30.5369548634037,39.6130228604585,-0.230977402603232));
#12384=CARTESIAN_POINT('Origin',(-30.5369548634037,39.6130228604585,0.269022597396769));
#12385=CARTESIAN_POINT('',(-31.0369548634037,38.4130228604585,0.269022597396769));
#12386=CARTESIAN_POINT('Origin',(-30.5369548634037,38.4130228604585,0.269022597396769));
#12387=CARTESIAN_POINT('',(-31.0369548634037,39.6130228604585,0.269022597396769));
#12388=CARTESIAN_POINT('Origin',(-31.0369548634037,39.6130228604585,6.36902259739677));
#12389=CARTESIAN_POINT('',(-31.0369548634037,38.4130228604585,5.86902259739677));
#12390=CARTESIAN_POINT('',(-31.0369548634037,38.4130228604585,0.184511298698384));
#12391=CARTESIAN_POINT('',(-31.0369548634037,39.6130228604585,5.86902259739677));
#12392=CARTESIAN_POINT('Origin',(-30.5369548634037,39.6130228604585,5.86902259739677));
#12393=CARTESIAN_POINT('Origin',(-30.5369548634037,38.4130228604585,5.86902259739677));
#12394=CARTESIAN_POINT('',(-30.5369548634037,39.6130228604585,6.36902259739677));
#12395=CARTESIAN_POINT('Origin',(-20.4369548634037,39.6130228604585,6.36902259739677));
#12396=CARTESIAN_POINT('',(-20.9369548634037,39.6130228604585,6.36902259739677));
#12397=CARTESIAN_POINT('Origin',(-20.9369548634037,39.6130228604585,5.86902259739677));
#12398=CARTESIAN_POINT('',(-20.4369548634037,39.6130228604585,5.86902259739677));
#12399=CARTESIAN_POINT('Origin',(-20.4369548634037,39.6130228604585,-0.230977402603232));
#12400=CARTESIAN_POINT('Origin',(-39.3855500048245,30.9897794974504,-2.29235997534005));
#12401=CARTESIAN_POINT('',(-39.4855500048245,31.0897794974504,6.55592640637074));
#12402=CARTESIAN_POINT('',(-39.4855500048245,31.0897794974504,8.35382001232997));
#12403=CARTESIAN_POINT('',(-38.8855500048245,30.4897794974504,6.55592640637074));
#12404=CARTESIAN_POINT('',(-38.8855500048245,30.4897794974504,-2.29235997534005));
#12405=CARTESIAN_POINT('',(-38.8855500048245,30.4897794974504,6.55592640637074));
#12406=CARTESIAN_POINT('Origin',(-39.3855500048245,30.1897794974504,6.55592640637074));
#12407=CARTESIAN_POINT('',(-39.4855500048245,30.1897794974504,7.45592640637074));
#12408=CARTESIAN_POINT('Origin',(-39.4855500048245,30.1897794974504,6.55592640637074));
#12409=CARTESIAN_POINT('',(-38.8855500048245,30.1897794974504,6.85592640637074));
#12410=CARTESIAN_POINT('Origin',(-38.8855500048245,30.1897794974504,6.55592640637074));
#12411=CARTESIAN_POINT('',(-38.8855500048245,30.1897794974504,6.85592640637074));
#12412=CARTESIAN_POINT('Origin',(-39.3855500048245,35.0514011789545,7.35592640637074));
#12413=CARTESIAN_POINT('',(-39.4855500048245,24.0071393372802,7.45592640637074));
#12414=CARTESIAN_POINT('',(-39.4855500048245,36.3322120197065,7.45592640637074));
#12415=CARTESIAN_POINT('',(-38.8855500048245,24.0071393372802,6.85592640637074));
#12416=CARTESIAN_POINT('',(-38.8855500048245,35.0514011789545,6.85592640637074));
#12417=CARTESIAN_POINT('',(-38.8855500048245,24.0071393372802,6.85592640637074));
#12418=CARTESIAN_POINT('Origin',(-39.8855500048245,30.1897794974504,1.71528004931989));
#12419=CARTESIAN_POINT('',(-39.8855500048245,30.1897794974504,1.41528004931989));
#12420=CARTESIAN_POINT('',(-39.8855500048245,30.4897794974504,1.71528004931989));
#12421=CARTESIAN_POINT('Origin',(-39.8855500048245,23.7071393372802,1.41528004931989));
#12422=CARTESIAN_POINT('',(-38.8855500048245,24.0071393372802,1.41528004931989));
#12423=CARTESIAN_POINT('',(-38.8855500048245,31.6600810988693,1.41528004931989));
#12424=CARTESIAN_POINT('',(-39.8855500048245,24.0071393372802,1.41528004931989));
#12425=CARTESIAN_POINT('Origin',(-39.8855500048245,24.0071393372802,1.71528004931989));
#12426=CARTESIAN_POINT('',(-38.8855500048245,23.7071393372802,1.71528004931989));
#12427=CARTESIAN_POINT('Origin',(-38.8855500048245,24.0071393372802,1.71528004931989));
#12428=CARTESIAN_POINT('',(-39.8855500048245,23.7071393372802,1.71528004931989));
#12429=CARTESIAN_POINT('Origin',(-39.8855500048245,23.7071393372802,6.85592640637074));
#12430=CARTESIAN_POINT('',(-38.8855500048245,23.7071393372802,6.55592640637074));
#12431=CARTESIAN_POINT('',(-38.8855500048245,23.7071393372802,0.427963203185371));
#12432=CARTESIAN_POINT('',(-39.8855500048245,23.7071393372802,6.55592640637074));
#12433=CARTESIAN_POINT('Origin',(-39.8855500048245,24.0071393372802,6.55592640637074));
#12434=CARTESIAN_POINT('Origin',(-38.8855500048245,24.0071393372802,6.55592640637074));
#12435=CARTESIAN_POINT('',(-39.8855500048245,24.0071393372802,6.85592640637074));
#12436=CARTESIAN_POINT('Origin',(-39.8855500048245,30.4897794974504,6.85592640637074));
#12437=CARTESIAN_POINT('',(-39.8855500048245,30.1897794974504,6.85592640637074));
#12438=CARTESIAN_POINT('Origin',(-39.8855500048245,30.1897794974504,6.55592640637074));
#12439=CARTESIAN_POINT('',(-39.8855500048245,30.4897794974504,6.55592640637074));
#12440=CARTESIAN_POINT('Origin',(-39.8855500048245,30.4897794974504,1.41528004931989));
#12441=CARTESIAN_POINT('Origin',(-39.8855500048245,18.0014012956537,7.67859443641624));
#12442=CARTESIAN_POINT('',(-39.0855500048245,21.8778068531479,7.67859443641624));
#12443=CARTESIAN_POINT('Origin',(-39.0855500048245,18.0014012956537,7.67859443641624));
#12444=CARTESIAN_POINT('',(-39.8855500048245,21.8778068531479,7.67859443641624));
#12445=CARTESIAN_POINT('Origin',(39.3855500048245,0.421854663377639,-2.30760945918631));
#12446=CARTESIAN_POINT('',(39.4855500048245,0.321854663377641,4.29117300416976));
#12447=CARTESIAN_POINT('',(39.4855500048245,0.321854663377643,8.34619527040684));
#12448=CARTESIAN_POINT('',(38.8855500048245,0.92185466337764,4.29117300416976));
#12449=CARTESIAN_POINT('',(38.8855500048245,0.92185466337764,-2.30760945918631));
#12450=CARTESIAN_POINT('',(38.8855500048245,0.92185466337764,4.29117300416976));
#12451=CARTESIAN_POINT('Origin',(39.3855500048245,1.22185466337764,4.29117300416976));
#12452=CARTESIAN_POINT('',(39.4855500048245,1.22185466337764,5.19117300416976));
#12453=CARTESIAN_POINT('Origin',(39.4855500048245,1.22185466337764,4.29117300416976));
#12454=CARTESIAN_POINT('',(38.8855500048245,1.22185466337764,4.59117300416976));
#12455=CARTESIAN_POINT('Origin',(38.8855500048245,1.22185466337764,4.29117300416976));
#12456=CARTESIAN_POINT('',(38.8855500048245,1.22185466337764,4.59117300416976));
#12457=CARTESIAN_POINT('Origin',(39.3855500048245,-19.3455840985404,5.09117300416976));
#12458=CARTESIAN_POINT('',(39.4855500048245,14.0535148633249,5.19117300416976));
#12459=CARTESIAN_POINT('',(39.4855500048245,-28.4793034794995,5.19117300416976));
#12460=CARTESIAN_POINT('',(38.8855500048245,14.0535148633249,4.59117300416976));
#12461=CARTESIAN_POINT('',(38.8855500048245,-19.3455840985404,4.59117300416976));
#12462=CARTESIAN_POINT('',(38.8855500048245,14.0535148633249,4.59117300416976));
#12463=CARTESIAN_POINT('Origin',(39.8855500048245,1.22185466337764,1.68478108162738));
#12464=CARTESIAN_POINT('',(39.8855500048245,1.22185466337764,1.38478108162738));
#12465=CARTESIAN_POINT('',(39.8855500048245,0.92185466337764,1.68478108162738));
#12466=CARTESIAN_POINT('Origin',(39.8855500048245,14.3535148633249,1.38478108162738));
#12467=CARTESIAN_POINT('',(38.8855500048245,14.0535148633249,1.38478108162738));
#12468=CARTESIAN_POINT('',(38.8855500048245,-12.6297539985668,1.38478108162738));
#12469=CARTESIAN_POINT('',(39.8855500048245,14.0535148633249,1.38478108162738));
#12470=CARTESIAN_POINT('Origin',(39.8855500048245,14.0535148633249,1.68478108162738));
#12471=CARTESIAN_POINT('',(38.8855500048245,14.3535148633249,1.68478108162738));
#12472=CARTESIAN_POINT('Origin',(38.8855500048245,14.0535148633249,1.68478108162738));
#12473=CARTESIAN_POINT('',(39.8855500048245,14.3535148633249,1.68478108162738));
#12474=CARTESIAN_POINT('Origin',(39.8855500048245,14.3535148633249,4.59117300416976));
#12475=CARTESIAN_POINT('',(38.8855500048245,14.3535148633249,4.29117300416976));
#12476=CARTESIAN_POINT('',(38.8855500048245,14.3535148633249,-0.704413497915118));
#12477=CARTESIAN_POINT('',(39.8855500048245,14.3535148633249,4.29117300416976));
#12478=CARTESIAN_POINT('Origin',(39.8855500048245,14.0535148633249,4.29117300416976));
#12479=CARTESIAN_POINT('Origin',(38.8855500048245,14.0535148633249,4.29117300416976));
#12480=CARTESIAN_POINT('',(39.8855500048245,14.0535148633249,4.59117300416976));
#12481=CARTESIAN_POINT('Origin',(39.8855500048245,0.92185466337764,4.59117300416976));
#12482=CARTESIAN_POINT('',(39.8855500048245,1.22185466337764,4.59117300416976));
#12483=CARTESIAN_POINT('Origin',(39.8855500048245,1.22185466337764,4.29117300416976));
#12484=CARTESIAN_POINT('',(39.8855500048245,0.92185466337764,4.29117300416976));
#12485=CARTESIAN_POINT('Origin',(39.8855500048245,0.92185466337764,1.38478108162738));
#12486=CARTESIAN_POINT('Origin',(-34.06,33.8,-4.));
#12487=CARTESIAN_POINT('',(-36.96,33.8,-4.));
#12488=CARTESIAN_POINT('Origin',(-34.06,33.8,-4.));
#12489=CARTESIAN_POINT('',(-35.685,33.8,-2.48051416944238));
#12490=CARTESIAN_POINT('',(-36.96,33.8,-4.));
#12491=CARTESIAN_POINT('Origin',(-34.06,33.8,-2.48051416944238));
#12492=CARTESIAN_POINT('Origin',(-33.61,-33.9,-4.));
#12493=CARTESIAN_POINT('',(-36.51,-33.9,-4.));
#12494=CARTESIAN_POINT('Origin',(-33.61,-33.9,-4.));
#12495=CARTESIAN_POINT('',(-35.235,-33.9,-2.48051416944238));
#12496=CARTESIAN_POINT('',(-36.51,-33.9,-4.));
#12497=CARTESIAN_POINT('Origin',(-33.61,-33.9,-2.48051416944238));
#12498=CARTESIAN_POINT('Origin',(34.06,33.8,-4.));
#12499=CARTESIAN_POINT('',(31.16,33.8,-4.));
#12500=CARTESIAN_POINT('Origin',(34.06,33.8,-4.));
#12501=CARTESIAN_POINT('',(32.435,33.8,-2.48051416944238));
#12502=CARTESIAN_POINT('',(31.16,33.8,-4.));
#12503=CARTESIAN_POINT('Origin',(34.06,33.8,-2.48051416944238));
#12504=CARTESIAN_POINT('Origin',(33.61,-34.9,-4.));
#12505=CARTESIAN_POINT('',(30.71,-34.9,-4.));
#12506=CARTESIAN_POINT('Origin',(33.61,-34.9,-4.));
#12507=CARTESIAN_POINT('',(31.985,-34.9,-2.48051416944238));
#12508=CARTESIAN_POINT('',(30.71,-34.9,-4.));
#12509=CARTESIAN_POINT('',(35.235,-34.9,-2.48051416944238));
#12510=CARTESIAN_POINT('Origin',(33.61,-34.9,-2.48051416944238));
#12511=CARTESIAN_POINT('Origin',(33.61,-34.9,-2.48051416944238));
#12512=CARTESIAN_POINT('Origin',(-33.61,-33.9,-6.));
#12513=CARTESIAN_POINT('',(-36.51,-33.9,-6.));
#12514=CARTESIAN_POINT('Origin',(-34.06,33.8,-6.));
#12515=CARTESIAN_POINT('',(-36.96,33.8,-6.));
#12516=CARTESIAN_POINT('Origin',(33.61,-34.9,-6.));
#12517=CARTESIAN_POINT('',(30.71,-34.9,-6.));
#12518=CARTESIAN_POINT('Origin',(34.06,33.8,-6.));
#12519=CARTESIAN_POINT('',(31.16,33.8,-6.));
#12520=CARTESIAN_POINT('Origin',(19.3805597075639,-31.5379946425247,0.));
#12521=CARTESIAN_POINT('',(19.3805597075639,-31.5379946425247,2.));
#12522=CARTESIAN_POINT('',(19.3805597075639,-31.5379946425247,0.));
#12523=CARTESIAN_POINT('',(37.61,-31.5379946425247,2.));
#12524=CARTESIAN_POINT('Origin',(-30.51,-33.9,0.));
#12525=CARTESIAN_POINT('',(-30.51,-33.9,0.));
#12526=CARTESIAN_POINT('',(-30.51,-33.9,0.));
#12527=CARTESIAN_POINT('',(-30.51,-33.9,0.));
#12528=CARTESIAN_POINT('Origin',(-34.06,30.7,0.));
#12529=CARTESIAN_POINT('',(-34.06,30.7,0.));
#12530=CARTESIAN_POINT('',(-34.06,30.7,0.));
#12531=CARTESIAN_POINT('',(-34.06,30.7,0.));
#12532=CARTESIAN_POINT('Origin',(-34.06,33.8,0.));
#12533=CARTESIAN_POINT('Origin',(-34.06,33.8,0.));
#12534=CARTESIAN_POINT('Origin',(30.96,33.8,0.));
#12535=CARTESIAN_POINT('',(30.96,33.8,0.));
#12536=CARTESIAN_POINT('',(30.96,33.8,0.));
#12537=CARTESIAN_POINT('',(30.96,33.8,0.));
#12538=CARTESIAN_POINT('Origin',(34.06,33.8,0.));
#12539=CARTESIAN_POINT('Origin',(34.06,33.8,0.));
#12540=CARTESIAN_POINT('Origin',(33.61,-34.9,2.));
#12541=CARTESIAN_POINT('',(35.235,-34.9,2.));
#12542=CARTESIAN_POINT('Origin',(33.61,-34.9,2.));
#12543=CARTESIAN_POINT('',(35.235,-34.9,2.));
#12544=CARTESIAN_POINT('Origin',(27.995279853782,-34.4439973212624,2.));
#12545=CARTESIAN_POINT('',(18.3805597075639,-32.5379946425247,2.));
#12546=CARTESIAN_POINT('Origin',(19.3805597075639,-32.5379946425247,2.));
#12547=CARTESIAN_POINT('',(18.3805597075639,-32.5379946425247,2.));
#12548=CARTESIAN_POINT('Origin',(19.3805597075639,-32.5379946425247,0.));
#12549=CARTESIAN_POINT('',(18.3805597075639,-32.5379946425247,0.));
#12550=CARTESIAN_POINT('Origin',(18.3805597075639,-37.35,0.));
#12551=CARTESIAN_POINT('Origin',(-34.06,33.8,0.));
#12552=CARTESIAN_POINT('',(-35.685,33.8,0.));
#12553=CARTESIAN_POINT('',(-35.685,33.8,0.));
#12554=CARTESIAN_POINT('Origin',(-34.06,33.8,0.));
#12555=CARTESIAN_POINT('Origin',(-34.06,33.8,0.));
#12556=CARTESIAN_POINT('Origin',(-33.61,-33.9,0.));
#12557=CARTESIAN_POINT('',(-35.235,-33.9,0.));
#12558=CARTESIAN_POINT('',(-35.235,-33.9,0.));
#12559=CARTESIAN_POINT('Origin',(-33.61,-33.9,0.));
#12560=CARTESIAN_POINT('Origin',(-33.61,-33.9,0.));
#12561=CARTESIAN_POINT('Origin',(-33.61,-33.9,0.));
#12562=CARTESIAN_POINT('Origin',(-33.61,-33.9,0.));
#12563=CARTESIAN_POINT('Origin',(34.06,33.8,0.));
#12564=CARTESIAN_POINT('',(32.435,33.8,0.));
#12565=CARTESIAN_POINT('',(32.435,33.8,0.));
#12566=CARTESIAN_POINT('Origin',(34.06,33.8,0.));
#12567=CARTESIAN_POINT('Origin',(34.06,33.8,0.));
#12568=CARTESIAN_POINT('Origin',(-39.4855500048245,18.0014012956537,7.67859443641624));
#12569=CARTESIAN_POINT('',(-39.4855500048245,22.2778068531479,7.67859443641624));
#12570=CARTESIAN_POINT('Origin',(-39.4855500048245,18.0014012956537,7.67859443641624));
#12571=CARTESIAN_POINT('',(-39.4855500048245,22.2778068531479,7.67859443641624));
#12572=CARTESIAN_POINT('Origin',(23.9300149468231,-37.6130228604585,7.39998009868004));
#12573=CARTESIAN_POINT('',(27.0300149468231,-39.2130228604585,7.39998009868004));
#12574=CARTESIAN_POINT('',(27.0300149468231,-37.6130228604585,7.39998009868004));
#12575=CARTESIAN_POINT('Origin',(23.9300149468231,-39.2130228604585,7.39998009868004));
#12576=CARTESIAN_POINT('Origin',(0.,0.,14.));
#12577=CARTESIAN_POINT('',(-39.4855500048245,37.6130228604585,14.));
#12578=CARTESIAN_POINT('',(-37.8855500048245,39.2130228604585,14.));
#12579=CARTESIAN_POINT('Origin',(-37.8855500048245,37.6130228604585,14.));
#12580=CARTESIAN_POINT('',(-39.4855500048245,-37.6130228604585,14.));
#12581=CARTESIAN_POINT('',(-39.4855500048245,18.8065114302293,14.));
#12582=CARTESIAN_POINT('',(-37.8855500048245,-39.2130228604585,14.));
#12583=CARTESIAN_POINT('Origin',(-37.8855500048245,-37.6130228604585,14.));
#12584=CARTESIAN_POINT('',(37.8855500048245,-39.2130228604585,14.));
#12585=CARTESIAN_POINT('',(-18.9427750024123,-39.2130228604585,14.));
#12586=CARTESIAN_POINT('',(39.4855500048245,-37.6130228604585,14.));
#12587=CARTESIAN_POINT('Origin',(37.8855500048245,-37.6130228604585,14.));
#12588=CARTESIAN_POINT('',(39.4855500048245,37.6130228604585,14.));
#12589=CARTESIAN_POINT('',(39.4855500048245,-18.8065114302293,14.));
#12590=CARTESIAN_POINT('',(37.8855500048245,39.2130228604585,14.));
#12591=CARTESIAN_POINT('Origin',(37.8855500048245,37.6130228604585,14.));
#12592=CARTESIAN_POINT('',(18.9427750024123,39.2130228604585,14.));
#12593=CARTESIAN_POINT('Origin',(-39.8855500048245,2.01503497079917,2.88055514299663));
#12594=CARTESIAN_POINT('',(-39.4855500048245,2.01503497079917,2.08055514299663));
#12595=CARTESIAN_POINT('Origin',(-39.4855500048245,2.01503497079917,2.88055514299663));
#12596=CARTESIAN_POINT('',(-39.8855500048245,2.01503497079917,2.08055514299663));
#12597=CARTESIAN_POINT('Origin',(-39.8855500048245,1.21503497079916,2.08055514299663));
#12598=CARTESIAN_POINT('',(-39.4855500048245,11.2207896160132,2.08055514299663));
#12599=CARTESIAN_POINT('',(-39.4855500048245,19.4140289156288,2.08055514299663));
#12600=CARTESIAN_POINT('',(-39.8855500048245,11.2207896160132,2.08055514299663));
#12601=CARTESIAN_POINT('Origin',(-39.8855500048245,11.2207896160132,2.88055514299663));
#12602=CARTESIAN_POINT('',(-39.4855500048245,12.0207896160132,2.88055514299663));
#12603=CARTESIAN_POINT('Origin',(-39.4855500048245,11.2207896160132,2.88055514299663));
#12604=CARTESIAN_POINT('',(-39.8855500048245,12.0207896160132,2.88055514299663));
#12605=CARTESIAN_POINT('Origin',(-39.8855500048245,12.0207896160132,2.08055514299663));
#12606=CARTESIAN_POINT('',(-39.4855500048245,12.0207896160132,10.5402775714983));
#12607=CARTESIAN_POINT('Origin',(-39.8855500048245,-28.7871423995404,7.46873440202908));
#12608=CARTESIAN_POINT('',(-39.4855500048245,-29.5871423995404,7.46873440202908));
#12609=CARTESIAN_POINT('Origin',(-39.4855500048245,-28.7871423995404,7.46873440202908));
#12610=CARTESIAN_POINT('',(-39.8855500048245,-29.5871423995404,7.46873440202908));
#12611=CARTESIAN_POINT('Origin',(-39.8855500048245,-29.5871423995404,8.26873440202908));
#12612=CARTESIAN_POINT('',(-39.4855500048245,-29.5871423995404,3.15737724185244));
#12613=CARTESIAN_POINT('',(-39.4855500048245,-29.5871423995404,13.6343672010145));
#12614=CARTESIAN_POINT('',(-39.8855500048245,-29.5871423995404,3.15737724185244));
#12615=CARTESIAN_POINT('Origin',(-39.8855500048245,-28.7871423995404,3.15737724185244));
#12616=CARTESIAN_POINT('',(-39.4855500048245,-28.7871423995404,2.35737724185244));
#12617=CARTESIAN_POINT('Origin',(-39.4855500048245,-28.7871423995404,3.15737724185244));
#12618=CARTESIAN_POINT('',(-39.8855500048245,-28.7871423995404,2.35737724185244));
#12619=CARTESIAN_POINT('Origin',(-39.8855500048245,-29.5871423995404,2.35737724185244));
#12620=CARTESIAN_POINT('',(-39.4855500048245,4.01294023045906,2.35737724185244));
#12621=CARTESIAN_POINT('Origin',(-39.3855500048245,24.0071393372802,6.55592640637074));
#12622=CARTESIAN_POINT('',(-39.4855500048245,23.1071393372802,6.55592640637074));
#12623=CARTESIAN_POINT('Origin',(-39.4855500048245,24.0071393372802,6.55592640637074));
#12624=CARTESIAN_POINT('',(-39.8855500048245,22.7071393372802,6.55592640637074));
#12625=CARTESIAN_POINT('Origin',(-39.3855500048245,23.2071393372802,0.427963203185371));
#12626=CARTESIAN_POINT('',(-39.4855500048245,23.1071393372802,1.71528004931989));
#12627=CARTESIAN_POINT('',(-39.4855500048245,23.1071393372802,9.71398160159269));
#12628=CARTESIAN_POINT('',(-38.8855500048245,23.7071393372802,1.71528004931989));
#12629=CARTESIAN_POINT('Origin',(-39.3855500048245,24.0071393372802,1.71528004931989));
#12630=CARTESIAN_POINT('',(-39.4855500048245,24.0071393372802,0.815280049319894));
#12631=CARTESIAN_POINT('Origin',(-39.4855500048245,24.0071393372802,1.71528004931989));
#12632=CARTESIAN_POINT('',(-38.8855500048245,24.0071393372802,1.41528004931989));
#12633=CARTESIAN_POINT('Origin',(-39.3855500048245,31.6600810988693,0.915280049319893));
#12634=CARTESIAN_POINT('',(-39.4855500048245,34.6365519796639,0.815280049319894));
#12635=CARTESIAN_POINT('Origin',(39.3855500048245,14.0535148633249,4.29117300416976));
#12636=CARTESIAN_POINT('',(39.4855500048245,14.9535148633249,4.29117300416976));
#12637=CARTESIAN_POINT('Origin',(39.4855500048245,14.0535148633249,4.29117300416976));
#12638=CARTESIAN_POINT('',(39.8855500048245,15.3535148633249,4.29117300416976));
#12639=CARTESIAN_POINT('Origin',(39.3855500048245,14.8535148633249,-0.704413497915118));
#12640=CARTESIAN_POINT('',(39.4855500048245,14.9535148633249,1.68478108162738));
#12641=CARTESIAN_POINT('',(39.4855500048245,14.9535148633249,9.14779325104244));
#12642=CARTESIAN_POINT('',(38.8855500048245,14.3535148633249,1.68478108162738));
#12643=CARTESIAN_POINT('Origin',(39.3855500048245,14.0535148633249,1.68478108162738));
#12644=CARTESIAN_POINT('',(39.4855500048245,14.0535148633249,0.784781081627375));
#12645=CARTESIAN_POINT('Origin',(39.4855500048245,14.0535148633249,1.68478108162738));
#12646=CARTESIAN_POINT('',(38.8855500048245,14.0535148633249,1.38478108162738));
#12647=CARTESIAN_POINT('Origin',(39.3855500048245,-12.6297539985668,0.884781081627375));
#12648=CARTESIAN_POINT('',(39.4855500048245,-25.1213884295127,0.784781081627376));
#12649=CARTESIAN_POINT('Origin',(-30.5369548634037,39.0130228604585,5.86902259739677));
#12650=CARTESIAN_POINT('',(-31.8369548634037,39.2130228604585,5.86902259739677));
#12651=CARTESIAN_POINT('Origin',(-30.5369548634037,39.2130228604585,5.86902259739677));
#12652=CARTESIAN_POINT('',(-32.2369548634037,39.6130228604585,5.86902259739677));
#12653=CARTESIAN_POINT('Origin',(-31.6369548634037,39.0130228604585,0.184511298698384));
#12654=CARTESIAN_POINT('',(-31.8369548634037,39.2130228604585,0.269022597396769));
#12655=CARTESIAN_POINT('',(-31.8369548634037,39.2130228604585,9.59225564934919));
#12656=CARTESIAN_POINT('',(-31.0369548634037,38.4130228604585,0.269022597396769));
#12657=CARTESIAN_POINT('Origin',(-30.5369548634037,39.0130228604585,0.269022597396769));
#12658=CARTESIAN_POINT('',(-30.5369548634037,39.2130228604585,-1.03097740260323));
#12659=CARTESIAN_POINT('Origin',(-30.5369548634037,39.2130228604585,0.269022597396769));
#12660=CARTESIAN_POINT('',(-30.5369548634037,38.4130228604585,-0.230977402603232));
#12661=CARTESIAN_POINT('Origin',(4.4242975707104,39.0130228604585,-0.830977402603232));
#12662=CARTESIAN_POINT('',(21.1549237877675,39.2130228604585,-1.03097740260324));
#12663=CARTESIAN_POINT('Origin',(-37.8855500048245,37.6130228604585,-5.5));
#12664=CARTESIAN_POINT('',(-39.4855500048245,37.6130228604585,-5.4));
#12665=CARTESIAN_POINT('Origin',(-37.8855500048245,37.6130228604585,-5.40000000000001));
#12666=CARTESIAN_POINT('',(-39.8855500048245,37.6130228604585,-5.));
#12667=CARTESIAN_POINT('Origin',(-39.3855500048245,19.8065114302293,-5.5));
#12668=CARTESIAN_POINT('',(-39.4855500048245,-37.6130228604585,-5.4));
#12669=CARTESIAN_POINT('',(-39.4855500048245,28.7097671453439,-5.4));
#12670=CARTESIAN_POINT('',(-39.8855500048245,-37.6130228604585,-5.));
#12671=CARTESIAN_POINT('Origin',(-37.8855500048245,-37.6130228604585,-5.5));
#12672=CARTESIAN_POINT('',(-37.8855500048245,-39.2130228604585,-5.4));
#12673=CARTESIAN_POINT('Origin',(-37.8855500048245,-37.6130228604585,-5.4));
#12674=CARTESIAN_POINT('',(-37.8855500048245,-39.6130228604585,-5.));
#12675=CARTESIAN_POINT('Origin',(-19.9427750024123,-39.1130228604585,-5.5));
#12676=CARTESIAN_POINT('',(-28.9141625036184,-39.2130228604585,-5.4));
#12677=CARTESIAN_POINT('Origin',(39.4855500048245,-37.6130228604585,19.));
#12678=CARTESIAN_POINT('',(39.4855500048245,-37.6130228604585,19.));
#12679=CARTESIAN_POINT('',(39.4855500048245,37.6130228604585,19.));
#12680=CARTESIAN_POINT('Origin',(37.8855500048245,37.6130228604585,19.));
#12681=CARTESIAN_POINT('',(37.8855500048245,39.2130228604585,19.));
#12682=CARTESIAN_POINT('Origin',(37.8855500048245,39.2130228604585,19.));
#12683=CARTESIAN_POINT('',(-37.8855500048245,39.2130228604585,19.));
#12684=CARTESIAN_POINT('Origin',(-37.8855500048245,37.6130228604585,19.));
#12685=CARTESIAN_POINT('',(-39.4855500048245,37.6130228604585,19.));
#12686=CARTESIAN_POINT('Origin',(-39.4855500048245,37.6130228604585,19.));
#12687=CARTESIAN_POINT('',(-39.4855500048245,-37.6130228604585,19.));
#12688=CARTESIAN_POINT('Origin',(-37.8855500048245,-39.2130228604585,19.));
#12689=CARTESIAN_POINT('',(-37.8855500048245,-39.2130228604585,19.));
#12690=CARTESIAN_POINT('',(37.8855500048245,-39.2130228604585,19.));
#12691=CARTESIAN_POINT('Origin',(-37.8855500048245,-37.6130228604585,19.));
#12692=CARTESIAN_POINT('Origin',(37.8855500048245,-37.6130228604585,19.));
#12693=CARTESIAN_POINT('Origin',(-30.627221066359,-0.544178454255624,18.8));
#12694=CARTESIAN_POINT('',(-30.827221066359,-28.6055686620939,18.6));
#12695=CARTESIAN_POINT('',(-30.427221066359,-28.6055686620939,19.));
#12696=CARTESIAN_POINT('',(-30.827221066359,-28.6055686620939,18.6));
#12697=CARTESIAN_POINT('',(-30.427221066359,-1.08835690851125,19.));
#12698=CARTESIAN_POINT('',(-30.427221066359,-0.544178454255624,19.));
#12699=CARTESIAN_POINT('',(-30.827221066359,-1.08835690851125,18.6));
#12700=CARTESIAN_POINT('',(-30.427221066359,-1.08835690851125,19.));
#12701=CARTESIAN_POINT('',(-30.827221066359,-0.544178454255624,18.6));
#12702=CARTESIAN_POINT('Origin',(0.,0.,14.));
#12703=CARTESIAN_POINT('',(32.585,33.8,14.));
#12704=CARTESIAN_POINT('Origin',(34.06,33.8,14.));
#12705=CARTESIAN_POINT('Origin',(0.,0.,14.));
#12706=CARTESIAN_POINT('',(-35.535,33.8,14.));
#12707=CARTESIAN_POINT('Origin',(-34.06,33.8,14.));
#12708=CARTESIAN_POINT('Origin',(0.,0.,14.));
#12709=CARTESIAN_POINT('',(-35.085,-33.9,14.));
#12710=CARTESIAN_POINT('Origin',(-33.61,-33.9,14.));
#12711=CARTESIAN_POINT('Origin',(34.06,33.8,1.8));
#12712=CARTESIAN_POINT('',(32.585,33.8,1.8));
#12713=CARTESIAN_POINT('',(32.585,33.8,1.8));
#12714=CARTESIAN_POINT('Origin',(34.06,33.8,1.8));
#12715=CARTESIAN_POINT('Origin',(-34.06,33.8,1.8));
#12716=CARTESIAN_POINT('',(-35.535,33.8,1.8));
#12717=CARTESIAN_POINT('',(-35.535,33.8,1.8));
#12718=CARTESIAN_POINT('Origin',(-34.06,33.8,1.8));
#12719=CARTESIAN_POINT('Origin',(-33.61,-33.9,1.8));
#12720=CARTESIAN_POINT('',(-35.085,-33.9,1.8));
#12721=CARTESIAN_POINT('',(-35.085,-33.9,1.8));
#12722=CARTESIAN_POINT('Origin',(-33.61,-33.9,1.8));
#12723=CARTESIAN_POINT('Origin',(37.5855500048245,32.25,2.));
#12724=CARTESIAN_POINT('',(37.7855500048245,37.5130228604585,2.2));
#12725=CARTESIAN_POINT('',(37.7855500048245,30.7,2.2));
#12726=CARTESIAN_POINT('',(37.7855500048245,32.25,2.2));
#12727=CARTESIAN_POINT('',(37.3855500048245,31.1,1.8));
#12728=CARTESIAN_POINT('',(37.3855500048245,31.1,1.8));
#12729=CARTESIAN_POINT('',(37.3855500048245,37.1130228604585,1.8));
#12730=CARTESIAN_POINT('',(37.3855500048245,32.25,1.8));
#12731=CARTESIAN_POINT('',(37.3855500048245,37.1130228604585,1.8));
#12732=CARTESIAN_POINT('Origin',(35.9727750024123,37.3130228604585,2.));
#12733=CARTESIAN_POINT('',(31.36,37.1130228604585,1.8));
#12734=CARTESIAN_POINT('',(35.9727750024123,37.1130228604585,1.8));
#12735=CARTESIAN_POINT('',(30.96,37.5130228604585,2.2));
#12736=CARTESIAN_POINT('',(31.36,37.1130228604585,1.8));
#12737=CARTESIAN_POINT('',(35.9727750024123,37.5130228604585,2.2));
#12738=CARTESIAN_POINT('Origin',(34.06,33.8,1.8));
#12739=CARTESIAN_POINT('',(34.06,31.1,1.8));
#12740=CARTESIAN_POINT('',(34.06,31.1,1.8));
#12741=CARTESIAN_POINT('',(31.36,33.8,1.8));
#12742=CARTESIAN_POINT('Origin',(34.06,33.8,1.8));
#12743=CARTESIAN_POINT('',(31.36,35.7065114302293,1.8));
#12744=CARTESIAN_POINT('Origin',(-32.51,37.3130228604585,2.));
#12745=CARTESIAN_POINT('',(-37.7855500048245,37.5130228604585,2.2));
#12746=CARTESIAN_POINT('',(-30.96,37.5130228604585,2.2));
#12747=CARTESIAN_POINT('',(-32.51,37.5130228604585,2.2));
#12748=CARTESIAN_POINT('',(-31.36,37.1130228604585,1.8));
#12749=CARTESIAN_POINT('',(-31.36,37.1130228604585,1.8));
#12750=CARTESIAN_POINT('',(-37.3855500048245,37.1130228604585,1.8));
#12751=CARTESIAN_POINT('',(-32.51,37.1130228604585,1.8));
#12752=CARTESIAN_POINT('',(-37.3855500048245,37.1130228604585,1.8));
#12753=CARTESIAN_POINT('Origin',(-37.5855500048245,35.7065114302293,2.));
#12754=CARTESIAN_POINT('',(-37.3855500048245,31.1,1.8));
#12755=CARTESIAN_POINT('',(-37.3855500048245,35.7065114302293,1.8));
#12756=CARTESIAN_POINT('',(-37.7855500048245,30.7,2.2));
#12757=CARTESIAN_POINT('',(-37.3855500048245,31.1,1.8));
#12758=CARTESIAN_POINT('',(-37.7855500048245,35.7065114302293,2.2));
#12759=CARTESIAN_POINT('Origin',(-34.06,33.8,1.8));
#12760=CARTESIAN_POINT('',(-31.36,33.8,1.8));
#12761=CARTESIAN_POINT('',(-31.36,33.8,1.8));
#12762=CARTESIAN_POINT('',(-34.06,31.1,1.8));
#12763=CARTESIAN_POINT('Origin',(-34.06,33.8,1.8));
#12764=CARTESIAN_POINT('',(-35.9727750024123,31.1,1.8));
#12765=CARTESIAN_POINT('Origin',(-37.5855500048245,-32.35,2.));
#12766=CARTESIAN_POINT('',(-37.3855500048245,-31.2,1.8));
#12767=CARTESIAN_POINT('',(-37.3855500048245,-37.1130228604585,1.8));
#12768=CARTESIAN_POINT('',(-37.3855500048245,-32.35,1.8));
#12769=CARTESIAN_POINT('',(-37.7855500048245,-37.5130228604585,2.2));
#12770=CARTESIAN_POINT('',(-37.3855500048245,-37.1130228604585,1.8));
#12771=CARTESIAN_POINT('',(-37.7855500048245,-30.8,2.2));
#12772=CARTESIAN_POINT('',(-37.7855500048245,-32.35,2.2));
#12773=CARTESIAN_POINT('',(-37.3855500048245,-31.2,1.8));
#12774=CARTESIAN_POINT('Origin',(-35.7477750024123,-37.3130228604585,2.));
#12775=CARTESIAN_POINT('',(-30.51,-37.5130228604585,2.2));
#12776=CARTESIAN_POINT('',(-35.7477750024123,-37.5130228604585,2.2));
#12777=CARTESIAN_POINT('',(-30.91,-37.1130228604585,1.8));
#12778=CARTESIAN_POINT('',(-35.7477750024123,-37.1130228604585,1.8));
#12779=CARTESIAN_POINT('',(-30.91,-37.1130228604585,1.8));
#12780=CARTESIAN_POINT('Origin',(-33.61,-33.9,1.8));
#12781=CARTESIAN_POINT('',(-33.61,-31.2,1.8));
#12782=CARTESIAN_POINT('',(-33.61,-31.2,1.8));
#12783=CARTESIAN_POINT('',(-30.91,-33.9,1.8));
#12784=CARTESIAN_POINT('Origin',(-33.61,-33.9,1.8));
#12785=CARTESIAN_POINT('',(-30.91,-35.7565114302293,1.8));
#12786=CARTESIAN_POINT('Origin',(32.3027456593551,-37.3630228604585,9.95));
#12787=CARTESIAN_POINT('',(37.7855500048245,-37.5130228604585,10.1));
#12788=CARTESIAN_POINT('',(30.441810877532,-37.5130228604585,10.1));
#12789=CARTESIAN_POINT('',(32.3027456593551,-37.5130228604585,10.1));
#12790=CARTESIAN_POINT('',(30.741810877532,-37.2130228604585,9.8));
#12791=CARTESIAN_POINT('',(30.741810877532,-37.2130228604585,9.8));
#12792=CARTESIAN_POINT('',(37.4855500048245,-37.2130228604585,9.8));
#12793=CARTESIAN_POINT('',(32.3027456593551,-37.2130228604585,9.8));
#12794=CARTESIAN_POINT('',(37.7855500048245,-37.5130228604585,10.1));
#12795=CARTESIAN_POINT('Origin',(37.6355500048245,-36.0942658059751,9.95));
#12796=CARTESIAN_POINT('',(37.4855500048245,-31.8379946425247,9.8));
#12797=CARTESIAN_POINT('',(37.4855500048245,-36.0942658059751,9.8));
#12798=CARTESIAN_POINT('',(37.7855500048245,-31.5379946425247,10.1));
#12799=CARTESIAN_POINT('',(37.4855500048245,-31.8379946425247,9.8));
#12800=CARTESIAN_POINT('',(37.7855500048245,-36.0942658059751,10.1));
#12801=CARTESIAN_POINT('Origin',(34.1636804411782,-34.5755087514916,9.8));
#12802=CARTESIAN_POINT('',(30.7418108775319,-34.0379946425247,9.8));
#12803=CARTESIAN_POINT('',(30.741810877532,-33.0567516970082,9.8));
#12804=CARTESIAN_POINT('',(32.941810877532,-31.8379946425247,9.8));
#12805=CARTESIAN_POINT('Origin',(32.941810877532,-34.0379946425247,9.8));
#12806=CARTESIAN_POINT('',(36.0246152230014,-31.8379946425247,9.8));
#12807=CARTESIAN_POINT('Origin',(0.,0.,19.));
#12808=CARTESIAN_POINT('',(23.6681564424833,1.87215181106019,19.));
#12809=CARTESIAN_POINT('',(22.8495987032255,1.87215181106019,19.));
#12810=CARTESIAN_POINT('',(11.8340782212416,1.87215181106019,19.));
#12811=CARTESIAN_POINT('',(22.8495987032255,0.734361727174995,19.));
#12812=CARTESIAN_POINT('',(22.8495987032255,0.936075905530094,19.));
#12813=CARTESIAN_POINT('',(23.6558778856595,0.734361727174995,19.));
#12814=CARTESIAN_POINT('',(11.4247993516127,0.734361727174993,19.));
#12815=CARTESIAN_POINT('',(24.2595584963163,0.883747656282661,19.));
#12816=CARTESIAN_POINT('Ctrl Pts',(23.6558778856595,0.734361727174995,19.));
#12817=CARTESIAN_POINT('Ctrl Pts',(23.7817994492554,0.734961284351935,19.));
#12818=CARTESIAN_POINT('Ctrl Pts',(23.9966473852058,0.735984251493316,19.));
#12819=CARTESIAN_POINT('Ctrl Pts',(24.1825943465393,0.840491649453117,19.));
#12820=CARTESIAN_POINT('Ctrl Pts',(24.2595584963163,0.883747656282661,19.));
#12821=CARTESIAN_POINT('',(24.4294078920682,1.31553532594132,19.));
#12822=CARTESIAN_POINT('Ctrl Pts',(24.2595584963163,0.883747656282661,19.));
#12823=CARTESIAN_POINT('Ctrl Pts',(24.3090446691938,0.941749333389164,19.));
#12824=CARTESIAN_POINT('Ctrl Pts',(24.414698192497,1.06558355186783,19.));
#12825=CARTESIAN_POINT('Ctrl Pts',(24.4243022166913,1.22877810754058,19.));
#12826=CARTESIAN_POINT('Ctrl Pts',(24.4294078920682,1.31553532594132,19.));
#12827=CARTESIAN_POINT('',(24.2595584963163,1.72481210940766,19.));
#12828=CARTESIAN_POINT('Ctrl Pts',(24.4294078920682,1.31553532594132,19.));
#12829=CARTESIAN_POINT('Ctrl Pts',(24.4236534035007,1.39688190688249,19.));
#12830=CARTESIAN_POINT('Ctrl Pts',(24.4126265408736,1.55275980336249,19.));
#12831=CARTESIAN_POINT('Ctrl Pts',(24.3090719798609,1.66915771695226,19.));
#12832=CARTESIAN_POINT('Ctrl Pts',(24.2595584963163,1.72481210940766,19.));
#12833=CARTESIAN_POINT('Ctrl Pts',(24.2595584963163,1.72481210940766,19.));
#12834=CARTESIAN_POINT('Ctrl Pts',(24.1836019593464,1.76749481014567,19.));
#12835=CARTESIAN_POINT('Ctrl Pts',(24.0013754104441,1.86989443977079,19.));
#12836=CARTESIAN_POINT('Ctrl Pts',(23.7909003102052,1.87132029031981,19.));
#12837=CARTESIAN_POINT('Ctrl Pts',(23.6681564424833,1.87215181106019,19.));
#12838=CARTESIAN_POINT('Origin',(0.,0.,19.));
#12839=CARTESIAN_POINT('',(23.790937242349,-0.407520811620476,19.));
#12840=CARTESIAN_POINT('',(22.8495987032255,-0.407520811620477,19.));
#12841=CARTESIAN_POINT('',(11.8954686211745,-0.407520811620477,19.));
#12842=CARTESIAN_POINT('',(22.8495987032255,-1.62307349926543,19.));
#12843=CARTESIAN_POINT('',(22.8495987032255,-0.203760405810238,19.));
#12844=CARTESIAN_POINT('',(23.7950285051664,-1.62307349926543,19.));
#12845=CARTESIAN_POINT('',(11.4247993516127,-1.62307349926543,19.));
#12846=CARTESIAN_POINT('',(24.4703348253568,-1.45322350746703,19.));
#12847=CARTESIAN_POINT('Ctrl Pts',(23.7950285051664,-1.62307349926543,19.));
#12848=CARTESIAN_POINT('Ctrl Pts',(23.9347727918678,-1.62192179299796,19.));
#12849=CARTESIAN_POINT('Ctrl Pts',(24.175252460417,-1.61993987339318,19.));
#12850=CARTESIAN_POINT('Ctrl Pts',(24.3832189883672,-1.50244242897214,19.));
#12851=CARTESIAN_POINT('Ctrl Pts',(24.4703348253568,-1.45322350746703,19.));
#12852=CARTESIAN_POINT('',(24.6667917345365,-0.996879618230584,19.));
#12853=CARTESIAN_POINT('Ctrl Pts',(24.4703348253568,-1.45322350746703,19.));
#12854=CARTESIAN_POINT('Ctrl Pts',(24.527622115619,-1.39046750282736,19.));
#12855=CARTESIAN_POINT('Ctrl Pts',(24.6455186423117,-1.2613164303596,19.));
#12856=CARTESIAN_POINT('Ctrl Pts',(24.6595687415434,-1.08666558920902,19.));
#12857=CARTESIAN_POINT('Ctrl Pts',(24.6667917345365,-0.996879618230584,
19.));
#12858=CARTESIAN_POINT('',(24.4723852251371,-0.569185297551873,19.));
#12859=CARTESIAN_POINT('Ctrl Pts',(24.6667917345365,-0.996879618230584,
19.));
#12860=CARTESIAN_POINT('Ctrl Pts',(24.6591792782647,-0.912961073872679,
19.));
#12861=CARTESIAN_POINT('Ctrl Pts',(24.6441747794455,-0.747553792073614,
19.));
#12862=CARTESIAN_POINT('Ctrl Pts',(24.5290848589718,-0.628056329424261,
19.));
#12863=CARTESIAN_POINT('Ctrl Pts',(24.4723852251371,-0.569185297551873,
19.));
#12864=CARTESIAN_POINT('Ctrl Pts',(24.4723852251371,-0.569185297551873,
19.));
#12865=CARTESIAN_POINT('Ctrl Pts',(24.3849086563357,-0.522373468993917,
19.));
#12866=CARTESIAN_POINT('Ctrl Pts',(24.1735953531302,-0.409292191833401,
19.));
#12867=CARTESIAN_POINT('Ctrl Pts',(23.9323280390512,-0.408175330243006,
19.));
#12868=CARTESIAN_POINT('Ctrl Pts',(23.790937242349,-0.407520811620476,19.));
#12869=CARTESIAN_POINT('Origin',(0.,0.,19.));
#12870=CARTESIAN_POINT('',(-9.24180430428187,1.86805905812668,19.));
#12871=CARTESIAN_POINT('',(-9.76977151886622,1.86805905812668,19.));
#12872=CARTESIAN_POINT('',(-4.62090215214093,1.86805905812668,19.));
#12873=CARTESIAN_POINT('',(-9.76977151886622,0.529723484453434,19.));
#12874=CARTESIAN_POINT('',(-9.76977151886622,0.934029529063341,19.));
#12875=CARTESIAN_POINT('',(-9.31547326103846,0.529723484453434,19.));
#12876=CARTESIAN_POINT('',(-4.88488575943311,0.529723484453435,19.));
#12877=CARTESIAN_POINT('',(-8.56240433708826,0.715944487985843,19.));
#12878=CARTESIAN_POINT('Ctrl Pts',(-9.31547326103846,0.529723484453434,
19.));
#12879=CARTESIAN_POINT('Ctrl Pts',(-9.15934449861624,0.530781166992966,
19.));
#12880=CARTESIAN_POINT('Ctrl Pts',(-8.89159250123199,0.532595032728945,
19.));
#12881=CARTESIAN_POINT('Ctrl Pts',(-8.65926107590509,0.661997741916714,
19.));
#12882=CARTESIAN_POINT('Ctrl Pts',(-8.56240433708826,0.715944487985843,
19.));
#12883=CARTESIAN_POINT('',(-8.34548753754298,1.19275243991303,19.));
#12884=CARTESIAN_POINT('Ctrl Pts',(-8.56240433708826,0.715944487985843,
19.));
#12885=CARTESIAN_POINT('Ctrl Pts',(-8.49913748166176,0.782591913748264,
19.));
#12886=CARTESIAN_POINT('Ctrl Pts',(-8.37200742600949,0.916514974869886,
19.));
#12887=CARTESIAN_POINT('Ctrl Pts',(-8.35435510168453,1.10038578299205,19.));
#12888=CARTESIAN_POINT('Ctrl Pts',(-8.34548753754298,1.19275243991303,19.));
#12889=CARTESIAN_POINT('',(-8.53375476853052,1.67160602324891,19.));
#12890=CARTESIAN_POINT('Ctrl Pts',(-8.34548753754298,1.19275243991303,19.));
#12891=CARTESIAN_POINT('Ctrl Pts',(-8.35300122850241,1.282957556962,19.));
#12892=CARTESIAN_POINT('Ctrl Pts',(-8.36787438774918,1.46151628102774,19.));
#12893=CARTESIAN_POINT('Ctrl Pts',(-8.47884486640683,1.60206189073475,19.));
#12894=CARTESIAN_POINT('Ctrl Pts',(-8.53375476853052,1.67160602324891,19.));
#12895=CARTESIAN_POINT('Ctrl Pts',(-8.53375476853052,1.67160602324891,19.));
#12896=CARTESIAN_POINT('Ctrl Pts',(-8.62169570581898,1.72847737859182,19.));
#12897=CARTESIAN_POINT('Ctrl Pts',(-8.83492705888631,1.86637397629084,19.));
#12898=CARTESIAN_POINT('Ctrl Pts',(-9.09121481805674,1.86743539187162,19.));
#12899=CARTESIAN_POINT('Ctrl Pts',(-9.24180430428187,1.86805905812668,19.));
#12900=CARTESIAN_POINT('Origin',(37.7855500048245,30.7,1.8));
#12901=CARTESIAN_POINT('',(37.7855500048245,37.5130228604585,14.));
#12902=CARTESIAN_POINT('',(37.7855500048245,37.5130228604585,1.8));
#12903=CARTESIAN_POINT('',(37.7855500048245,30.7,14.));
#12904=CARTESIAN_POINT('',(37.7855500048245,15.35,14.));
#12905=CARTESIAN_POINT('',(37.7855500048245,30.7,1.8));
#12906=CARTESIAN_POINT('Origin',(34.06,30.9,2.));
#12907=CARTESIAN_POINT('',(34.06,30.7,2.2));
#12908=CARTESIAN_POINT('',(34.06,30.7,2.2));
#12909=CARTESIAN_POINT('',(34.06,31.1,1.8));
#12910=CARTESIAN_POINT('Origin',(34.06,33.8,2.));
#12911=CARTESIAN_POINT('',(30.96,33.8,2.2));
#12912=CARTESIAN_POINT('',(31.36,33.8,1.8));
#12913=CARTESIAN_POINT('Origin',(34.06,33.8,2.2));
#12914=CARTESIAN_POINT('Origin',(37.8855500048245,37.5130228604585,1.8));
#12915=CARTESIAN_POINT('',(30.96,37.5130228604585,14.));
#12916=CARTESIAN_POINT('',(30.96,37.5130228604585,1.8));
#12917=CARTESIAN_POINT('',(18.9427750024123,37.5130228604585,14.));
#12918=CARTESIAN_POINT('Origin',(31.16,35.7065114302293,2.));
#12919=CARTESIAN_POINT('',(30.96,35.7065114302293,2.2));
#12920=CARTESIAN_POINT('Origin',(-37.8855500048245,37.6130228604585,14.));
#12921=CARTESIAN_POINT('',(30.96,37.6130228604585,14.));
#12922=CARTESIAN_POINT('',(30.96,37.6130228604585,16.));
#12923=CARTESIAN_POINT('',(30.96,37.6130228604585,7.9));
#12924=CARTESIAN_POINT('',(-30.96,37.6130228604585,16.));
#12925=CARTESIAN_POINT('',(-18.9427750024123,37.6130228604585,16.));
#12926=CARTESIAN_POINT('',(-30.96,37.6130228604585,14.));
#12927=CARTESIAN_POINT('',(-30.96,37.6130228604585,1.8));
#12928=CARTESIAN_POINT('',(-37.8855500048245,37.6130228604585,14.));
#12929=CARTESIAN_POINT('Origin',(-30.96,37.5130228604585,1.8));
#12930=CARTESIAN_POINT('',(-37.7855500048245,37.5130228604585,14.));
#12931=CARTESIAN_POINT('',(-37.7855500048245,37.5130228604585,1.8));
#12932=CARTESIAN_POINT('',(-30.96,37.5130228604585,14.));
#12933=CARTESIAN_POINT('',(-15.48,37.5130228604585,14.));
#12934=CARTESIAN_POINT('',(-30.96,37.5130228604585,1.8));
#12935=CARTESIAN_POINT('Origin',(-31.16,33.8,2.));
#12936=CARTESIAN_POINT('',(-30.96,33.8,2.2));
#12937=CARTESIAN_POINT('',(-30.96,33.8,2.2));
#12938=CARTESIAN_POINT('',(-31.36,33.8,1.8));
#12939=CARTESIAN_POINT('Origin',(-34.06,33.8,2.));
#12940=CARTESIAN_POINT('',(-34.06,30.7,2.2));
#12941=CARTESIAN_POINT('',(-34.06,31.1,1.8));
#12942=CARTESIAN_POINT('Origin',(-34.06,33.8,2.2));
#12943=CARTESIAN_POINT('Origin',(-37.7855500048245,37.6130228604585,1.8));
#12944=CARTESIAN_POINT('',(-37.7855500048245,30.7,14.));
#12945=CARTESIAN_POINT('',(-37.7855500048245,30.7,1.8));
#12946=CARTESIAN_POINT('',(-37.7855500048245,18.8065114302293,14.));
#12947=CARTESIAN_POINT('Origin',(-35.9727750024123,30.9,2.));
#12948=CARTESIAN_POINT('',(-35.9727750024123,30.7,2.2));
#12949=CARTESIAN_POINT('Origin',(-37.8855500048245,-37.6130228604585,14.));
#12950=CARTESIAN_POINT('',(-37.8855500048245,-30.8,16.));
#12951=CARTESIAN_POINT('',(-37.8855500048245,-30.8,14.));
#12952=CARTESIAN_POINT('',(-37.8855500048245,-30.8,7.9));
#12953=CARTESIAN_POINT('',(-37.8855500048245,30.7,14.));
#12954=CARTESIAN_POINT('',(-37.8855500048245,-37.6130228604585,14.));
#12955=CARTESIAN_POINT('',(-37.8855500048245,30.7,16.));
#12956=CARTESIAN_POINT('',(-37.8855500048245,30.7,1.8));
#12957=CARTESIAN_POINT('',(-37.8855500048245,-18.8065114302293,16.));
#12958=CARTESIAN_POINT('Origin',(-37.7855500048245,-30.8,1.8));
#12959=CARTESIAN_POINT('',(-37.7855500048245,-37.5130228604585,14.));
#12960=CARTESIAN_POINT('',(-37.7855500048245,-37.5130228604585,1.8));
#12961=CARTESIAN_POINT('',(-37.7855500048245,-30.8,14.));
#12962=CARTESIAN_POINT('',(-37.7855500048245,-15.4,14.));
#12963=CARTESIAN_POINT('',(-37.7855500048245,-30.8,1.8));
#12964=CARTESIAN_POINT('Origin',(-33.61,-31.,2.));
#12965=CARTESIAN_POINT('',(-33.61,-30.8,2.2));
#12966=CARTESIAN_POINT('',(-33.61,-30.8,2.2));
#12967=CARTESIAN_POINT('',(-33.61,-31.2,1.8));
#12968=CARTESIAN_POINT('Origin',(-33.61,-33.9,2.));
#12969=CARTESIAN_POINT('',(-30.51,-33.9,2.2));
#12970=CARTESIAN_POINT('',(-30.91,-33.9,1.8));
#12971=CARTESIAN_POINT('Origin',(-33.61,-33.9,2.2));
#12972=CARTESIAN_POINT('Origin',(-37.8855500048245,-37.5130228604585,1.8));
#12973=CARTESIAN_POINT('',(-30.51,-37.5130228604585,14.));
#12974=CARTESIAN_POINT('',(-30.51,-37.5130228604585,1.8));
#12975=CARTESIAN_POINT('',(-18.9427750024123,-37.5130228604585,14.));
#12976=CARTESIAN_POINT('Origin',(-30.71,-35.7565114302293,2.));
#12977=CARTESIAN_POINT('',(-30.51,-35.7565114302293,2.2));
#12978=CARTESIAN_POINT('Origin',(37.8855500048245,-37.6130228604585,14.));
#12979=CARTESIAN_POINT('',(30.441810877532,-37.6130228604585,16.));
#12980=CARTESIAN_POINT('',(30.4418108775319,-37.6130228604585,14.));
#12981=CARTESIAN_POINT('',(30.4418108775319,-37.6130228604585,8.9));
#12982=CARTESIAN_POINT('',(-30.51,-37.6130228604585,14.));
#12983=CARTESIAN_POINT('',(37.8855500048245,-37.6130228604585,14.));
#12984=CARTESIAN_POINT('',(-30.51,-37.6130228604585,16.));
#12985=CARTESIAN_POINT('',(-30.51,-37.6130228604585,7.9));
#12986=CARTESIAN_POINT('',(18.9427750024123,-37.6130228604585,16.));
#12987=CARTESIAN_POINT('Origin',(30.441810877532,-37.5130228604585,3.8));
#12988=CARTESIAN_POINT('',(37.7855500048245,-37.5130228604585,14.));
#12989=CARTESIAN_POINT('',(37.7855500048245,-37.5130228604585,3.8));
#12990=CARTESIAN_POINT('',(30.441810877532,-37.5130228604585,14.));
#12991=CARTESIAN_POINT('',(15.220905438766,-37.5130228604585,14.));
#12992=CARTESIAN_POINT('',(30.441810877532,-37.5130228604585,3.8));
#12993=CARTESIAN_POINT('Origin',(30.591810877532,-33.0567516970082,9.95));
#12994=CARTESIAN_POINT('',(30.441810877532,-34.0379946425247,10.1));
#12995=CARTESIAN_POINT('',(30.441810877532,-33.0567516970082,10.1));
#12996=CARTESIAN_POINT('',(30.7418108775319,-34.0379946425247,9.8));
#12997=CARTESIAN_POINT('Origin',(32.941810877532,-34.0379946425247,9.95));
#12998=CARTESIAN_POINT('',(32.941810877532,-31.5379946425247,10.1));
#12999=CARTESIAN_POINT('Origin',(32.941810877532,-34.0379946425247,10.1));
#13000=CARTESIAN_POINT('',(32.941810877532,-31.8379946425247,9.8));
#13001=CARTESIAN_POINT('Origin',(37.7855500048245,-37.6130228604585,3.8));
#13002=CARTESIAN_POINT('',(37.7855500048245,-31.5379946425247,14.));
#13003=CARTESIAN_POINT('',(37.7855500048245,-31.5379946425247,3.8));
#13004=CARTESIAN_POINT('',(37.7855500048245,-18.8065114302293,14.));
#13005=CARTESIAN_POINT('Origin',(36.0246152230014,-31.6879946425247,9.95));
#13006=CARTESIAN_POINT('',(36.0246152230014,-31.5379946425247,10.1));
#13007=CARTESIAN_POINT('Origin',(37.8855500048245,37.6130228604585,14.));
#13008=CARTESIAN_POINT('',(37.8855500048245,-31.5379946425247,14.));
#13009=CARTESIAN_POINT('',(37.8855500048245,-31.5379946425247,16.));
#13010=CARTESIAN_POINT('',(37.8855500048245,-31.5379946425247,8.9));
#13011=CARTESIAN_POINT('',(37.8855500048245,30.7,16.));
#13012=CARTESIAN_POINT('',(37.8855500048245,18.8065114302293,16.));
#13013=CARTESIAN_POINT('',(37.8855500048245,30.7,14.));
#13014=CARTESIAN_POINT('',(37.8855500048245,30.7,7.9));
#13015=CARTESIAN_POINT('',(37.8855500048245,37.6130228604585,14.));
#13016=CARTESIAN_POINT('Origin',(37.2140511946592,24.939406145071,19.));
#13017=CARTESIAN_POINT('',(37.2140511946592,24.939406145071,16.2424322583639));
#13018=CARTESIAN_POINT('',(37.2140511946592,12.6680657432359,16.2424322583639));
#13019=CARTESIAN_POINT('',(37.2140511946592,21.8715710446122,16.2424322583639));
#13020=CARTESIAN_POINT('',(37.2140511946592,24.939406145071,16.6714988101653));
#13021=CARTESIAN_POINT('',(37.2140511946592,24.939406145071,19.));
#13022=CARTESIAN_POINT('',(37.2140511946592,12.6680657432359,16.6714988101653));
#13023=CARTESIAN_POINT('',(37.2140511946592,21.8729587876501,16.6714988101653));
#13024=CARTESIAN_POINT('',(37.2140511946592,12.6680657432359,19.));
#13025=CARTESIAN_POINT('Origin',(22.8495987032255,0.734361727174995,19.));
#13026=CARTESIAN_POINT('',(22.8495987032255,0.734361727174995,18.8));
#13027=CARTESIAN_POINT('',(22.8495987032255,0.734361727174995,19.));
#13028=CARTESIAN_POINT('',(23.6558778856595,0.734361727174995,18.8));
#13029=CARTESIAN_POINT('',(22.8495987032255,0.734361727174995,18.8));
#13030=CARTESIAN_POINT('',(23.6558778856595,0.734361727174995,19.));
#13031=CARTESIAN_POINT('Ctrl Pts',(23.6558778856595,0.734361727174995,19.));
#13032=CARTESIAN_POINT('Ctrl Pts',(23.6558778856595,0.734361727174995,18.8));
#13033=CARTESIAN_POINT('Ctrl Pts',(23.7817994492554,0.734961284351935,19.));
#13034=CARTESIAN_POINT('Ctrl Pts',(23.7817994492554,0.734961284351935,18.8));
#13035=CARTESIAN_POINT('Ctrl Pts',(23.9966473852058,0.735984251493316,19.));
#13036=CARTESIAN_POINT('Ctrl Pts',(23.9966473852058,0.735984251493316,18.8));
#13037=CARTESIAN_POINT('Ctrl Pts',(24.1825943465393,0.840491649453117,19.));
#13038=CARTESIAN_POINT('Ctrl Pts',(24.1825943465393,0.840491649453117,18.8));
#13039=CARTESIAN_POINT('Ctrl Pts',(24.2595584963163,0.883747656282661,19.));
#13040=CARTESIAN_POINT('Ctrl Pts',(24.2595584963163,0.883747656282661,18.8));
#13041=CARTESIAN_POINT('',(24.2595584963163,0.883747656282661,18.8));
#13042=CARTESIAN_POINT('Ctrl Pts',(23.6558778856595,0.734361727174995,18.8));
#13043=CARTESIAN_POINT('Ctrl Pts',(23.7817994492554,0.734961284351935,18.8));
#13044=CARTESIAN_POINT('Ctrl Pts',(23.9966473852058,0.735984251493316,18.8));
#13045=CARTESIAN_POINT('Ctrl Pts',(24.1825943465393,0.840491649453117,18.8));
#13046=CARTESIAN_POINT('Ctrl Pts',(24.2595584963163,0.883747656282661,18.8));
#13047=CARTESIAN_POINT('',(24.2595584963163,0.883747656282661,19.));
#13048=CARTESIAN_POINT('Ctrl Pts',(24.2595584963163,0.883747656282661,19.));
#13049=CARTESIAN_POINT('Ctrl Pts',(24.2595584963163,0.883747656282661,18.8));
#13050=CARTESIAN_POINT('Ctrl Pts',(24.3090446691938,0.941749333389164,19.));
#13051=CARTESIAN_POINT('Ctrl Pts',(24.3090446691938,0.941749333389164,18.8));
#13052=CARTESIAN_POINT('Ctrl Pts',(24.414698192497,1.06558355186783,19.));
#13053=CARTESIAN_POINT('Ctrl Pts',(24.414698192497,1.06558355186783,18.8));
#13054=CARTESIAN_POINT('Ctrl Pts',(24.4243022166913,1.22877810754058,19.));
#13055=CARTESIAN_POINT('Ctrl Pts',(24.4243022166913,1.22877810754058,18.8));
#13056=CARTESIAN_POINT('Ctrl Pts',(24.4294078920682,1.31553532594132,19.));
#13057=CARTESIAN_POINT('Ctrl Pts',(24.4294078920682,1.31553532594132,18.8));
#13058=CARTESIAN_POINT('',(24.4294078920682,1.31553532594132,18.8));
#13059=CARTESIAN_POINT('Ctrl Pts',(24.2595584963163,0.883747656282661,18.8));
#13060=CARTESIAN_POINT('Ctrl Pts',(24.3090446691938,0.941749333389164,18.8));
#13061=CARTESIAN_POINT('Ctrl Pts',(24.414698192497,1.06558355186783,18.8));
#13062=CARTESIAN_POINT('Ctrl Pts',(24.4243022166913,1.22877810754058,18.8));
#13063=CARTESIAN_POINT('Ctrl Pts',(24.4294078920682,1.31553532594132,18.8));
#13064=CARTESIAN_POINT('',(24.4294078920682,1.31553532594132,19.));
#13065=CARTESIAN_POINT('Ctrl Pts',(24.4294078920682,1.31553532594132,19.));
#13066=CARTESIAN_POINT('Ctrl Pts',(24.4294078920682,1.31553532594132,18.8));
#13067=CARTESIAN_POINT('Ctrl Pts',(24.4236534035007,1.39688190688249,19.));
#13068=CARTESIAN_POINT('Ctrl Pts',(24.4236534035007,1.39688190688249,18.8));
#13069=CARTESIAN_POINT('Ctrl Pts',(24.4126265408736,1.55275980336249,19.));
#13070=CARTESIAN_POINT('Ctrl Pts',(24.4126265408736,1.55275980336249,18.8));
#13071=CARTESIAN_POINT('Ctrl Pts',(24.3090719798609,1.66915771695226,19.));
#13072=CARTESIAN_POINT('Ctrl Pts',(24.3090719798609,1.66915771695226,18.8));
#13073=CARTESIAN_POINT('Ctrl Pts',(24.2595584963163,1.72481210940766,19.));
#13074=CARTESIAN_POINT('Ctrl Pts',(24.2595584963163,1.72481210940766,18.8));
#13075=CARTESIAN_POINT('',(24.2595584963163,1.72481210940766,18.8));
#13076=CARTESIAN_POINT('Ctrl Pts',(24.4294078920682,1.31553532594132,18.8));
#13077=CARTESIAN_POINT('Ctrl Pts',(24.4236534035007,1.39688190688249,18.8));
#13078=CARTESIAN_POINT('Ctrl Pts',(24.4126265408736,1.55275980336249,18.8));
#13079=CARTESIAN_POINT('Ctrl Pts',(24.3090719798609,1.66915771695226,18.8));
#13080=CARTESIAN_POINT('Ctrl Pts',(24.2595584963163,1.72481210940766,18.8));
#13081=CARTESIAN_POINT('',(24.2595584963163,1.72481210940766,19.));
#13082=CARTESIAN_POINT('Ctrl Pts',(24.2595584963163,1.72481210940766,19.));
#13083=CARTESIAN_POINT('Ctrl Pts',(24.2595584963163,1.72481210940766,18.8));
#13084=CARTESIAN_POINT('Ctrl Pts',(24.1836019593464,1.76749481014567,19.));
#13085=CARTESIAN_POINT('Ctrl Pts',(24.1836019593464,1.76749481014567,18.8));
#13086=CARTESIAN_POINT('Ctrl Pts',(24.0013754104441,1.86989443977079,19.));
#13087=CARTESIAN_POINT('Ctrl Pts',(24.0013754104441,1.86989443977079,18.8));
#13088=CARTESIAN_POINT('Ctrl Pts',(23.7909003102052,1.87132029031981,19.));
#13089=CARTESIAN_POINT('Ctrl Pts',(23.7909003102052,1.87132029031981,18.8));
#13090=CARTESIAN_POINT('Ctrl Pts',(23.6681564424833,1.87215181106019,19.));
#13091=CARTESIAN_POINT('Ctrl Pts',(23.6681564424833,1.87215181106019,18.8));
#13092=CARTESIAN_POINT('',(23.6681564424833,1.87215181106019,18.8));
#13093=CARTESIAN_POINT('Ctrl Pts',(24.2595584963163,1.72481210940766,18.8));
#13094=CARTESIAN_POINT('Ctrl Pts',(24.1836019593464,1.76749481014567,18.8));
#13095=CARTESIAN_POINT('Ctrl Pts',(24.0013754104441,1.86989443977079,18.8));
#13096=CARTESIAN_POINT('Ctrl Pts',(23.7909003102052,1.87132029031981,18.8));
#13097=CARTESIAN_POINT('Ctrl Pts',(23.6681564424833,1.87215181106019,18.8));
#13098=CARTESIAN_POINT('',(23.6681564424833,1.87215181106019,19.));
#13099=CARTESIAN_POINT('Origin',(23.6681564424833,1.87215181106019,19.));
#13100=CARTESIAN_POINT('',(22.8495987032255,1.87215181106019,18.8));
#13101=CARTESIAN_POINT('',(23.6681564424833,1.87215181106019,18.8));
#13102=CARTESIAN_POINT('',(22.8495987032255,1.87215181106019,19.));
#13103=CARTESIAN_POINT('Origin',(22.8495987032255,1.87215181106019,19.));
#13104=CARTESIAN_POINT('',(22.8495987032255,1.87215181106019,18.8));
#13105=CARTESIAN_POINT('Origin',(22.8495987032255,-1.62307349926543,19.));
#13106=CARTESIAN_POINT('',(22.8495987032255,-1.62307349926543,18.8));
#13107=CARTESIAN_POINT('',(22.8495987032255,-1.62307349926543,19.));
#13108=CARTESIAN_POINT('',(23.7950285051664,-1.62307349926543,18.8));
#13109=CARTESIAN_POINT('',(22.8495987032255,-1.62307349926543,18.8));
#13110=CARTESIAN_POINT('',(23.7950285051664,-1.62307349926543,19.));
#13111=CARTESIAN_POINT('Ctrl Pts',(23.7950285051664,-1.62307349926543,19.));
#13112=CARTESIAN_POINT('Ctrl Pts',(23.7950285051664,-1.62307349926543,18.8));
#13113=CARTESIAN_POINT('Ctrl Pts',(23.9347727918678,-1.62192179299796,19.));
#13114=CARTESIAN_POINT('Ctrl Pts',(23.9347727918678,-1.62192179299796,18.8));
#13115=CARTESIAN_POINT('Ctrl Pts',(24.175252460417,-1.61993987339318,19.));
#13116=CARTESIAN_POINT('Ctrl Pts',(24.175252460417,-1.61993987339318,18.8));
#13117=CARTESIAN_POINT('Ctrl Pts',(24.3832189883672,-1.50244242897214,19.));
#13118=CARTESIAN_POINT('Ctrl Pts',(24.3832189883672,-1.50244242897214,18.8));
#13119=CARTESIAN_POINT('Ctrl Pts',(24.4703348253568,-1.45322350746703,19.));
#13120=CARTESIAN_POINT('Ctrl Pts',(24.4703348253568,-1.45322350746703,18.8));
#13121=CARTESIAN_POINT('',(24.4703348253568,-1.45322350746703,18.8));
#13122=CARTESIAN_POINT('Ctrl Pts',(23.7950285051664,-1.62307349926543,18.8));
#13123=CARTESIAN_POINT('Ctrl Pts',(23.9347727918678,-1.62192179299796,18.8));
#13124=CARTESIAN_POINT('Ctrl Pts',(24.175252460417,-1.61993987339318,18.8));
#13125=CARTESIAN_POINT('Ctrl Pts',(24.3832189883672,-1.50244242897214,18.8));
#13126=CARTESIAN_POINT('Ctrl Pts',(24.4703348253568,-1.45322350746703,18.8));
#13127=CARTESIAN_POINT('',(24.4703348253568,-1.45322350746703,19.));
#13128=CARTESIAN_POINT('Ctrl Pts',(24.4703348253568,-1.45322350746703,19.));
#13129=CARTESIAN_POINT('Ctrl Pts',(24.4703348253568,-1.45322350746703,18.8));
#13130=CARTESIAN_POINT('Ctrl Pts',(24.527622115619,-1.39046750282736,19.));
#13131=CARTESIAN_POINT('Ctrl Pts',(24.527622115619,-1.39046750282736,18.8));
#13132=CARTESIAN_POINT('Ctrl Pts',(24.6455186423117,-1.2613164303596,19.));
#13133=CARTESIAN_POINT('Ctrl Pts',(24.6455186423117,-1.2613164303596,18.8));
#13134=CARTESIAN_POINT('Ctrl Pts',(24.6595687415434,-1.08666558920902,19.));
#13135=CARTESIAN_POINT('Ctrl Pts',(24.6595687415434,-1.08666558920902,18.8));
#13136=CARTESIAN_POINT('Ctrl Pts',(24.6667917345365,-0.996879618230584,
19.));
#13137=CARTESIAN_POINT('Ctrl Pts',(24.6667917345365,-0.996879618230584,
18.8));
#13138=CARTESIAN_POINT('',(24.6667917345365,-0.996879618230584,18.8));
#13139=CARTESIAN_POINT('Ctrl Pts',(24.4703348253568,-1.45322350746703,18.8));
#13140=CARTESIAN_POINT('Ctrl Pts',(24.527622115619,-1.39046750282736,18.8));
#13141=CARTESIAN_POINT('Ctrl Pts',(24.6455186423117,-1.2613164303596,18.8));
#13142=CARTESIAN_POINT('Ctrl Pts',(24.6595687415434,-1.08666558920902,18.8));
#13143=CARTESIAN_POINT('Ctrl Pts',(24.6667917345365,-0.996879618230584,
18.8));
#13144=CARTESIAN_POINT('',(24.6667917345365,-0.996879618230584,19.));
#13145=CARTESIAN_POINT('Ctrl Pts',(24.6667917345365,-0.996879618230584,
19.));
#13146=CARTESIAN_POINT('Ctrl Pts',(24.6667917345365,-0.996879618230584,
18.8));
#13147=CARTESIAN_POINT('Ctrl Pts',(24.6591792782647,-0.912961073872679,
19.));
#13148=CARTESIAN_POINT('Ctrl Pts',(24.6591792782647,-0.912961073872679,
18.8));
#13149=CARTESIAN_POINT('Ctrl Pts',(24.6441747794455,-0.747553792073614,
19.));
#13150=CARTESIAN_POINT('Ctrl Pts',(24.6441747794455,-0.747553792073614,
18.8));
#13151=CARTESIAN_POINT('Ctrl Pts',(24.5290848589718,-0.628056329424261,
19.));
#13152=CARTESIAN_POINT('Ctrl Pts',(24.5290848589718,-0.628056329424261,
18.8));
#13153=CARTESIAN_POINT('Ctrl Pts',(24.4723852251371,-0.569185297551873,
19.));
#13154=CARTESIAN_POINT('Ctrl Pts',(24.4723852251371,-0.569185297551873,
18.8));
#13155=CARTESIAN_POINT('',(24.4723852251371,-0.569185297551873,18.8));
#13156=CARTESIAN_POINT('Ctrl Pts',(24.6667917345365,-0.996879618230584,
18.8));
#13157=CARTESIAN_POINT('Ctrl Pts',(24.6591792782647,-0.912961073872679,
18.8));
#13158=CARTESIAN_POINT('Ctrl Pts',(24.6441747794455,-0.747553792073614,
18.8));
#13159=CARTESIAN_POINT('Ctrl Pts',(24.5290848589718,-0.628056329424261,
18.8));
#13160=CARTESIAN_POINT('Ctrl Pts',(24.4723852251371,-0.569185297551873,
18.8));
#13161=CARTESIAN_POINT('',(24.4723852251371,-0.569185297551873,19.));
#13162=CARTESIAN_POINT('Ctrl Pts',(24.4723852251371,-0.569185297551873,
19.));
#13163=CARTESIAN_POINT('Ctrl Pts',(24.4723852251371,-0.569185297551873,
18.8));
#13164=CARTESIAN_POINT('Ctrl Pts',(24.3849086563357,-0.522373468993917,
19.));
#13165=CARTESIAN_POINT('Ctrl Pts',(24.3849086563357,-0.522373468993917,
18.8));
#13166=CARTESIAN_POINT('Ctrl Pts',(24.1735953531302,-0.409292191833401,
19.));
#13167=CARTESIAN_POINT('Ctrl Pts',(24.1735953531302,-0.409292191833401,
18.8));
#13168=CARTESIAN_POINT('Ctrl Pts',(23.9323280390512,-0.408175330243006,
19.));
#13169=CARTESIAN_POINT('Ctrl Pts',(23.9323280390512,-0.408175330243006,
18.8));
#13170=CARTESIAN_POINT('Ctrl Pts',(23.790937242349,-0.407520811620476,19.));
#13171=CARTESIAN_POINT('Ctrl Pts',(23.790937242349,-0.407520811620476,18.8));
#13172=CARTESIAN_POINT('',(23.790937242349,-0.407520811620476,18.8));
#13173=CARTESIAN_POINT('Ctrl Pts',(24.4723852251371,-0.569185297551873,
18.8));
#13174=CARTESIAN_POINT('Ctrl Pts',(24.3849086563357,-0.522373468993917,
18.8));
#13175=CARTESIAN_POINT('Ctrl Pts',(24.1735953531302,-0.409292191833401,
18.8));
#13176=CARTESIAN_POINT('Ctrl Pts',(23.9323280390512,-0.408175330243006,
18.8));
#13177=CARTESIAN_POINT('Ctrl Pts',(23.790937242349,-0.407520811620476,18.8));
#13178=CARTESIAN_POINT('',(23.790937242349,-0.407520811620476,19.));
#13179=CARTESIAN_POINT('Origin',(23.790937242349,-0.407520811620476,19.));
#13180=CARTESIAN_POINT('',(22.8495987032255,-0.407520811620476,18.8));
#13181=CARTESIAN_POINT('',(23.790937242349,-0.407520811620476,18.8));
#13182=CARTESIAN_POINT('',(22.8495987032255,-0.407520811620477,19.));
#13183=CARTESIAN_POINT('Origin',(22.8495987032255,-0.407520811620477,19.));
#13184=CARTESIAN_POINT('',(22.8495987032255,-0.407520811620476,18.8));
#13185=CARTESIAN_POINT('Origin',(-9.76977151886622,0.529723484453434,19.));
#13186=CARTESIAN_POINT('',(-9.76977151886622,0.529723484453434,18.8));
#13187=CARTESIAN_POINT('',(-9.76977151886622,0.529723484453434,19.));
#13188=CARTESIAN_POINT('',(-9.31547326103846,0.529723484453434,18.8));
#13189=CARTESIAN_POINT('',(-9.76977151886622,0.529723484453434,18.8));
#13190=CARTESIAN_POINT('',(-9.31547326103846,0.529723484453434,19.));
#13191=CARTESIAN_POINT('Ctrl Pts',(-9.31547326103846,0.529723484453434,
19.));
#13192=CARTESIAN_POINT('Ctrl Pts',(-9.31547326103846,0.529723484453434,
18.8));
#13193=CARTESIAN_POINT('Ctrl Pts',(-9.15934449861624,0.530781166992966,
19.));
#13194=CARTESIAN_POINT('Ctrl Pts',(-9.15934449861624,0.530781166992966,
18.8));
#13195=CARTESIAN_POINT('Ctrl Pts',(-8.89159250123199,0.532595032728945,
19.));
#13196=CARTESIAN_POINT('Ctrl Pts',(-8.89159250123199,0.532595032728945,
18.8));
#13197=CARTESIAN_POINT('Ctrl Pts',(-8.65926107590509,0.661997741916714,
19.));
#13198=CARTESIAN_POINT('Ctrl Pts',(-8.65926107590509,0.661997741916714,
18.8));
#13199=CARTESIAN_POINT('Ctrl Pts',(-8.56240433708826,0.715944487985843,
19.));
#13200=CARTESIAN_POINT('Ctrl Pts',(-8.56240433708826,0.715944487985843,
18.8));
#13201=CARTESIAN_POINT('',(-8.56240433708826,0.715944487985843,18.8));
#13202=CARTESIAN_POINT('Ctrl Pts',(-9.31547326103846,0.529723484453434,
18.8));
#13203=CARTESIAN_POINT('Ctrl Pts',(-9.15934449861624,0.530781166992966,
18.8));
#13204=CARTESIAN_POINT('Ctrl Pts',(-8.89159250123199,0.532595032728945,
18.8));
#13205=CARTESIAN_POINT('Ctrl Pts',(-8.65926107590509,0.661997741916714,
18.8));
#13206=CARTESIAN_POINT('Ctrl Pts',(-8.56240433708826,0.715944487985843,
18.8));
#13207=CARTESIAN_POINT('',(-8.56240433708826,0.715944487985843,19.));
#13208=CARTESIAN_POINT('Ctrl Pts',(-8.56240433708826,0.715944487985843,
19.));
#13209=CARTESIAN_POINT('Ctrl Pts',(-8.56240433708826,0.715944487985843,
18.8));
#13210=CARTESIAN_POINT('Ctrl Pts',(-8.49913748166176,0.782591913748264,
19.));
#13211=CARTESIAN_POINT('Ctrl Pts',(-8.49913748166176,0.782591913748264,
18.8));
#13212=CARTESIAN_POINT('Ctrl Pts',(-8.37200742600949,0.916514974869886,
19.));
#13213=CARTESIAN_POINT('Ctrl Pts',(-8.37200742600949,0.916514974869886,
18.8));
#13214=CARTESIAN_POINT('Ctrl Pts',(-8.35435510168453,1.10038578299205,19.));
#13215=CARTESIAN_POINT('Ctrl Pts',(-8.35435510168453,1.10038578299205,18.8));
#13216=CARTESIAN_POINT('Ctrl Pts',(-8.34548753754298,1.19275243991303,19.));
#13217=CARTESIAN_POINT('Ctrl Pts',(-8.34548753754298,1.19275243991303,18.8));
#13218=CARTESIAN_POINT('',(-8.34548753754298,1.19275243991303,18.8));
#13219=CARTESIAN_POINT('Ctrl Pts',(-8.56240433708826,0.715944487985843,
18.8));
#13220=CARTESIAN_POINT('Ctrl Pts',(-8.49913748166176,0.782591913748264,
18.8));
#13221=CARTESIAN_POINT('Ctrl Pts',(-8.37200742600949,0.916514974869886,
18.8));
#13222=CARTESIAN_POINT('Ctrl Pts',(-8.35435510168453,1.10038578299205,18.8));
#13223=CARTESIAN_POINT('Ctrl Pts',(-8.34548753754298,1.19275243991303,18.8));
#13224=CARTESIAN_POINT('',(-8.34548753754298,1.19275243991303,19.));
#13225=CARTESIAN_POINT('Ctrl Pts',(-8.34548753754298,1.19275243991303,19.));
#13226=CARTESIAN_POINT('Ctrl Pts',(-8.34548753754298,1.19275243991303,18.8));
#13227=CARTESIAN_POINT('Ctrl Pts',(-8.35300122850241,1.282957556962,19.));
#13228=CARTESIAN_POINT('Ctrl Pts',(-8.35300122850241,1.282957556962,18.8));
#13229=CARTESIAN_POINT('Ctrl Pts',(-8.36787438774918,1.46151628102774,19.));
#13230=CARTESIAN_POINT('Ctrl Pts',(-8.36787438774918,1.46151628102774,18.8));
#13231=CARTESIAN_POINT('Ctrl Pts',(-8.47884486640683,1.60206189073475,19.));
#13232=CARTESIAN_POINT('Ctrl Pts',(-8.47884486640683,1.60206189073475,18.8));
#13233=CARTESIAN_POINT('Ctrl Pts',(-8.53375476853052,1.67160602324891,19.));
#13234=CARTESIAN_POINT('Ctrl Pts',(-8.53375476853052,1.67160602324891,18.8));
#13235=CARTESIAN_POINT('',(-8.53375476853052,1.67160602324891,18.8));
#13236=CARTESIAN_POINT('Ctrl Pts',(-8.34548753754298,1.19275243991303,18.8));
#13237=CARTESIAN_POINT('Ctrl Pts',(-8.35300122850241,1.282957556962,18.8));
#13238=CARTESIAN_POINT('Ctrl Pts',(-8.36787438774918,1.46151628102774,18.8));
#13239=CARTESIAN_POINT('Ctrl Pts',(-8.47884486640683,1.60206189073475,18.8));
#13240=CARTESIAN_POINT('Ctrl Pts',(-8.53375476853052,1.67160602324891,18.8));
#13241=CARTESIAN_POINT('',(-8.53375476853052,1.67160602324891,19.));
#13242=CARTESIAN_POINT('Ctrl Pts',(-8.53375476853052,1.67160602324891,19.));
#13243=CARTESIAN_POINT('Ctrl Pts',(-8.53375476853052,1.67160602324891,18.8));
#13244=CARTESIAN_POINT('Ctrl Pts',(-8.62169570581898,1.72847737859182,19.));
#13245=CARTESIAN_POINT('Ctrl Pts',(-8.62169570581898,1.72847737859182,18.8));
#13246=CARTESIAN_POINT('Ctrl Pts',(-8.83492705888631,1.86637397629084,19.));
#13247=CARTESIAN_POINT('Ctrl Pts',(-8.83492705888631,1.86637397629084,18.8));
#13248=CARTESIAN_POINT('Ctrl Pts',(-9.09121481805674,1.86743539187162,19.));
#13249=CARTESIAN_POINT('Ctrl Pts',(-9.09121481805674,1.86743539187162,18.8));
#13250=CARTESIAN_POINT('Ctrl Pts',(-9.24180430428187,1.86805905812668,19.));
#13251=CARTESIAN_POINT('Ctrl Pts',(-9.24180430428187,1.86805905812668,18.8));
#13252=CARTESIAN_POINT('',(-9.24180430428187,1.86805905812668,18.8));
#13253=CARTESIAN_POINT('Ctrl Pts',(-8.53375476853052,1.67160602324891,18.8));
#13254=CARTESIAN_POINT('Ctrl Pts',(-8.62169570581898,1.72847737859182,18.8));
#13255=CARTESIAN_POINT('Ctrl Pts',(-8.83492705888631,1.86637397629084,18.8));
#13256=CARTESIAN_POINT('Ctrl Pts',(-9.09121481805674,1.86743539187162,18.8));
#13257=CARTESIAN_POINT('Ctrl Pts',(-9.24180430428187,1.86805905812668,18.8));
#13258=CARTESIAN_POINT('',(-9.24180430428187,1.86805905812668,19.));
#13259=CARTESIAN_POINT('Origin',(-9.24180430428187,1.86805905812668,19.));
#13260=CARTESIAN_POINT('',(-9.76977151886622,1.86805905812668,18.8));
#13261=CARTESIAN_POINT('',(-9.24180430428187,1.86805905812668,18.8));
#13262=CARTESIAN_POINT('',(-9.76977151886622,1.86805905812668,19.));
#13263=CARTESIAN_POINT('Origin',(-9.76977151886622,1.86805905812668,19.));
#13264=CARTESIAN_POINT('',(-9.76977151886622,1.86805905812668,18.8));
#13265=CARTESIAN_POINT('Origin',(35.7140511946592,21.8715710446122,12.1212161291819));
#13266=CARTESIAN_POINT('',(34.2140511946592,15.6680657432359,8.));
#13267=CARTESIAN_POINT('',(37.0585758261419,12.6680657432359,15.8152671940814));
#13268=CARTESIAN_POINT('',(35.1495799710202,14.6814030516845,10.570344188302));
#13269=CARTESIAN_POINT('',(34.2140511946592,21.939406145071,8.));
#13270=CARTESIAN_POINT('',(34.2140511946592,21.8715710446122,8.));
#13271=CARTESIAN_POINT('',(37.0585758261419,24.939406145071,15.8152671940814));
#13272=CARTESIAN_POINT('',(35.1198920512449,22.8947582414037,10.4887772990886));
#13273=CARTESIAN_POINT('',(36.0831153019299,24.939406145071,13.1352114302395));
#13274=CARTESIAN_POINT('',(36.9071837889579,12.6680657432359,15.3993209904331));
#13275=CARTESIAN_POINT('Origin',(26.6470636264123,23.439406145071,11.9076335970407));
#13276=CARTESIAN_POINT('',(26.1247344369967,21.939406145071,8.));
#13277=CARTESIAN_POINT('',(26.6470636264123,21.939406145071,8.));
#13278=CARTESIAN_POINT('',(23.2802098055139,24.939406145071,15.8152671940814));
#13279=CARTESIAN_POINT('',(25.1892056606357,22.9260688366224,10.570344188302));
#13280=CARTESIAN_POINT('',(26.6470636264123,24.939406145071,15.8152671940814));
#13281=CARTESIAN_POINT('Origin',(24.6247344369967,15.7359008436947,12.1212161291819));
#13282=CARTESIAN_POINT('',(23.2802098055139,12.6680657432359,15.8152671940814));
#13283=CARTESIAN_POINT('',(26.1247344369967,15.6680657432359,8.));
#13284=CARTESIAN_POINT('',(25.218893580411,14.7127136469032,10.4887772990886));
#13285=CARTESIAN_POINT('',(23.1247344369967,12.6680657432359,16.2424322583639));
#13286=CARTESIAN_POINT('',(24.255670329726,12.6680657432359,13.1352114302395));
#13287=CARTESIAN_POINT('',(23.1247344369967,24.939406145071,16.2424322583639));
#13288=CARTESIAN_POINT('',(23.1247344369967,15.7359008436947,16.2424322583639));
#13289=CARTESIAN_POINT('',(23.4316018426979,24.939406145071,15.3993209904331));
#13290=CARTESIAN_POINT('',(26.1247344369967,15.7359008436947,8.));
#13291=CARTESIAN_POINT('Origin',(33.6917220052436,14.1680657432359,11.9076335970407));
#13292=CARTESIAN_POINT('',(33.6917220052435,15.6680657432359,8.));
#13293=CARTESIAN_POINT('',(33.6917220052436,12.6680657432359,15.8152671940814));
#13294=CARTESIAN_POINT('Origin',(0.,0.,14.));
#13295=CARTESIAN_POINT('',(-37.8855500048245,39.2130228604585,14.));
#13296=CARTESIAN_POINT('',(-39.4855500048245,37.6130228604585,14.));
#13297=CARTESIAN_POINT('Origin',(-37.8855500048245,37.6130228604585,14.));
#13298=CARTESIAN_POINT('',(37.8855500048245,39.2130228604585,14.));
#13299=CARTESIAN_POINT('',(18.9427750024123,39.2130228604585,14.));
#13300=CARTESIAN_POINT('',(39.4855500048245,37.6130228604585,14.));
#13301=CARTESIAN_POINT('Origin',(37.8855500048245,37.6130228604585,14.));
#13302=CARTESIAN_POINT('',(39.4855500048245,-37.6130228604585,14.));
#13303=CARTESIAN_POINT('',(39.4855500048245,-18.8065114302293,14.));
#13304=CARTESIAN_POINT('',(37.8855500048245,-39.2130228604585,14.));
#13305=CARTESIAN_POINT('Origin',(37.8855500048245,-37.6130228604585,14.));
#13306=CARTESIAN_POINT('',(-37.8855500048245,-39.2130228604585,14.));
#13307=CARTESIAN_POINT('',(-18.9427750024123,-39.2130228604585,14.));
#13308=CARTESIAN_POINT('',(-39.4855500048245,-37.6130228604585,14.));
#13309=CARTESIAN_POINT('Origin',(-37.8855500048245,-37.6130228604585,14.));
#13310=CARTESIAN_POINT('',(-39.4855500048245,18.8065114302293,14.));
#13311=CARTESIAN_POINT('',(-18.9427750024123,30.7,14.));
#13312=CARTESIAN_POINT('',(-16.805,-30.8,14.));
#13313=CARTESIAN_POINT('',(-30.51,-18.8065114302293,14.));
#13314=CARTESIAN_POINT('',(30.441810877532,-15.7689973212624,14.));
#13315=CARTESIAN_POINT('',(18.9427750024123,-31.5379946425247,14.));
#13316=CARTESIAN_POINT('',(17.03,30.7,14.));
#13317=CARTESIAN_POINT('',(30.96,18.8065114302293,14.));
#13318=CARTESIAN_POINT('',(-30.96,16.9,14.));
#13319=CARTESIAN_POINT('Origin',(34.06,30.7,1.8));
#13320=CARTESIAN_POINT('',(36.8855500048245,30.7,17.));
#13321=CARTESIAN_POINT('',(40.2291625036184,30.7,13.6563875012061));
#13322=CARTESIAN_POINT('',(34.06,30.7,17.));
#13323=CARTESIAN_POINT('',(17.03,30.7,17.));
#13324=CARTESIAN_POINT('',(34.06,30.7,1.8));
#13325=CARTESIAN_POINT('Origin',(34.06,33.8,1.8));
#13326=CARTESIAN_POINT('',(30.96,33.8,17.));
#13327=CARTESIAN_POINT('Origin',(34.06,33.8,17.));
#13328=CARTESIAN_POINT('',(30.96,33.8,1.8));
#13329=CARTESIAN_POINT('Origin',(30.96,37.6130228604585,1.8));
#13330=CARTESIAN_POINT('',(30.96,36.6130228604585,17.));
#13331=CARTESIAN_POINT('',(30.96,18.8065114302293,17.));
#13332=CARTESIAN_POINT('',(30.96,40.9130228604585,12.7));
#13333=CARTESIAN_POINT('Origin',(-18.9427750024123,37.1130228604585,16.5));
#13334=CARTESIAN_POINT('',(-30.96,36.6130228604585,17.));
#13335=CARTESIAN_POINT('',(-18.9427750024123,36.6130228604585,17.));
#13336=CARTESIAN_POINT('',(-30.96,39.9597671453439,13.6532557151146));
#13337=CARTESIAN_POINT('Origin',(-30.96,33.8,1.8));
#13338=CARTESIAN_POINT('',(-30.96,33.8,17.));
#13339=CARTESIAN_POINT('',(-30.96,16.9,17.));
#13340=CARTESIAN_POINT('',(-30.96,33.8,1.8));
#13341=CARTESIAN_POINT('Origin',(-34.06,33.8,1.8));
#13342=CARTESIAN_POINT('',(-34.06,30.7,17.));
#13343=CARTESIAN_POINT('Origin',(-34.06,33.8,17.));
#13344=CARTESIAN_POINT('',(-34.06,30.7,1.8));
#13345=CARTESIAN_POINT('Origin',(-37.8855500048245,30.7,1.8));
#13346=CARTESIAN_POINT('',(-36.8855500048245,30.7,17.));
#13347=CARTESIAN_POINT('',(-18.9427750024123,30.7,17.));
#13348=CARTESIAN_POINT('',(-41.1855500048245,30.7,12.7));
#13349=CARTESIAN_POINT('Origin',(-37.3855500048245,-18.8065114302293,16.5));
#13350=CARTESIAN_POINT('',(-36.8855500048245,-30.8,17.));
#13351=CARTESIAN_POINT('',(-40.1166625036184,-30.8,13.7688875012061));
#13352=CARTESIAN_POINT('',(-36.8855500048245,-18.8065114302293,17.));
#13353=CARTESIAN_POINT('Origin',(-33.61,-30.8,1.8));
#13354=CARTESIAN_POINT('',(-33.61,-30.8,17.));
#13355=CARTESIAN_POINT('',(-16.805,-30.8,17.));
#13356=CARTESIAN_POINT('',(-33.61,-30.8,1.8));
#13357=CARTESIAN_POINT('Origin',(-33.61,-33.9,1.8));
#13358=CARTESIAN_POINT('',(-30.51,-33.9,17.));
#13359=CARTESIAN_POINT('Origin',(-33.61,-33.9,17.));
#13360=CARTESIAN_POINT('',(-30.51,-33.9,1.8));
#13361=CARTESIAN_POINT('Origin',(-30.51,-37.6130228604585,1.8));
#13362=CARTESIAN_POINT('',(-30.51,-36.6130228604585,17.));
#13363=CARTESIAN_POINT('',(-30.51,-18.8065114302293,17.));
#13364=CARTESIAN_POINT('',(-30.51,-40.9130228604585,12.7));
#13365=CARTESIAN_POINT('Origin',(18.9427750024123,-37.1130228604585,16.5));
#13366=CARTESIAN_POINT('',(30.441810877532,-36.6130228604585,17.));
#13367=CARTESIAN_POINT('',(30.441810877532,-38.8942658059751,14.7187570544834));
#13368=CARTESIAN_POINT('',(18.9427750024123,-36.6130228604585,17.));
#13369=CARTESIAN_POINT('Origin',(30.441810877532,-31.5379946425247,3.8));
#13370=CARTESIAN_POINT('',(30.441810877532,-34.0379946425247,17.));
#13371=CARTESIAN_POINT('',(30.441810877532,-15.7689973212624,17.));
#13372=CARTESIAN_POINT('',(30.441810877532,-34.0379946425247,3.8));
#13373=CARTESIAN_POINT('Origin',(32.941810877532,-34.0379946425247,3.8));
#13374=CARTESIAN_POINT('',(32.941810877532,-31.5379946425247,17.));
#13375=CARTESIAN_POINT('Origin',(32.941810877532,-34.0379946425247,17.));
#13376=CARTESIAN_POINT('',(32.941810877532,-31.5379946425247,3.8));
#13377=CARTESIAN_POINT('Origin',(37.8855500048245,-31.5379946425247,3.8));
#13378=CARTESIAN_POINT('',(36.8855500048245,-31.5379946425247,17.));
#13379=CARTESIAN_POINT('',(18.9427750024123,-31.5379946425247,17.));
#13380=CARTESIAN_POINT('',(40.6855500048245,-31.5379946425247,13.2));
#13381=CARTESIAN_POINT('Origin',(37.3855500048245,18.8065114302293,16.5));
#13382=CARTESIAN_POINT('',(36.8855500048245,24.939406145071,17.));
#13383=CARTESIAN_POINT('',(33.1953461128676,24.939406145071,20.690203891957));
#13384=CARTESIAN_POINT('',(36.8855500048245,18.8065114302293,17.));
#13385=CARTESIAN_POINT('',(36.8855500048245,12.6680657432359,17.));
#13386=CARTESIAN_POINT('',(36.8855500048245,18.8065114302293,17.));
#13387=CARTESIAN_POINT('',(36.7176753022832,12.6680657432359,17.1678747025413));
#13388=CARTESIAN_POINT('Origin',(37.2140511946592,12.6680657432359,19.));
#13389=CARTESIAN_POINT('',(23.1247344369967,12.6680657432359,17.));
#13390=CARTESIAN_POINT('',(18.6070255973296,12.6680657432359,17.));
#13391=CARTESIAN_POINT('',(23.1247344369967,12.6680657432359,19.));
#13392=CARTESIAN_POINT('Origin',(23.1247344369967,12.6680657432359,19.));
#13393=CARTESIAN_POINT('',(23.1247344369967,24.939406145071,17.));
#13394=CARTESIAN_POINT('',(23.1247344369967,6.33403287161795,17.));
#13395=CARTESIAN_POINT('',(23.1247344369967,24.939406145071,19.));
#13396=CARTESIAN_POINT('Origin',(23.1247344369967,24.939406145071,19.));
#13397=CARTESIAN_POINT('',(11.5623672184984,24.939406145071,17.));
#13398=CARTESIAN_POINT('Origin',(-35.3641872084236,-0.0883569085112423,
19.));
#13399=CARTESIAN_POINT('',(-35.3641872084236,-0.0883569085112423,18.6));
#13400=CARTESIAN_POINT('',(-31.827221066359,-0.0883569085112412,18.6));
#13401=CARTESIAN_POINT('',(-17.6820936042118,-0.0883569085112368,18.6));
#13402=CARTESIAN_POINT('',(-35.3641872084236,-0.0883569085112423,17.));
#13403=CARTESIAN_POINT('',(-35.3641872084236,-0.0883569085112423,19.));
#13404=CARTESIAN_POINT('',(-31.827221066359,-0.0883569085112412,17.));
#13405=CARTESIAN_POINT('',(-17.6820936042118,-0.0883569085112368,17.));
#13406=CARTESIAN_POINT('',(-31.827221066359,-0.0883569085112412,19.));
#13407=CARTESIAN_POINT('Origin',(-35.3641872084236,-1.08835690851125,19.));
#13408=CARTESIAN_POINT('',(-36.3641872084236,-1.08835690851124,18.6));
#13409=CARTESIAN_POINT('Origin',(-35.3641872084236,-1.08835690851125,18.6));
#13410=CARTESIAN_POINT('',(-36.3641872084236,-1.08835690851124,17.));
#13411=CARTESIAN_POINT('',(-36.3641872084236,-1.08835690851124,19.));
#13412=CARTESIAN_POINT('Origin',(-35.3641872084236,-1.08835690851125,17.));
#13413=CARTESIAN_POINT('Origin',(-36.3641872084236,-28.6055686620939,19.));
#13414=CARTESIAN_POINT('',(-36.3641872084236,-28.6055686620939,18.6));
#13415=CARTESIAN_POINT('',(-36.3641872084236,-14.3027843310469,18.6));
#13416=CARTESIAN_POINT('',(-36.3641872084236,-28.6055686620939,17.));
#13417=CARTESIAN_POINT('',(-36.3641872084236,-28.6055686620939,19.));
#13418=CARTESIAN_POINT('',(-36.3641872084236,-14.3027843310469,17.));
#13419=CARTESIAN_POINT('Origin',(-35.3641872084236,-28.6055686620939,19.));
#13420=CARTESIAN_POINT('',(-35.3641872084236,-29.6055686620939,18.6));
#13421=CARTESIAN_POINT('Origin',(-35.3641872084236,-28.6055686620939,18.6));
#13422=CARTESIAN_POINT('',(-35.3641872084236,-29.6055686620939,17.));
#13423=CARTESIAN_POINT('',(-35.3641872084236,-29.6055686620939,19.));
#13424=CARTESIAN_POINT('Origin',(-35.3641872084236,-28.6055686620939,17.));
#13425=CARTESIAN_POINT('Origin',(1.39530277742943,0.0877043794958537,18.8));
#13426=CARTESIAN_POINT('',(-17.3332099343936,-2.42525605446411,18.8));
#13427=CARTESIAN_POINT('',(-18.0003313447634,-0.927302520337826,18.8));
#13428=CARTESIAN_POINT('Ctrl Pts',(-17.3332099343936,-2.42525605446411,
18.8));
#13429=CARTESIAN_POINT('Ctrl Pts',(-17.5086250827976,-2.21193414401661,
18.8));
#13430=CARTESIAN_POINT('Ctrl Pts',(-17.8683180830634,-1.77451241225968,
18.8));
#13431=CARTESIAN_POINT('Ctrl Pts',(-17.9556099774545,-1.21430690365869,
18.8));
#13432=CARTESIAN_POINT('Ctrl Pts',(-18.0003313447634,-0.927302520337826,
18.8));
#13433=CARTESIAN_POINT('',(-15.2131549741427,-3.01461486107422,18.8));
#13434=CARTESIAN_POINT('Ctrl Pts',(-15.2131549741427,-3.01461486107422,
18.8));
#13435=CARTESIAN_POINT('Ctrl Pts',(-15.6591365471672,-3.01096337641495,
18.8));
#13436=CARTESIAN_POINT('Ctrl Pts',(-16.4252011637732,-3.00469120427883,
18.8));
#13437=CARTESIAN_POINT('Ctrl Pts',(-17.065623655334,-2.59601310077468,18.8));
#13438=CARTESIAN_POINT('Ctrl Pts',(-17.3332099343936,-2.42525605446411,
18.8));
#13439=CARTESIAN_POINT('',(-13.7684075261752,-2.76290981060577,18.8));
#13440=CARTESIAN_POINT('Ctrl Pts',(-13.7684075261752,-2.76290981060577,
18.8));
#13441=CARTESIAN_POINT('Ctrl Pts',(-13.9824051279643,-2.83618487212384,
18.8));
#13442=CARTESIAN_POINT('Ctrl Pts',(-14.4500242646795,-2.99630265252588,
18.8));
#13443=CARTESIAN_POINT('Ctrl Pts',(-14.9448029669786,-3.00817544269069,
18.8));
#13444=CARTESIAN_POINT('Ctrl Pts',(-15.2131549741427,-3.01461486107422,
18.8));
#13445=CARTESIAN_POINT('',(-12.8761832143466,-2.024165074888,18.8));
#13446=CARTESIAN_POINT('Ctrl Pts',(-12.8761832143466,-2.024165074888,18.8));
#13447=CARTESIAN_POINT('Ctrl Pts',(-12.994936870885,-2.17747247811606,18.8));
#13448=CARTESIAN_POINT('Ctrl Pts',(-13.2370844047928,-2.49007767027265,
18.8));
#13449=CARTESIAN_POINT('Ctrl Pts',(-13.5890515953264,-2.67081131060527,
18.8));
#13450=CARTESIAN_POINT('Ctrl Pts',(-13.7684075261752,-2.76290981060577,
18.8));
#13451=CARTESIAN_POINT('',(-12.5569478894869,-0.960044543805844,18.8));
#13452=CARTESIAN_POINT('Ctrl Pts',(-12.5569478894869,-0.960044543805844,
18.8));
#13453=CARTESIAN_POINT('Ctrl Pts',(-12.5703771013407,-1.14884846821093,
18.8));
#13454=CARTESIAN_POINT('Ctrl Pts',(-12.597300550097,-1.52737051693935,18.8));
#13455=CARTESIAN_POINT('Ctrl Pts',(-12.7830727683118,-1.85830047013491,
18.8));
#13456=CARTESIAN_POINT('Ctrl Pts',(-12.8761832143466,-2.024165074888,18.8));
#13457=CARTESIAN_POINT('',(-12.7963749791781,-0.0719138789804041,18.8));
#13458=CARTESIAN_POINT('Ctrl Pts',(-12.7963749791781,-0.0719138789804041,
18.8));
#13459=CARTESIAN_POINT('Ctrl Pts',(-12.7265469340217,-0.209380460282551,
18.8));
#13460=CARTESIAN_POINT('Ctrl Pts',(-12.5847304041185,-0.48856675991679,
18.8));
#13461=CARTESIAN_POINT('Ctrl Pts',(-12.5663023058651,-0.801297232338464,
18.8));
#13462=CARTESIAN_POINT('Ctrl Pts',(-12.5569478894869,-0.960044543805844,
18.8));
#13463=CARTESIAN_POINT('',(-13.561722459952,0.593161899980778,18.8));
#13464=CARTESIAN_POINT('Ctrl Pts',(-13.561722459952,0.593161899980778,18.8));
#13465=CARTESIAN_POINT('Ctrl Pts',(-13.4013426844314,0.503170766592125,
18.8));
#13466=CARTESIAN_POINT('Ctrl Pts',(-13.0997843459422,0.333962544574388,
18.8));
#13467=CARTESIAN_POINT('Ctrl Pts',(-12.893125212217,0.0575107297017041,
18.8));
#13468=CARTESIAN_POINT('Ctrl Pts',(-12.7963749791781,-0.0719138789804041,
18.8));
#13469=CARTESIAN_POINT('',(-15.3031961347262,1.12317474597382,18.8));
#13470=CARTESIAN_POINT('Ctrl Pts',(-15.3031961347262,1.12317474597382,18.8));
#13471=CARTESIAN_POINT('Ctrl Pts',(-14.9517470948379,1.04717054521272,18.8));
#13472=CARTESIAN_POINT('Ctrl Pts',(-14.3561340822046,0.918363560841706,
18.8));
#13473=CARTESIAN_POINT('Ctrl Pts',(-13.7926965174235,0.687713823695747,
18.8));
#13474=CARTESIAN_POINT('Ctrl Pts',(-13.561722459952,0.593161899980778,18.8));
#13475=CARTESIAN_POINT('',(-15.9252969648043,1.34418459647583,18.8));
#13476=CARTESIAN_POINT('Ctrl Pts',(-15.9252969648043,1.34418459647583,18.8));
#13477=CARTESIAN_POINT('Ctrl Pts',(-15.8528533397374,1.30281325235864,18.8));
#13478=CARTESIAN_POINT('Ctrl Pts',(-15.6596571296816,1.19248212410588,18.8));
#13479=CARTESIAN_POINT('Ctrl Pts',(-15.4402999786267,1.14983210284329,18.8));
#13480=CARTESIAN_POINT('Ctrl Pts',(-15.3031961347262,1.12317474597382,18.8));
#13481=CARTESIAN_POINT('',(-16.0603587056796,1.60202922337937,18.8));
#13482=CARTESIAN_POINT('Ctrl Pts',(-16.0603587056796,1.60202922337937,18.8));
#13483=CARTESIAN_POINT('Ctrl Pts',(-16.0534788653134,1.55445301502758,18.8));
#13484=CARTESIAN_POINT('Ctrl Pts',(-16.0388273512759,1.4531332972109,18.8));
#13485=CARTESIAN_POINT('Ctrl Pts',(-15.9646455679958,1.38194522890811,18.8));
#13486=CARTESIAN_POINT('Ctrl Pts',(-15.9252969648043,1.34418459647583,18.8));
#13487=CARTESIAN_POINT('',(-15.896647992293,1.9355899285643,18.8));
#13488=CARTESIAN_POINT('Ctrl Pts',(-15.896647992293,1.9355899285643,18.8));
#13489=CARTESIAN_POINT('Ctrl Pts',(-15.944388929629,1.88823848473598,18.8));
#13490=CARTESIAN_POINT('Ctrl Pts',(-16.0376269078461,1.79576118674862,18.8));
#13491=CARTESIAN_POINT('Ctrl Pts',(-16.05290399423,1.66556207265337,18.8));
#13492=CARTESIAN_POINT('Ctrl Pts',(-16.0603587056796,1.60202922337937,18.8));
#13493=CARTESIAN_POINT('',(-15.4096083070437,2.07269759887146,18.8));
#13494=CARTESIAN_POINT('Ctrl Pts',(-15.4096083070437,2.07269759887146,18.8));
#13495=CARTESIAN_POINT('Ctrl Pts',(-15.5067318731756,2.070019584497,18.8));
#13496=CARTESIAN_POINT('Ctrl Pts',(-15.6814576102517,2.06520182446085,18.8));
#13497=CARTESIAN_POINT('Ctrl Pts',(-15.8304672794907,1.97545141111166,18.8));
#13498=CARTESIAN_POINT('Ctrl Pts',(-15.896647992293,1.9355899285643,18.8));
#13499=CARTESIAN_POINT('',(-14.7936467553774,1.88852312081742,18.8));
#13500=CARTESIAN_POINT('Ctrl Pts',(-14.7936467553774,1.88852312081742,18.8));
#13501=CARTESIAN_POINT('Ctrl Pts',(-14.879766250754,1.94214323526596,18.8));
#13502=CARTESIAN_POINT('Ctrl Pts',(-15.067587727683,2.05908550303924,18.8));
#13503=CARTESIAN_POINT('Ctrl Pts',(-15.2894654666841,2.06791602736607,18.8));
#13504=CARTESIAN_POINT('Ctrl Pts',(-15.4096083070437,2.07269759887146,18.8));
#13505=CARTESIAN_POINT('',(-14.5010129834811,1.29916461223053,18.8));
#13506=CARTESIAN_POINT('Ctrl Pts',(-14.5010129834811,1.29916461223053,18.8));
#13507=CARTESIAN_POINT('Ctrl Pts',(-14.5264316638236,1.42128306829024,18.8));
#13508=CARTESIAN_POINT('Ctrl Pts',(-14.5728390166595,1.64423698256773,18.8));
#13509=CARTESIAN_POINT('Ctrl Pts',(-14.7248821466441,1.81244679843281,18.8));
#13510=CARTESIAN_POINT('Ctrl Pts',(-14.7936467553774,1.88852312081742,18.8));
#13511=CARTESIAN_POINT('',(-12.7534000302951,1.40148343556809,18.8));
#13512=CARTESIAN_POINT('',(-12.7534000302951,1.40148343556809,18.8));
#13513=CARTESIAN_POINT('',(-13.4716812993685,2.76232929938721,18.8));
#13514=CARTESIAN_POINT('Ctrl Pts',(-13.4716812993685,2.76232929938721,18.8));
#13515=CARTESIAN_POINT('Ctrl Pts',(-13.2898763568036,2.58931073380455,18.8));
#13516=CARTESIAN_POINT('Ctrl Pts',(-12.8997999039265,2.21808612685937,18.8));
#13517=CARTESIAN_POINT('Ctrl Pts',(-12.8043585438466,1.68572452320159,18.8));
#13518=CARTESIAN_POINT('Ctrl Pts',(-12.7534000302951,1.40148343556809,18.8));
#13519=CARTESIAN_POINT('',(-15.2254335309664,3.19002362006592,18.8));
#13520=CARTESIAN_POINT('Ctrl Pts',(-15.2254335309664,3.19002362006592,18.8));
#13521=CARTESIAN_POINT('Ctrl Pts',(-14.8803177916432,3.18212733842114,18.8));
#13522=CARTESIAN_POINT('Ctrl Pts',(-14.2619840455383,3.1679798022372,18.8));
#13523=CARTESIAN_POINT('Ctrl Pts',(-13.7138713240794,2.8866417932832,18.8));
#13524=CARTESIAN_POINT('Ctrl Pts',(-13.4716812993685,2.76232929938721,18.8));
#13525=CARTESIAN_POINT('',(-16.7008773709933,2.95468958133149,18.8));
#13526=CARTESIAN_POINT('Ctrl Pts',(-16.7008773709933,2.95468958133148,18.8));
#13527=CARTESIAN_POINT('Ctrl Pts',(-16.4898651985225,3.02308333011649,18.8));
#13528=CARTESIAN_POINT('Ctrl Pts',(-16.0112177864062,3.17822362594657,18.8));
#13529=CARTESIAN_POINT('Ctrl Pts',(-15.5072350133107,3.18579185312548,18.8));
#13530=CARTESIAN_POINT('Ctrl Pts',(-15.2254335309664,3.19002362006592,18.8));
#13531=CARTESIAN_POINT('',(-17.5071523811022,2.3080316376059,18.8));
#13532=CARTESIAN_POINT('Ctrl Pts',(-17.5071523811022,2.3080316376059,18.8));
#13533=CARTESIAN_POINT('Ctrl Pts',(-17.4026062595153,2.43947290999195,18.8));
#13534=CARTESIAN_POINT('Ctrl Pts',(-17.1830581598404,2.71550114645972,18.8));
#13535=CARTESIAN_POINT('Ctrl Pts',(-16.8666275776117,2.8724682788289,18.8));
#13536=CARTESIAN_POINT('Ctrl Pts',(-16.7008773709933,2.95468958133148,18.8));
#13537=CARTESIAN_POINT('',(-17.7752290393511,1.43422575705933,18.8));
#13538=CARTESIAN_POINT('Ctrl Pts',(-17.7752290393511,1.43422575705933,18.8));
#13539=CARTESIAN_POINT('Ctrl Pts',(-17.7633650576906,1.58731025207525,18.8));
#13540=CARTESIAN_POINT('Ctrl Pts',(-17.7392535813881,1.8984278245294,18.8));
#13541=CARTESIAN_POINT('Ctrl Pts',(-17.5853355126117,2.17005687166289,18.8));
#13542=CARTESIAN_POINT('Ctrl Pts',(-17.5071523811022,2.3080316376059,18.8));
#13543=CARTESIAN_POINT('',(-17.2513542796771,0.27597220652985,18.8));
#13544=CARTESIAN_POINT('Ctrl Pts',(-17.2513542796771,0.27597220652985,18.8));
#13545=CARTESIAN_POINT('Ctrl Pts',(-17.4041502695948,0.438311144673927,
18.8));
#13546=CARTESIAN_POINT('Ctrl Pts',(-17.7110712251342,0.764400998493091,
18.8));
#13547=CARTESIAN_POINT('Ctrl Pts',(-17.7537814558097,1.210307242334,18.8));
#13548=CARTESIAN_POINT('Ctrl Pts',(-17.7752290393511,1.43422575705933,18.8));
#13549=CARTESIAN_POINT('',(-15.5119274284045,-0.452541391912228,18.8));
#13550=CARTESIAN_POINT('Ctrl Pts',(-15.5119274284045,-0.452541391912228,
18.8));
#13551=CARTESIAN_POINT('Ctrl Pts',(-15.8700769141297,-0.36868391688032,
18.8));
#13552=CARTESIAN_POINT('Ctrl Pts',(-16.4925969055884,-0.22292647000057,
18.8));
#13553=CARTESIAN_POINT('Ctrl Pts',(-17.0251785890457,0.127257009059972,
18.8));
#13554=CARTESIAN_POINT('Ctrl Pts',(-17.2513542796771,0.27597220652985,18.8));
#13555=CARTESIAN_POINT('',(-14.5624045755068,-0.800426881376034,18.8));
#13556=CARTESIAN_POINT('Ctrl Pts',(-14.5624045755068,-0.800426881376034,
18.8));
#13557=CARTESIAN_POINT('Ctrl Pts',(-14.6737254701589,-0.735918760649289,
18.8));
#13558=CARTESIAN_POINT('Ctrl Pts',(-14.9684812341171,-0.565113985267678,
18.8));
#13559=CARTESIAN_POINT('Ctrl Pts',(-15.3034603972886,-0.495724460573879,
18.8));
#13560=CARTESIAN_POINT('Ctrl Pts',(-15.5119274284045,-0.452541391912228,
18.8));
#13561=CARTESIAN_POINT('',(-14.3577663327853,-1.2178894687326,18.8));
#13562=CARTESIAN_POINT('Ctrl Pts',(-14.3577663327853,-1.2178894687326,18.8));
#13563=CARTESIAN_POINT('Ctrl Pts',(-14.3677922144251,-1.14086540625106,
18.8));
#13564=CARTESIAN_POINT('Ctrl Pts',(-14.3888359338833,-0.979196555508207,
18.8));
#13565=CARTESIAN_POINT('Ctrl Pts',(-14.5027583416303,-0.861860431201529,
18.8));
#13566=CARTESIAN_POINT('Ctrl Pts',(-14.5624045755068,-0.800426881376034,
18.8));
#13567=CARTESIAN_POINT('',(-14.5726369048754,-1.64967624432159,18.8));
#13568=CARTESIAN_POINT('Ctrl Pts',(-14.5726369048754,-1.64967624432159,
18.8));
#13569=CARTESIAN_POINT('Ctrl Pts',(-14.5099992113215,-1.58699033320049,
18.8));
#13570=CARTESIAN_POINT('Ctrl Pts',(-14.3897730178684,-1.46667159140751,
18.8));
#13571=CARTESIAN_POINT('Ctrl Pts',(-14.3681322758124,-1.298462052339,18.8));
#13572=CARTESIAN_POINT('Ctrl Pts',(-14.3577663327853,-1.2178894687326,18.8));
#13573=CARTESIAN_POINT('',(-15.1845060016314,-1.835897247854,18.8));
#13574=CARTESIAN_POINT('Ctrl Pts',(-15.1845060016314,-1.835897247854,18.8));
#13575=CARTESIAN_POINT('Ctrl Pts',(-15.0638023960414,-1.83137959134701,
18.8));
#13576=CARTESIAN_POINT('Ctrl Pts',(-14.8424969005842,-1.82309663901351,
18.8));
#13577=CARTESIAN_POINT('Ctrl Pts',(-14.6569730425521,-1.70387325949706,
18.8));
#13578=CARTESIAN_POINT('Ctrl Pts',(-14.5726369048754,-1.64967624432159,
18.8));
#13579=CARTESIAN_POINT('',(-16.0030595685641,-1.47164074665619,18.8));
#13580=CARTESIAN_POINT('Ctrl Pts',(-16.0030595685641,-1.47164074665619,
18.8));
#13581=CARTESIAN_POINT('Ctrl Pts',(-15.8940078872726,-1.57783482077513,
18.8));
#13582=CARTESIAN_POINT('Ctrl Pts',(-15.6667665601462,-1.79912148091601,
18.8));
#13583=CARTESIAN_POINT('Ctrl Pts',(-15.3495120638336,-1.82331437251875,
18.8));
#13584=CARTESIAN_POINT('Ctrl Pts',(-15.1845060016314,-1.835897247854,18.8));
#13585=CARTESIAN_POINT('',(-16.2363473798434,-0.816797893110043,18.8));
#13586=CARTESIAN_POINT('Ctrl Pts',(-16.2363473798434,-0.816797893110043,
18.8));
#13587=CARTESIAN_POINT('Ctrl Pts',(-16.216114523328,-0.946252519510894,
18.8));
#13588=CARTESIAN_POINT('Ctrl Pts',(-16.1795983970904,-1.17989137698433,
18.8));
#13589=CARTESIAN_POINT('Ctrl Pts',(-16.05750392932,-1.38166559464394,18.8));
#13590=CARTESIAN_POINT('Ctrl Pts',(-16.0030595685641,-1.47164074665619,
18.8));
#13591=CARTESIAN_POINT('',(-18.0003313447634,-0.927302520337826,18.8));
#13592=CARTESIAN_POINT('Origin',(1.39530277742943,0.0877043794958537,18.8));
#13593=CARTESIAN_POINT('',(-3.97441071526209,1.97651745789933,18.8));
#13594=CARTESIAN_POINT('',(-4.2240683461825,1.35237010234284,18.8));
#13595=CARTESIAN_POINT('Ctrl Pts',(-3.97441071526209,1.97651745789933,18.8));
#13596=CARTESIAN_POINT('Ctrl Pts',(-4.03186813955449,1.89738107600383,18.8));
#13597=CARTESIAN_POINT('Ctrl Pts',(-4.16684700492694,1.71147404711273,18.8));
#13598=CARTESIAN_POINT('Ctrl Pts',(-4.20319364294693,1.48337346775358,18.8));
#13599=CARTESIAN_POINT('Ctrl Pts',(-4.2240683461825,1.35237010234284,18.8));
#13600=CARTESIAN_POINT('',(-3.49555653587977,2.15455325358796,18.8));
#13601=CARTESIAN_POINT('Ctrl Pts',(-3.49555653587977,2.15455325358796,18.8));
#13602=CARTESIAN_POINT('Ctrl Pts',(-3.58786704242082,2.14836501966848,18.8));
#13603=CARTESIAN_POINT('Ctrl Pts',(-3.76554678700461,2.13645387473561,18.8));
#13604=CARTESIAN_POINT('Ctrl Pts',(-3.90662655494367,2.02842280991502,18.8));
#13605=CARTESIAN_POINT('Ctrl Pts',(-3.97441071526209,1.97651745789933,18.8));
#13606=CARTESIAN_POINT('',(-3.04535073296229,1.99084254020142,18.8));
#13607=CARTESIAN_POINT('Ctrl Pts',(-3.04535073296229,1.99084254020142,18.8));
#13608=CARTESIAN_POINT('Ctrl Pts',(-3.10759490681963,2.03854591064622,18.8));
#13609=CARTESIAN_POINT('Ctrl Pts',(-3.23996586778762,2.13999381485749,18.8));
#13610=CARTESIAN_POINT('Ctrl Pts',(-3.40704319418174,2.14951118931816,18.8));
#13611=CARTESIAN_POINT('Ctrl Pts',(-3.49555653587977,2.15455325358796,18.8));
#13612=CARTESIAN_POINT('',(-2.8816406156222,1.55291589015412,18.8));
#13613=CARTESIAN_POINT('Ctrl Pts',(-2.8816406156222,1.55291589015412,18.8));
#13614=CARTESIAN_POINT('Ctrl Pts',(-2.88707210400234,1.63827356349674,18.8));
#13615=CARTESIAN_POINT('Ctrl Pts',(-2.89744359763247,1.80126508688716,18.8));
#13616=CARTESIAN_POINT('Ctrl Pts',(-2.99763090939953,1.92967846854619,18.8));
#13617=CARTESIAN_POINT('Ctrl Pts',(-3.04535073296229,1.99084254020142,18.8));
#13618=CARTESIAN_POINT('',(-3.10060423866907,1.05769069903779,18.8));
#13619=CARTESIAN_POINT('Ctrl Pts',(-3.10060423866907,1.05769069903779,18.8));
#13620=CARTESIAN_POINT('Ctrl Pts',(-3.03674423551582,1.12975185339072,18.8));
#13621=CARTESIAN_POINT('Ctrl Pts',(-2.91095951264552,1.27169034199751,18.8));
#13622=CARTESIAN_POINT('Ctrl Pts',(-2.89131282206827,1.46014051877786,18.8));
#13623=CARTESIAN_POINT('Ctrl Pts',(-2.8816406156222,1.55291589015412,18.8));
#13624=CARTESIAN_POINT('',(-3.64698809639612,0.84896000140595,18.8));
#13625=CARTESIAN_POINT('Ctrl Pts',(-3.64698809639612,0.84896000140595,18.8));
#13626=CARTESIAN_POINT('Ctrl Pts',(-3.54321212847531,0.85686388362099,18.8));
#13627=CARTESIAN_POINT('Ctrl Pts',(-3.34013905468131,0.872330524775701,
18.8));
#13628=CARTESIAN_POINT('Ctrl Pts',(-3.17926647319254,0.996819190912767,
18.8));
#13629=CARTESIAN_POINT('Ctrl Pts',(-3.10060423866907,1.05769069903779,18.8));
#13630=CARTESIAN_POINT('',(-3.86390608803431,0.869423468050237,18.8));
#13631=CARTESIAN_POINT('Ctrl Pts',(-3.86390608803431,0.869423468050237,
18.8));
#13632=CARTESIAN_POINT('Ctrl Pts',(-3.82270988530491,0.863496576189009,
18.8));
#13633=CARTESIAN_POINT('Ctrl Pts',(-3.75071982817354,0.853139376849452,
18.8));
#13634=CARTESIAN_POINT('Ctrl Pts',(-3.67806591584826,0.850212133933098,
18.8));
#13635=CARTESIAN_POINT('Ctrl Pts',(-3.64698809639612,0.84896000140595,18.8));
#13636=CARTESIAN_POINT('',(-3.94985360161463,-0.321572701993709,18.8));
#13637=CARTESIAN_POINT('',(-3.94985360161463,-0.321572701993709,18.8));
#13638=CARTESIAN_POINT('',(-3.40960902229944,-0.223346035543208,18.8));
#13639=CARTESIAN_POINT('Ctrl Pts',(-3.40960902229944,-0.223346035543208,
18.8));
#13640=CARTESIAN_POINT('Ctrl Pts',(-3.48774027697961,-0.22938665873856,
18.8));
#13641=CARTESIAN_POINT('Ctrl Pts',(-3.67101396890556,-0.243556241949243,
18.8));
#13642=CARTESIAN_POINT('Ctrl Pts',(-3.8482022873558,-0.293131710229761,
18.8));
#13643=CARTESIAN_POINT('Ctrl Pts',(-3.94985360161463,-0.321572701993709,
18.8));
#13644=CARTESIAN_POINT('',(-2.8263894941012,-0.452541391912227,18.8));
#13645=CARTESIAN_POINT('Ctrl Pts',(-2.8263894941012,-0.452541391912227,
18.8));
#13646=CARTESIAN_POINT('Ctrl Pts',(-2.90695710565977,-0.385729625319241,
18.8));
#13647=CARTESIAN_POINT('Ctrl Pts',(-3.0756864639485,-0.245808554242468,
18.8));
#13648=CARTESIAN_POINT('Ctrl Pts',(-3.29501106448125,-0.231054885113302,
18.8));
#13649=CARTESIAN_POINT('Ctrl Pts',(-3.40960902229944,-0.223346035543208,
18.8));
#13650=CARTESIAN_POINT('',(-2.61151713387171,-1.09919873959136,18.8));
#13651=CARTESIAN_POINT('Ctrl Pts',(-2.61151713387171,-1.09919873959136,
18.8));
#13652=CARTESIAN_POINT('Ctrl Pts',(-2.61730268044514,-0.97149978411796,
18.8));
#13653=CARTESIAN_POINT('Ctrl Pts',(-2.62803221527749,-0.734676802327356,
18.8));
#13654=CARTESIAN_POINT('Ctrl Pts',(-2.76382053293875,-0.541536964151893,
18.8));
#13655=CARTESIAN_POINT('Ctrl Pts',(-2.8263894941012,-0.452541391912227,
18.8));
#13656=CARTESIAN_POINT('',(-2.83457440392176,-1.75404218918396,18.8));
#13657=CARTESIAN_POINT('Ctrl Pts',(-2.83457440392176,-1.75404218918396,
18.8));
#13658=CARTESIAN_POINT('Ctrl Pts',(-2.76957466583593,-1.66180467156814,
18.8));
#13659=CARTESIAN_POINT('Ctrl Pts',(-2.6315845062387,-1.46599050136564,18.8));
#13660=CARTESIAN_POINT('Ctrl Pts',(-2.6184596020363,-1.22609328674889,18.8));
#13661=CARTESIAN_POINT('Ctrl Pts',(-2.61151713387171,-1.09919873959136,
18.8));
#13662=CARTESIAN_POINT('',(-3.39323681847254,-1.99960796124053,18.8));
#13663=CARTESIAN_POINT('Ctrl Pts',(-3.39323681847254,-1.99960796124053,
18.8));
#13664=CARTESIAN_POINT('Ctrl Pts',(-3.28618084742221,-1.98951162007605,
18.8));
#13665=CARTESIAN_POINT('Ctrl Pts',(-3.07277268106897,-1.96938531013135,
18.8));
#13666=CARTESIAN_POINT('Ctrl Pts',(-2.91379907567523,-1.82566524320328,
18.8));
#13667=CARTESIAN_POINT('Ctrl Pts',(-2.83457440392176,-1.75404218918396,
18.8));
#13668=CARTESIAN_POINT('',(-3.9191572095553,-1.80520145184112,18.8));
#13669=CARTESIAN_POINT('Ctrl Pts',(-3.9191572095553,-1.80520145184112,18.8));
#13670=CARTESIAN_POINT('Ctrl Pts',(-3.8439304598539,-1.8618865227225,18.8));
#13671=CARTESIAN_POINT('Ctrl Pts',(-3.68838235703079,-1.97909556430666,
18.8));
#13672=CARTESIAN_POINT('Ctrl Pts',(-3.49374363878072,-1.99262281146394,
18.8));
#13673=CARTESIAN_POINT('Ctrl Pts',(-3.39323681847254,-1.99960796124053,
18.8));
#13674=CARTESIAN_POINT('',(-4.2240683461825,-1.10738424545837,18.8));
#13675=CARTESIAN_POINT('Ctrl Pts',(-4.2240683461825,-1.10738424545837,18.8));
#13676=CARTESIAN_POINT('Ctrl Pts',(-4.19379049317533,-1.25478344707995,
18.8));
#13677=CARTESIAN_POINT('Ctrl Pts',(-4.14131645745461,-1.51023851416355,
18.8));
#13678=CARTESIAN_POINT('Ctrl Pts',(-3.98519541543275,-1.71752190039883,
18.8));
#13679=CARTESIAN_POINT('Ctrl Pts',(-3.9191572095553,-1.80520145184112,18.8));
#13680=CARTESIAN_POINT('',(-5.88982624069849,-1.32839409596038,18.8));
#13681=CARTESIAN_POINT('',(-5.88982624069849,-1.32839409596038,18.8));
#13682=CARTESIAN_POINT('',(-5.42120379463831,-2.25949911362243,18.8));
#13683=CARTESIAN_POINT('Ctrl Pts',(-5.42120379463831,-2.25949911362243,
18.8));
#13684=CARTESIAN_POINT('Ctrl Pts',(-5.51817572801522,-2.12379462403642,
18.8));
#13685=CARTESIAN_POINT('Ctrl Pts',(-5.72244997825209,-1.83792909677905,
18.8));
#13686=CARTESIAN_POINT('Ctrl Pts',(-5.83218435538214,-1.503870341233,18.8));
#13687=CARTESIAN_POINT('Ctrl Pts',(-5.88982624069849,-1.32839409596038,
18.8));
#13688=CARTESIAN_POINT('',(-4.64357775704066,-2.82225457912994,18.8));
#13689=CARTESIAN_POINT('Ctrl Pts',(-4.64357775704066,-2.82225457912994,
18.8));
#13690=CARTESIAN_POINT('Ctrl Pts',(-4.79330439762592,-2.75174436841478,
18.8));
#13691=CARTESIAN_POINT('Ctrl Pts',(-5.08798882507815,-2.61296972555289,
18.8));
#13692=CARTESIAN_POINT('Ctrl Pts',(-5.31133694617568,-2.3760446043854,18.8));
#13693=CARTESIAN_POINT('Ctrl Pts',(-5.42120379463831,-2.25949911362243,
18.8));
#13694=CARTESIAN_POINT('',(-3.35230988518397,-3.01461486107421,18.8));
#13695=CARTESIAN_POINT('Ctrl Pts',(-3.35230988518397,-3.01461486107421,
18.8));
#13696=CARTESIAN_POINT('Ctrl Pts',(-3.59836329426896,-3.01119370574072,
18.8));
#13697=CARTESIAN_POINT('Ctrl Pts',(-4.03809017663766,-3.00507969181793,
18.8));
#13698=CARTESIAN_POINT('Ctrl Pts',(-4.45843911340031,-2.87815662317173,
18.8));
#13699=CARTESIAN_POINT('Ctrl Pts',(-4.64357775704066,-2.82225457912994,
18.8));
#13700=CARTESIAN_POINT('',(-1.99760359779993,-2.75472430473876,18.8));
#13701=CARTESIAN_POINT('Ctrl Pts',(-1.99760359779993,-2.75472430473876,
18.8));
#13702=CARTESIAN_POINT('Ctrl Pts',(-2.19427852505768,-2.83034332403377,
18.8));
#13703=CARTESIAN_POINT('Ctrl Pts',(-2.62943716886708,-2.99765631273764,
18.8));
#13704=CARTESIAN_POINT('Ctrl Pts',(-3.09639757603429,-3.00861117444076,
18.8));
#13705=CARTESIAN_POINT('Ctrl Pts',(-3.35230988518397,-3.01461486107421,
18.8));
#13706=CARTESIAN_POINT('',(-1.20769900337855,-2.0139327455194,18.8));
#13707=CARTESIAN_POINT('Ctrl Pts',(-1.20769900337855,-2.0139327455194,18.8));
#13708=CARTESIAN_POINT('Ctrl Pts',(-1.31011404520077,-2.16549897226251,
18.8));
#13709=CARTESIAN_POINT('Ctrl Pts',(-1.51727806669116,-2.47208547064753,
18.8));
#13710=CARTESIAN_POINT('Ctrl Pts',(-1.83629705044431,-2.65980639693854,
18.8));
#13711=CARTESIAN_POINT('Ctrl Pts',(-1.99760359779993,-2.75472430473876,
18.8));
#13712=CARTESIAN_POINT('',(-0.933481874624884,-1.00915757900787,18.8));
#13713=CARTESIAN_POINT('Ctrl Pts',(-0.933481874624884,-1.00915757900787,
18.8));
#13714=CARTESIAN_POINT('Ctrl Pts',(-0.945556425453558,-1.183120434871,18.8));
#13715=CARTESIAN_POINT('Ctrl Pts',(-0.970060874143166,-1.53616577261347,
18.8));
#13716=CARTESIAN_POINT('Ctrl Pts',(-1.12772418454107,-1.85314488194035,
18.8));
#13717=CARTESIAN_POINT('Ctrl Pts',(-1.20769900337855,-2.0139327455194,18.8));
#13718=CARTESIAN_POINT('',(-1.09924000755945,-0.290876309934383,18.8));
#13719=CARTESIAN_POINT('Ctrl Pts',(-1.09924000755945,-0.290876309934383,
18.8));
#13720=CARTESIAN_POINT('Ctrl Pts',(-1.05092804526109,-0.39923638825372,
18.8));
#13721=CARTESIAN_POINT('Ctrl Pts',(-0.949113514177742,-0.627598682753474,
18.8));
#13722=CARTESIAN_POINT('Ctrl Pts',(-0.938866554554578,-0.877720788662946,
18.8));
#13723=CARTESIAN_POINT('Ctrl Pts',(-0.933481874624884,-1.00915757900787,
18.8));
#13724=CARTESIAN_POINT('',(-1.56376761452357,0.194116551813359,18.8));
#13725=CARTESIAN_POINT('Ctrl Pts',(-1.56376761452357,0.194116551813359,
18.8));
#13726=CARTESIAN_POINT('Ctrl Pts',(-1.46987883559237,0.128153003250164,
18.8));
#13727=CARTESIAN_POINT('Ctrl Pts',(-1.28316271705084,-0.00302835721859518,
18.8));
#13728=CARTESIAN_POINT('Ctrl Pts',(-1.16031478973781,-0.195291316318218,
18.8));
#13729=CARTESIAN_POINT('Ctrl Pts',(-1.09924000755945,-0.290876309934383,
18.8));
#13730=CARTESIAN_POINT('',(-2.09582966820399,0.394661743578191,18.8));
#13731=CARTESIAN_POINT('Ctrl Pts',(-2.09582966820399,0.394661743578191,
18.8));
#13732=CARTESIAN_POINT('Ctrl Pts',(-1.9918728509231,0.367849083887989,18.8));
#13733=CARTESIAN_POINT('Ctrl Pts',(-1.80707932418311,0.320186928821773,
18.8));
#13734=CARTESIAN_POINT('Ctrl Pts',(-1.63781234024148,0.232482343989183,
18.8));
#13735=CARTESIAN_POINT('Ctrl Pts',(-1.56376761452357,0.194116551813359,
18.8));
#13736=CARTESIAN_POINT('',(-1.45326537148157,0.947186071810002,18.8));
#13737=CARTESIAN_POINT('Ctrl Pts',(-1.45326537148157,0.947186071810002,
18.8));
#13738=CARTESIAN_POINT('Ctrl Pts',(-1.53747159034815,0.843111450140133,
18.8));
#13739=CARTESIAN_POINT('Ctrl Pts',(-1.71782308690486,0.620206134780077,
18.8));
#13740=CARTESIAN_POINT('Ctrl Pts',(-1.96438673247102,0.473089523369201,
18.8));
#13741=CARTESIAN_POINT('Ctrl Pts',(-2.09582966820399,0.394661743578191,
18.8));
#13742=CARTESIAN_POINT('',(-1.24044102684656,1.6511422585814,18.8));
#13743=CARTESIAN_POINT('Ctrl Pts',(-1.24044102684656,1.6511422585814,18.8));
#13744=CARTESIAN_POINT('Ctrl Pts',(-1.24909728913789,1.52492307163961,18.8));
#13745=CARTESIAN_POINT('Ctrl Pts',(-1.26630771167277,1.2739734739762,18.8));
#13746=CARTESIAN_POINT('Ctrl Pts',(-1.39119311537258,1.05568353236443,18.8));
#13747=CARTESIAN_POINT('Ctrl Pts',(-1.45326537148157,0.947186071810002,
18.8));
#13748=CARTESIAN_POINT('',(-1.76431578652064,2.75209756606507,18.8));
#13749=CARTESIAN_POINT('Ctrl Pts',(-1.76431578652064,2.75209756606507,18.8));
#13750=CARTESIAN_POINT('Ctrl Pts',(-1.61152185557341,2.59769554080664,18.8));
#13751=CARTESIAN_POINT('Ctrl Pts',(-1.30850659010916,2.29149116225669,18.8));
#13752=CARTESIAN_POINT('Ctrl Pts',(-1.26300076661247,1.86338034101028,18.8));
#13753=CARTESIAN_POINT('Ctrl Pts',(-1.24044102684656,1.6511422585814,18.8));
#13754=CARTESIAN_POINT('',(-3.46281451241175,3.19002362006592,18.8));
#13755=CARTESIAN_POINT('Ctrl Pts',(-3.46281451241175,3.19002362006592,18.8));
#13756=CARTESIAN_POINT('Ctrl Pts',(-3.11656099717096,3.1849772217421,18.8));
#13757=CARTESIAN_POINT('Ctrl Pts',(-2.51140145838665,3.17615745256217,18.8));
#13758=CARTESIAN_POINT('Ctrl Pts',(-1.98817030518479,2.87916160349933,18.8));
#13759=CARTESIAN_POINT('Ctrl Pts',(-1.76431578652064,2.75209756606507,18.8));
#13760=CARTESIAN_POINT('',(-5.04466933266321,2.78893204444336,18.8));
#13761=CARTESIAN_POINT('Ctrl Pts',(-5.04466933266321,2.78893204444336,18.8));
#13762=CARTESIAN_POINT('Ctrl Pts',(-4.8241773641177,2.90558221027671,18.8));
#13763=CARTESIAN_POINT('Ctrl Pts',(-4.33133146472076,3.16631985198846,18.8));
#13764=CARTESIAN_POINT('Ctrl Pts',(-3.77194161440769,3.1815868507977,18.8));
#13765=CARTESIAN_POINT('Ctrl Pts',(-3.46281451241175,3.19002362006592,18.8));
#13766=CARTESIAN_POINT('',(-5.799785080115,1.63477124684739,18.8));
#13767=CARTESIAN_POINT('Ctrl Pts',(-5.799785080115,1.63477124684739,18.8));
#13768=CARTESIAN_POINT('Ctrl Pts',(-5.72253995420312,1.86867692039604,18.8));
#13769=CARTESIAN_POINT('Ctrl Pts',(-5.57309974300654,2.32119625857497,18.8));
#13770=CARTESIAN_POINT('Ctrl Pts',(-5.21679930991613,2.63657262567033,18.8));
#13771=CARTESIAN_POINT('Ctrl Pts',(-5.04466933266321,2.78893204444336,18.8));
#13772=CARTESIAN_POINT('',(-4.2240683461825,1.35237010234284,18.8));
#13773=CARTESIAN_POINT('Origin',(1.39530277742943,0.0877043794958537,18.8));
#13774=CARTESIAN_POINT('',(4.62858992560705,-1.55349640137268,18.8));
#13775=CARTESIAN_POINT('',(4.62858992560705,-2.91229573971344,18.8));
#13776=CARTESIAN_POINT('',(4.62858992560705,-1.55349640137268,18.8));
#13777=CARTESIAN_POINT('',(2.02558833106359,-1.55349640137268,18.8));
#13778=CARTESIAN_POINT('',(2.02558833106359,-1.55349640137268,18.8));
#13779=CARTESIAN_POINT('',(2.42463427527746,-1.18923990017486,18.8));
#13780=CARTESIAN_POINT('Ctrl Pts',(2.42463427527746,-1.18923990017486,18.8));
#13781=CARTESIAN_POINT('Ctrl Pts',(2.36252764631263,-1.24218786947587,18.8));
#13782=CARTESIAN_POINT('Ctrl Pts',(2.22540555665837,-1.35908901697844,18.8));
#13783=CARTESIAN_POINT('Ctrl Pts',(2.09624711451514,-1.48475063015898,18.8));
#13784=CARTESIAN_POINT('Ctrl Pts',(2.02558833106359,-1.55349640137268,18.8));
#13785=CARTESIAN_POINT('',(3.0978949640592,-0.702200214925532,18.8));
#13786=CARTESIAN_POINT('Ctrl Pts',(3.0978949640592,-0.702200214925532,18.8));
#13787=CARTESIAN_POINT('Ctrl Pts',(2.95683987634859,-0.799330414300189,
18.8));
#13788=CARTESIAN_POINT('Ctrl Pts',(2.72862673767405,-0.956477441175622,
18.8));
#13789=CARTESIAN_POINT('Ctrl Pts',(2.50864762653059,-1.12491213996568,18.8));
#13790=CARTESIAN_POINT('Ctrl Pts',(2.42463427527746,-1.18923990017486,18.8));
#13791=CARTESIAN_POINT('',(4.26637965186437,0.394661743578191,18.8));
#13792=CARTESIAN_POINT('Ctrl Pts',(4.26637965186437,0.394661743578191,18.8));
#13793=CARTESIAN_POINT('Ctrl Pts',(4.12175343050424,0.213501312380145,18.8));
#13794=CARTESIAN_POINT('Ctrl Pts',(3.78562700004819,-0.207534434151969,
18.8));
#13795=CARTESIAN_POINT('Ctrl Pts',(3.34750485639839,-0.522663032096451,
18.8));
#13796=CARTESIAN_POINT('Ctrl Pts',(3.0978949640592,-0.702200214925532,18.8));
#13797=CARTESIAN_POINT('',(4.58766299231848,1.44241096490311,18.8));
#13798=CARTESIAN_POINT('Ctrl Pts',(4.58766299231848,1.44241096490311,18.8));
#13799=CARTESIAN_POINT('Ctrl Pts',(4.57318155438422,1.25996560397499,18.8));
#13800=CARTESIAN_POINT('Ctrl Pts',(4.54359450577064,0.887211200192122,18.8));
#13801=CARTESIAN_POINT('Ctrl Pts',(4.3600751205137,0.561137859558688,18.8));
#13802=CARTESIAN_POINT('Ctrl Pts',(4.26637965186437,0.394661743578191,18.8));
#13803=CARTESIAN_POINT('',(4.30730896933874,2.37351628058838,18.8));
#13804=CARTESIAN_POINT('Ctrl Pts',(4.30730896933874,2.37351628058838,18.8));
#13805=CARTESIAN_POINT('Ctrl Pts',(4.3890778394869,2.23021992854682,18.8));
#13806=CARTESIAN_POINT('Ctrl Pts',(4.55387293218734,1.94142376962309,18.8));
#13807=CARTESIAN_POINT('Ctrl Pts',(4.57634249291091,1.60959250107915,18.8));
#13808=CARTESIAN_POINT('Ctrl Pts',(4.58766299231848,1.44241096490311,18.8));
#13809=CARTESIAN_POINT('',(3.53786784156164,2.98947783225464,18.8));
#13810=CARTESIAN_POINT('Ctrl Pts',(3.53786784156164,2.98947783225464,18.8));
#13811=CARTESIAN_POINT('Ctrl Pts',(3.69151284753475,2.91468550240753,18.8));
#13812=CARTESIAN_POINT('Ctrl Pts',(3.99449480901999,2.76719794394372,18.8));
#13813=CARTESIAN_POINT('Ctrl Pts',(4.2040307013123,2.50349364575523,18.8));
#13814=CARTESIAN_POINT('Ctrl Pts',(4.30730896933874,2.37351628058838,18.8));
#13815=CARTESIAN_POINT('',(2.16883736594518,3.19002362006592,18.8));
#13816=CARTESIAN_POINT('Ctrl Pts',(2.16883736594518,3.19002362006592,18.8));
#13817=CARTESIAN_POINT('Ctrl Pts',(2.43173738667842,3.18689477764793,18.8));
#13818=CARTESIAN_POINT('Ctrl Pts',(2.89781419527585,3.18134787474273,18.8));
#13819=CARTESIAN_POINT('Ctrl Pts',(3.34355578317203,3.04772711044486,18.8));
#13820=CARTESIAN_POINT('Ctrl Pts',(3.53786784156164,2.98947783225464,18.8));
#13821=CARTESIAN_POINT('',(0.84891873343786,2.9792460989325,18.8));
#13822=CARTESIAN_POINT('Ctrl Pts',(0.84891873343786,2.9792460989325,18.8));
#13823=CARTESIAN_POINT('Ctrl Pts',(1.03690626896594,3.0404911125252,18.8));
#13824=CARTESIAN_POINT('Ctrl Pts',(1.46495577824409,3.17994662451138,18.8));
#13825=CARTESIAN_POINT('Ctrl Pts',(1.91592268400621,3.18640281200657,18.8));
#13826=CARTESIAN_POINT('Ctrl Pts',(2.16883736594518,3.19002362006592,18.8));
#13827=CARTESIAN_POINT('',(0.110173997720087,2.37351628058838,18.8));
#13828=CARTESIAN_POINT('Ctrl Pts',(0.110173997720087,2.37351628058838,18.8));
#13829=CARTESIAN_POINT('Ctrl Pts',(0.208362089480416,2.49832850522396,18.8));
#13830=CARTESIAN_POINT('Ctrl Pts',(0.409837020658208,2.75443425000184,18.8));
#13831=CARTESIAN_POINT('Ctrl Pts',(0.700109510186411,2.9030550947449,18.8));
#13832=CARTESIAN_POINT('Ctrl Pts',(0.84891873343786,2.9792460989325,18.8));
#13833=CARTESIAN_POINT('',(-0.249990644613898,1.27460749858307,18.8));
#13834=CARTESIAN_POINT('Ctrl Pts',(-0.249990644613898,1.27460749858307,
18.8));
#13835=CARTESIAN_POINT('Ctrl Pts',(-0.215835888738312,1.48767286765099,
18.8));
#13836=CARTESIAN_POINT('Ctrl Pts',(-0.153942883057998,1.87377593763154,
18.8));
#13837=CARTESIAN_POINT('Ctrl Pts',(0.0284375545895799,2.21886127329852,
18.8));
#13838=CARTESIAN_POINT('Ctrl Pts',(0.110173997720087,2.37351628058838,18.8));
#13839=CARTESIAN_POINT('',(1.41985970481237,1.13954575770783,18.8));
#13840=CARTESIAN_POINT('',(1.41985970481237,1.13954575770783,18.8));
#13841=CARTESIAN_POINT('',(1.69202881797155,1.84759529345917,18.8));
#13842=CARTESIAN_POINT('Ctrl Pts',(1.69202881797155,1.84759529345917,18.8));
#13843=CARTESIAN_POINT('Ctrl Pts',(1.62895973728167,1.75789915754197,18.8));
#13844=CARTESIAN_POINT('Ctrl Pts',(1.4799230310647,1.54594083325277,18.8));
#13845=CARTESIAN_POINT('Ctrl Pts',(1.44183164677979,1.28821033512739,18.8));
#13846=CARTESIAN_POINT('Ctrl Pts',(1.41985970481237,1.13954575770783,18.8));
#13847=CARTESIAN_POINT('',(2.21385556205114,2.04814078324723,18.8));
#13848=CARTESIAN_POINT('Ctrl Pts',(2.21385556205114,2.04814078324723,18.8));
#13849=CARTESIAN_POINT('Ctrl Pts',(2.11345467156383,2.04089644580099,18.8));
#13850=CARTESIAN_POINT('Ctrl Pts',(1.91882366300424,2.02685301753392,18.8));
#13851=CARTESIAN_POINT('Ctrl Pts',(1.76601213748151,1.90607140861488,18.8));
#13852=CARTESIAN_POINT('Ctrl Pts',(1.69202881797155,1.84759529345917,18.8));
#13853=CARTESIAN_POINT('',(2.72340613349279,1.85373427384781,18.8));
#13854=CARTESIAN_POINT('Ctrl Pts',(2.72340613349279,1.85373427384781,18.8));
#13855=CARTESIAN_POINT('Ctrl Pts',(2.65031123102264,1.91042640131453,18.8));
#13856=CARTESIAN_POINT('Ctrl Pts',(2.50039415503744,2.02670151344924,18.8));
#13857=CARTESIAN_POINT('Ctrl Pts',(2.3109385221371,2.04087688293845,18.8));
#13858=CARTESIAN_POINT('Ctrl Pts',(2.21385556205114,2.04814078324723,18.8));
#13859=CARTESIAN_POINT('',(2.92599755271276,1.38511212581086,18.8));
#13860=CARTESIAN_POINT('Ctrl Pts',(2.92599755271276,1.38511212581086,18.8));
#13861=CARTESIAN_POINT('Ctrl Pts',(2.91733200915407,1.47340537727441,18.8));
#13862=CARTESIAN_POINT('Ctrl Pts',(2.89988435188326,1.65117961387332,18.8));
#13863=CARTESIAN_POINT('Ctrl Pts',(2.7824936406855,1.78591598988441,18.8));
#13864=CARTESIAN_POINT('Ctrl Pts',(2.72340613349279,1.85373427384781,18.8));
#13865=CARTESIAN_POINT('',(2.7213605020841,0.848959405359502,18.8));
#13866=CARTESIAN_POINT('Ctrl Pts',(2.7213605020841,0.848959405359502,18.8));
#13867=CARTESIAN_POINT('Ctrl Pts',(2.78091208765693,0.937631234996024,18.8));
#13868=CARTESIAN_POINT('Ctrl Pts',(2.89070751326369,1.10111573638459,18.8));
#13869=CARTESIAN_POINT('Ctrl Pts',(2.91491835230671,1.295952324287,18.8));
#13870=CARTESIAN_POINT('Ctrl Pts',(2.92599755271276,1.38511212581086,18.8));
#13871=CARTESIAN_POINT('',(1.78411560996374,0.0222197365133714,18.8));
#13872=CARTESIAN_POINT('Ctrl Pts',(1.78411560996374,0.0222197365133714,
18.8));
#13873=CARTESIAN_POINT('Ctrl Pts',(1.99111513247153,0.174358288313176,18.8));
#13874=CARTESIAN_POINT('Ctrl Pts',(2.3285682720538,0.422376406105742,18.8));
#13875=CARTESIAN_POINT('Ctrl Pts',(2.61184900981088,0.730026959004694,18.8));
#13876=CARTESIAN_POINT('Ctrl Pts',(2.7213605020841,0.848959405359502,18.8));
#13877=CARTESIAN_POINT('',(0.149055299599969,-1.51870755440307,18.8));
#13878=CARTESIAN_POINT('Ctrl Pts',(0.149055299599969,-1.51870755440307,
18.8));
#13879=CARTESIAN_POINT('Ctrl Pts',(0.350546837319552,-1.2738330423552,18.8));
#13880=CARTESIAN_POINT('Ctrl Pts',(0.829456529474104,-0.69180970525331,
18.8));
#13881=CARTESIAN_POINT('Ctrl Pts',(1.43395031931861,-0.239683525200926,
18.8));
#13882=CARTESIAN_POINT('Ctrl Pts',(1.78411560996374,0.0222197365133714,
18.8));
#13883=CARTESIAN_POINT('',(-0.372773828665411,-2.91229573971344,18.8));
#13884=CARTESIAN_POINT('Ctrl Pts',(-0.372773828665411,-2.91229573971344,
18.8));
#13885=CARTESIAN_POINT('Ctrl Pts',(-0.32859505951377,-2.66761869795199,
18.8));
#13886=CARTESIAN_POINT('Ctrl Pts',(-0.239042125902258,-2.17164410884758,
18.8));
#13887=CARTESIAN_POINT('Ctrl Pts',(0.0185433663938328,-1.73828131702526,
18.8));
#13888=CARTESIAN_POINT('Ctrl Pts',(0.149055299599969,-1.51870755440307,
18.8));
#13889=CARTESIAN_POINT('',(4.62858992560705,-2.91229573971344,18.8));
#13890=CARTESIAN_POINT('Origin',(1.39530277742943,0.0877043794958537,18.8));
#13891=CARTESIAN_POINT('',(8.39803296073278,-2.91229573971343,18.8));
#13892=CARTESIAN_POINT('',(8.39803296073278,3.08770449870514,18.8));
#13893=CARTESIAN_POINT('',(8.39803296073278,-2.91229573971343,18.8));
#13894=CARTESIAN_POINT('',(13.4566958521207,-2.91229573971343,18.8));
#13895=CARTESIAN_POINT('',(13.4566958521207,-2.91229573971343,18.8));
#13896=CARTESIAN_POINT('',(13.4566958521207,-1.55349640137267,18.8));
#13897=CARTESIAN_POINT('',(13.4566958521207,-1.55349640137267,18.8));
#13898=CARTESIAN_POINT('',(10.2561505411466,-1.55349640137267,18.8));
#13899=CARTESIAN_POINT('',(10.2561505411466,-1.55349640137267,18.8));
#13900=CARTESIAN_POINT('',(10.2561505411466,-0.370685737195734,18.8));
#13901=CARTESIAN_POINT('',(10.2561505411466,-0.370685737195734,18.8));
#13902=CARTESIAN_POINT('',(13.1415517900785,-0.370685737195734,18.8));
#13903=CARTESIAN_POINT('',(13.1415517900785,-0.370685737195734,18.8));
#13904=CARTESIAN_POINT('',(13.1415517900785,0.85305245631623,18.8));
#13905=CARTESIAN_POINT('',(13.1415517900785,0.853052456316229,18.8));
#13906=CARTESIAN_POINT('',(10.2561505411466,0.853052456316229,18.8));
#13907=CARTESIAN_POINT('',(10.2561505411466,0.853052456316229,18.8));
#13908=CARTESIAN_POINT('',(10.2561505411466,1.80666746610093,18.8));
#13909=CARTESIAN_POINT('',(10.2561505411466,1.80666746610093,18.8));
#13910=CARTESIAN_POINT('',(13.3666546915372,1.80666746610093,18.8));
#13911=CARTESIAN_POINT('',(13.3666546915372,1.80666746610093,18.8));
#13912=CARTESIAN_POINT('',(13.3666546915372,3.08770449870514,18.8));
#13913=CARTESIAN_POINT('',(13.3666546915372,3.08770449870515,18.8));
#13914=CARTESIAN_POINT('',(8.39803296073278,3.08770449870514,18.8));
#13915=CARTESIAN_POINT('Origin',(1.39530277742943,0.0877043794958537,18.8));
#13916=CARTESIAN_POINT('',(16.1319597338041,-2.91229573971343,18.8));
#13917=CARTESIAN_POINT('',(13.8659723375638,3.08770449870515,18.8));
#13918=CARTESIAN_POINT('',(16.1319597338041,-2.91229573971343,18.8));
#13919=CARTESIAN_POINT('',(18.1415088747342,-2.91229573971343,18.8));
#13920=CARTESIAN_POINT('',(18.1415088747342,-2.91229573971343,18.8));
#13921=CARTESIAN_POINT('',(20.3693826769193,3.08770449870515,18.8));
#13922=CARTESIAN_POINT('',(20.3693826769193,3.08770449870515,18.8));
#13923=CARTESIAN_POINT('',(18.4876020525297,3.08770449870515,18.8));
#13924=CARTESIAN_POINT('',(18.4876020525297,3.08770449870515,18.8));
#13925=CARTESIAN_POINT('',(17.1545131777128,-1.23016742950988,18.8));
#13926=CARTESIAN_POINT('',(17.1545131777128,-1.23016742950988,18.8));
#13927=CARTESIAN_POINT('',(15.8040912721952,3.08770449870515,18.8));
#13928=CARTESIAN_POINT('',(15.8040912721952,3.08770449870515,18.8));
#13929=CARTESIAN_POINT('',(13.8659723375638,3.08770449870515,18.8));
#13930=CARTESIAN_POINT('Origin',(1.39530277742943,0.0877043794958537,18.8));
#13931=CARTESIAN_POINT('',(5.18111544593176,-1.3693216252954,18.8));
#13932=CARTESIAN_POINT('',(5.18111544593176,-0.0800993848474074,18.8));
#13933=CARTESIAN_POINT('',(5.18111544593176,-1.36932162529541,18.8));
#13934=CARTESIAN_POINT('',(7.60403471930822,-1.3693216252954,18.8));
#13935=CARTESIAN_POINT('',(7.60403471930822,-1.3693216252954,18.8));
#13936=CARTESIAN_POINT('',(7.60403471930822,-0.0800993848474071,18.8));
#13937=CARTESIAN_POINT('',(7.60403471930822,-0.0800993848474063,18.8));
#13938=CARTESIAN_POINT('',(5.18111544593176,-0.0800993848474074,18.8));
#13939=CARTESIAN_POINT('Origin',(1.39530277742943,0.0877043794958537,18.8));
#13940=CARTESIAN_POINT('',(20.9792049501737,-2.91229573971343,18.8));
#13941=CARTESIAN_POINT('',(20.9792049501737,3.08770449870515,18.8));
#13942=CARTESIAN_POINT('',(20.9792049501737,-2.91229573971343,18.8));
#13943=CARTESIAN_POINT('',(24.1797502611478,-2.91229573971343,18.8));
#13944=CARTESIAN_POINT('',(24.1797502611478,-2.91229573971343,18.8));
#13945=CARTESIAN_POINT('',(25.0105817888578,-2.83044008499694,18.8));
#13946=CARTESIAN_POINT('Ctrl Pts',(25.0105817888578,-2.83044008499694,18.8));
#13947=CARTESIAN_POINT('Ctrl Pts',(24.8372395045298,-2.85371462904528,18.8));
#13948=CARTESIAN_POINT('Ctrl Pts',(24.5611941855439,-2.89077903581123,18.8));
#13949=CARTESIAN_POINT('Ctrl Pts',(24.2831842383794,-2.9064611776214,18.8));
#13950=CARTESIAN_POINT('Ctrl Pts',(24.1797502611478,-2.91229573971343,18.8));
#13951=CARTESIAN_POINT('',(25.7145412538846,-2.63398734814239,18.8));
#13952=CARTESIAN_POINT('Ctrl Pts',(25.7145412538846,-2.63398734814239,18.8));
#13953=CARTESIAN_POINT('Ctrl Pts',(25.6181852956747,-2.67692001211042,18.8));
#13954=CARTESIAN_POINT('Ctrl Pts',(25.3936723179821,-2.7769547209837,18.8));
#13955=CARTESIAN_POINT('Ctrl Pts',(25.1497933486668,-2.81100399774035,18.8));
#13956=CARTESIAN_POINT('Ctrl Pts',(25.0105817888578,-2.83044008499694,18.8));
#13957=CARTESIAN_POINT('',(26.3079889391263,-2.04462854153228,18.8));
#13958=CARTESIAN_POINT('Ctrl Pts',(26.3079889391263,-2.04462854153228,18.8));
#13959=CARTESIAN_POINT('Ctrl Pts',(26.2288985326562,-2.16237305942595,18.8));
#13960=CARTESIAN_POINT('Ctrl Pts',(26.0703766142662,-2.39836991023809,18.8));
#13961=CARTESIAN_POINT('Ctrl Pts',(25.8333230702797,-2.55533561657017,18.8));
#13962=CARTESIAN_POINT('Ctrl Pts',(25.7145412538846,-2.63398734814239,18.8));
#13963=CARTESIAN_POINT('',(26.5249069307645,-1.20561091190887,18.8));
#13964=CARTESIAN_POINT('Ctrl Pts',(26.5249069307645,-1.20561091190887,18.8));
#13965=CARTESIAN_POINT('Ctrl Pts',(26.5166470136287,-1.35585931483233,18.8));
#13966=CARTESIAN_POINT('Ctrl Pts',(26.5004650238067,-1.6502107092701,18.8));
#13967=CARTESIAN_POINT('Ctrl Pts',(26.3712483806693,-1.9149986613062,18.8));
#13968=CARTESIAN_POINT('Ctrl Pts',(26.3079889391263,-2.04462854153228,18.8));
#13969=CARTESIAN_POINT('',(26.2199981783231,-0.254041831556084,18.8));
#13970=CARTESIAN_POINT('Ctrl Pts',(26.2199981783231,-0.254041831556084,
18.8));
#13971=CARTESIAN_POINT('Ctrl Pts',(26.308881278234,-0.392271156193997,18.8));
#13972=CARTESIAN_POINT('Ctrl Pts',(26.4949674772942,-0.681668911743846,
18.8));
#13973=CARTESIAN_POINT('Ctrl Pts',(26.5146340129997,-1.02583431423146,18.8));
#13974=CARTESIAN_POINT('Ctrl Pts',(26.5249069307645,-1.20561091190887,18.8));
#13975=CARTESIAN_POINT('',(25.2684267137845,0.280064661440131,18.8));
#13976=CARTESIAN_POINT('Ctrl Pts',(25.2684267137845,0.280064661440131,18.8));
#13977=CARTESIAN_POINT('Ctrl Pts',(25.4644547689333,0.22507445354087,18.8));
#13978=CARTESIAN_POINT('Ctrl Pts',(25.8260650669608,0.12363476190107,18.8));
#13979=CARTESIAN_POINT('Ctrl Pts',(26.0962704639449,-0.13542001395616,18.8));
#13980=CARTESIAN_POINT('Ctrl Pts',(26.2199981783231,-0.254041831556084,
18.8));
#13981=CARTESIAN_POINT('',(25.9150846575101,0.68115623706269,18.8));
#13982=CARTESIAN_POINT('Ctrl Pts',(25.9150846575101,0.68115623706269,18.8));
#13983=CARTESIAN_POINT('Ctrl Pts',(25.8281607165371,0.599449038846496,18.8));
#13984=CARTESIAN_POINT('Ctrl Pts',(25.6399906742608,0.422572026937895,18.8));
#13985=CARTESIAN_POINT('Ctrl Pts',(25.3984104870383,0.32991784165738,18.8));
#13986=CARTESIAN_POINT('Ctrl Pts',(25.2684267137845,0.280064661440131,18.8));
#13987=CARTESIAN_POINT('',(26.2466009233793,1.59384341948914,18.8));
#13988=CARTESIAN_POINT('Ctrl Pts',(26.2466009233793,1.59384341948914,18.8));
#13989=CARTESIAN_POINT('Ctrl Pts',(26.233606782977,1.42374962851408,18.8));
#13990=CARTESIAN_POINT('Ctrl Pts',(26.2079900300172,1.08842536015154,18.8));
#13991=CARTESIAN_POINT('Ctrl Pts',(26.0117711736996,0.815593623191797,18.8));
#13992=CARTESIAN_POINT('Ctrl Pts',(25.9150846575101,0.68115623706269,18.8));
#13993=CARTESIAN_POINT('',(25.7820709322294,2.65796335452485,18.8));
#13994=CARTESIAN_POINT('Ctrl Pts',(25.7820709322294,2.65796335452485,18.8));
#13995=CARTESIAN_POINT('Ctrl Pts',(25.9175582316642,2.50611603997754,18.8));
#13996=CARTESIAN_POINT('Ctrl Pts',(26.1887222768487,2.20220908903217,18.8));
#13997=CARTESIAN_POINT('Ctrl Pts',(26.2272990574291,1.79672640494373,18.8));
#13998=CARTESIAN_POINT('Ctrl Pts',(26.2466009233793,1.59384341948914,18.8));
#13999=CARTESIAN_POINT('',(24.4498737428983,3.08770449870515,18.8));
#14000=CARTESIAN_POINT('Ctrl Pts',(24.4498737428983,3.08770449870515,18.8));
#14001=CARTESIAN_POINT('Ctrl Pts',(24.7140292656076,3.07689755725598,18.8));
#14002=CARTESIAN_POINT('Ctrl Pts',(25.2001664128459,3.05700906265785,18.8));
#14003=CARTESIAN_POINT('Ctrl Pts',(25.5996550499175,2.78305651415345,18.8));
#14004=CARTESIAN_POINT('Ctrl Pts',(25.7820709322294,2.65796335452485,18.8));
#14005=CARTESIAN_POINT('',(20.9792049501737,3.08770449870515,18.8));
#14006=CARTESIAN_POINT('Origin',(1.39530277742943,0.0877043794958537,18.8));
#14007=CARTESIAN_POINT('',(-11.6319815541903,-2.91229573971344,18.8));
#14008=CARTESIAN_POINT('',(-11.6319815541903,3.08770449870514,18.8));
#14009=CARTESIAN_POINT('',(-11.6319815541903,-2.91229573971344,18.8));
#14010=CARTESIAN_POINT('',(-9.76977151886622,-2.91229573971344,18.8));
#14011=CARTESIAN_POINT('',(-9.76977151886622,-2.91229573971344,18.8));
#14012=CARTESIAN_POINT('',(-9.76977151886622,-0.685829203191525,18.8));
#14013=CARTESIAN_POINT('',(-9.76977151886622,-0.685829203191525,18.8));
#14014=CARTESIAN_POINT('',(-8.75476402298609,-0.685829203191525,18.8));
#14015=CARTESIAN_POINT('',(-8.75476402298609,-0.685829203191525,18.8));
#14016=CARTESIAN_POINT('',(-7.08696049706141,-0.174233000341183,18.8));
#14017=CARTESIAN_POINT('Ctrl Pts',(-7.08696049706141,-0.174233000341183,
18.8));
#14018=CARTESIAN_POINT('Ctrl Pts',(-7.31012865870219,-0.322979112297598,
18.8));
#14019=CARTESIAN_POINT('Ctrl Pts',(-7.81196000499196,-0.657459896069094,
18.8));
#14020=CARTESIAN_POINT('Ctrl Pts',(-8.41815081207979,-0.675700392347055,
18.8));
#14021=CARTESIAN_POINT('Ctrl Pts',(-8.75476402298609,-0.685829203191525,
18.8));
#14022=CARTESIAN_POINT('',(-6.54057663933436,1.24595793002533,18.8));
#14023=CARTESIAN_POINT('Ctrl Pts',(-6.54057663933436,1.24595793002533,18.8));
#14024=CARTESIAN_POINT('Ctrl Pts',(-6.55792220297182,0.964949471433979,
18.8));
#14025=CARTESIAN_POINT('Ctrl Pts',(-6.59081232415662,0.432109925242364,
18.8));
#14026=CARTESIAN_POINT('Ctrl Pts',(-6.92772740152717,0.0203658438522503,
18.8));
#14027=CARTESIAN_POINT('Ctrl Pts',(-7.08696049706141,-0.174233000341183,
18.8));
#14028=CARTESIAN_POINT('',(-7.04193991676966,2.60885031932282,18.8));
#14029=CARTESIAN_POINT('Ctrl Pts',(-7.04193991676966,2.60885031932282,18.8));
#14030=CARTESIAN_POINT('Ctrl Pts',(-6.89589169007349,2.42342551734636,18.8));
#14031=CARTESIAN_POINT('Ctrl Pts',(-6.58238229277935,2.02538975048998,18.8));
#14032=CARTESIAN_POINT('Ctrl Pts',(-6.55513225693523,1.51733537756511,18.8));
#14033=CARTESIAN_POINT('Ctrl Pts',(-6.54057663933436,1.24595793002533,18.8));
#14034=CARTESIAN_POINT('',(-8.55012578026453,3.08770449870514,18.8));
#14035=CARTESIAN_POINT('Ctrl Pts',(-8.55012578026453,3.08770449870514,18.8));
#14036=CARTESIAN_POINT('Ctrl Pts',(-8.24660605513271,3.07734402147363,18.8));
#14037=CARTESIAN_POINT('Ctrl Pts',(-7.69604918101569,3.05855106837491,18.8));
#14038=CARTESIAN_POINT('Ctrl Pts',(-7.24453582782683,2.74813520326697,18.8));
#14039=CARTESIAN_POINT('Ctrl Pts',(-7.04193991676966,2.60885031932282,18.8));
#14040=CARTESIAN_POINT('',(-11.6319815541903,3.08770449870514,18.8));
#14041=CARTESIAN_POINT('Origin',(1.39530277742943,0.0877043794958537,18.8));
#14042=CARTESIAN_POINT('',(-23.7343013759057,-2.91229573971344,18.8));
#14043=CARTESIAN_POINT('',(-23.7343013759057,3.08770449870514,18.8));
#14044=CARTESIAN_POINT('',(-23.7343013759057,-2.91229573971344,18.8));
#14045=CARTESIAN_POINT('',(-18.6756382610003,-2.91229573971344,18.8));
#14046=CARTESIAN_POINT('',(-18.6756382610003,-2.91229573971344,18.8));
#14047=CARTESIAN_POINT('',(-18.6756382610003,-1.55349640137268,18.8));
#14048=CARTESIAN_POINT('',(-18.6756382610003,-1.55349640137268,18.8));
#14049=CARTESIAN_POINT('',(-21.8761841680209,-1.55349640137268,18.8));
#14050=CARTESIAN_POINT('',(-21.8761841680209,-1.55349640137268,18.8));
#14051=CARTESIAN_POINT('',(-21.8761841680209,-0.370685737195738,18.8));
#14052=CARTESIAN_POINT('',(-21.8761841680209,-0.370685737195737,18.8));
#14053=CARTESIAN_POINT('',(-18.9907817269961,-0.370685737195737,18.8));
#14054=CARTESIAN_POINT('',(-18.9907817269961,-0.370685737195737,18.8));
#14055=CARTESIAN_POINT('',(-18.9907817269961,0.853052456316226,18.8));
#14056=CARTESIAN_POINT('',(-18.9907817269961,0.853052456316226,18.8));
#14057=CARTESIAN_POINT('',(-21.8761841680209,0.853052456316226,18.8));
#14058=CARTESIAN_POINT('',(-21.8761841680209,0.853052456316226,18.8));
#14059=CARTESIAN_POINT('',(-21.8761841680209,1.80666746610092,18.8));
#14060=CARTESIAN_POINT('',(-21.8761841680209,1.80666746610092,18.8));
#14061=CARTESIAN_POINT('',(-18.7656794215838,1.80666746610092,18.8));
#14062=CARTESIAN_POINT('',(-18.7656794215838,1.80666746610092,18.8));
#14063=CARTESIAN_POINT('',(-18.7656794215838,3.08770449870514,18.8));
#14064=CARTESIAN_POINT('',(-18.7656794215838,3.08770449870514,18.8));
#14065=CARTESIAN_POINT('',(-23.7343013759057,3.08770449870514,18.8));
#14066=CARTESIAN_POINT('Origin',(30.9201787914102,-6.79267731647205,19.));
#14067=CARTESIAN_POINT('',(29.9201787914102,-6.79267731647205,18.6));
#14068=CARTESIAN_POINT('',(30.9201787914102,-5.79267731647204,18.6));
#14069=CARTESIAN_POINT('Origin',(30.9201787914102,-6.79267731647205,18.6));
#14070=CARTESIAN_POINT('',(29.9201787914102,-6.79267731647205,17.));
#14071=CARTESIAN_POINT('',(29.9201787914102,-6.79267731647205,19.));
#14072=CARTESIAN_POINT('',(30.9201787914102,-5.79267731647204,17.));
#14073=CARTESIAN_POINT('Origin',(30.9201787914102,-6.79267731647205,17.));
#14074=CARTESIAN_POINT('',(30.9201787914102,-5.79267731647204,19.));
#14075=CARTESIAN_POINT('Origin',(29.9201787914102,-7.29267731647204,19.));
#14076=CARTESIAN_POINT('',(29.9201787914102,-7.29267731647204,18.6));
#14077=CARTESIAN_POINT('',(29.9201787914102,-3.64633865823602,18.6));
#14078=CARTESIAN_POINT('',(29.9201787914102,-7.29267731647204,17.));
#14079=CARTESIAN_POINT('',(29.9201787914102,-7.29267731647204,19.));
#14080=CARTESIAN_POINT('',(29.9201787914102,-3.64633865823602,17.));
#14081=CARTESIAN_POINT('Origin',(30.9201787914102,-7.29267731647204,19.));
#14082=CARTESIAN_POINT('',(30.9201787914102,-8.29267731647204,18.6));
#14083=CARTESIAN_POINT('Origin',(30.9201787914102,-7.29267731647204,18.6));
#14084=CARTESIAN_POINT('',(30.9201787914102,-8.29267731647204,17.));
#14085=CARTESIAN_POINT('',(30.9201787914102,-8.29267731647204,19.));
#14086=CARTESIAN_POINT('Origin',(30.9201787914102,-7.29267731647204,17.));
#14087=CARTESIAN_POINT('Origin',(32.9201787914102,-8.29267731647205,19.));
#14088=CARTESIAN_POINT('',(32.9201787914102,-8.29267731647205,18.6));
#14089=CARTESIAN_POINT('',(16.4600893957051,-8.29267731647202,18.6));
#14090=CARTESIAN_POINT('',(32.9201787914102,-8.29267731647205,17.));
#14091=CARTESIAN_POINT('',(32.9201787914102,-8.29267731647205,19.));
#14092=CARTESIAN_POINT('',(16.4600893957051,-8.29267731647202,17.));
#14093=CARTESIAN_POINT('Origin',(32.9201787914102,-7.29267731647204,19.));
#14094=CARTESIAN_POINT('',(33.9201787914102,-7.29267731647204,18.6));
#14095=CARTESIAN_POINT('Origin',(32.9201787914102,-7.29267731647204,18.6));
#14096=CARTESIAN_POINT('',(33.9201787914102,-7.29267731647204,17.));
#14097=CARTESIAN_POINT('',(33.9201787914102,-7.29267731647204,19.));
#14098=CARTESIAN_POINT('Origin',(32.9201787914102,-7.29267731647204,17.));
#14099=CARTESIAN_POINT('Origin',(33.9201787914102,-6.79267731647205,19.));
#14100=CARTESIAN_POINT('',(33.9201787914102,-6.79267731647205,18.6));
#14101=CARTESIAN_POINT('',(33.9201787914102,-3.39633865823618,18.6));
#14102=CARTESIAN_POINT('',(33.9201787914102,-6.79267731647205,17.));
#14103=CARTESIAN_POINT('',(33.9201787914102,-6.79267731647205,19.));
#14104=CARTESIAN_POINT('',(33.9201787914102,-3.39633865823617,17.));
#14105=CARTESIAN_POINT('Origin',(32.9201787914102,-6.79267731647205,19.));
#14106=CARTESIAN_POINT('',(32.9201787914102,-5.79267731647204,18.6));
#14107=CARTESIAN_POINT('Origin',(32.9201787914102,-6.79267731647205,18.6));
#14108=CARTESIAN_POINT('',(32.9201787914102,-5.79267731647204,17.));
#14109=CARTESIAN_POINT('',(32.9201787914102,-5.79267731647204,19.));
#14110=CARTESIAN_POINT('Origin',(32.9201787914102,-6.79267731647205,17.));
#14111=CARTESIAN_POINT('Origin',(30.9201787914102,-5.79267731647204,19.));
#14112=CARTESIAN_POINT('',(15.4600893957051,-5.79267731647205,18.6));
#14113=CARTESIAN_POINT('',(15.4600893957051,-5.79267731647205,17.));
#14114=CARTESIAN_POINT('Origin',(30.1693928158279,18.8037359441534,8.));
#14115=CARTESIAN_POINT('',(27.4037314136581,16.3949340777475,8.));
#14116=CARTESIAN_POINT('',(32.9350542179978,16.3949340777475,8.));
#14117=CARTESIAN_POINT('',(32.9350542179978,16.3949340777475,8.));
#14118=CARTESIAN_POINT('',(32.9350542179978,21.2125378105594,8.));
#14119=CARTESIAN_POINT('',(32.9350542179978,21.2125378105594,8.));
#14120=CARTESIAN_POINT('',(27.4037314136581,21.2125378105594,8.));
#14121=CARTESIAN_POINT('',(27.4037314136581,21.2125378105594,8.));
#14122=CARTESIAN_POINT('',(27.4037314136581,16.3949340777475,8.));
#14123=CARTESIAN_POINT('Origin',(37.8855500048245,-37.6130228604585,19.));
#14124=CARTESIAN_POINT('',(39.4855500048245,-37.6130228604585,18.6));
#14125=CARTESIAN_POINT('',(37.8855500048245,-39.2130228604585,18.6));
#14126=CARTESIAN_POINT('Origin',(37.8855500048245,-37.6130228604585,18.6));
#14127=CARTESIAN_POINT('',(37.8855500048245,-39.2130228604585,19.));
#14128=CARTESIAN_POINT('',(39.4855500048245,-37.6130228604585,19.));
#14129=CARTESIAN_POINT('Origin',(-37.8855500048245,-39.2130228604585,19.));
#14130=CARTESIAN_POINT('',(-37.8855500048245,-39.2130228604585,18.6));
#14131=CARTESIAN_POINT('',(-28.4141625036184,-39.2130228604585,18.6));
#14132=CARTESIAN_POINT('',(-37.8855500048245,-39.2130228604585,19.));
#14133=CARTESIAN_POINT('Origin',(-37.8855500048245,-37.6130228604585,19.));
#14134=CARTESIAN_POINT('',(-39.4855500048245,-37.6130228604585,18.6));
#14135=CARTESIAN_POINT('Origin',(-37.8855500048245,-37.6130228604585,18.6));
#14136=CARTESIAN_POINT('',(-39.4855500048245,-37.6130228604585,19.));
#14137=CARTESIAN_POINT('Origin',(-39.4855500048245,37.6130228604585,19.));
#14138=CARTESIAN_POINT('',(-39.4855500048245,37.6130228604585,18.6));
#14139=CARTESIAN_POINT('',(-39.4855500048245,28.2097671453439,18.6));
#14140=CARTESIAN_POINT('',(-39.4855500048245,37.6130228604585,19.));
#14141=CARTESIAN_POINT('Origin',(-37.8855500048245,37.6130228604585,19.));
#14142=CARTESIAN_POINT('',(-37.8855500048245,39.2130228604585,18.6));
#14143=CARTESIAN_POINT('Origin',(-37.8855500048245,37.6130228604585,18.6));
#14144=CARTESIAN_POINT('',(-37.8855500048245,39.2130228604585,19.));
#14145=CARTESIAN_POINT('Origin',(37.8855500048245,39.2130228604585,19.));
#14146=CARTESIAN_POINT('',(37.8855500048245,39.2130228604585,18.6));
#14147=CARTESIAN_POINT('',(28.4141625036184,39.2130228604585,18.6));
#14148=CARTESIAN_POINT('',(37.8855500048245,39.2130228604585,19.));
#14149=CARTESIAN_POINT('Origin',(37.8855500048245,37.6130228604585,19.));
#14150=CARTESIAN_POINT('',(39.4855500048245,37.6130228604585,18.6));
#14151=CARTESIAN_POINT('Origin',(37.8855500048245,37.6130228604585,18.6));
#14152=CARTESIAN_POINT('',(39.4855500048245,37.6130228604585,19.));
#14153=CARTESIAN_POINT('Origin',(39.4855500048245,-37.6130228604585,19.));
#14154=CARTESIAN_POINT('',(39.4855500048245,-28.2097671453439,18.6));
#14155=CARTESIAN_POINT('Origin',(29.1079505494803,27.9837472601141,19.));
#14156=CARTESIAN_POINT('',(31.0696870895877,27.9837472601141,18.));
#14157=CARTESIAN_POINT('Origin',(29.1079505494803,27.9837472601141,18.));
#14158=CARTESIAN_POINT('',(31.0696870895877,27.9837472601141,17.));
#14159=CARTESIAN_POINT('',(31.0696870895877,27.9837472601141,19.));
#14160=CARTESIAN_POINT('Origin',(29.1079505494803,27.9837472601141,17.));
#14161=CARTESIAN_POINT('Origin',(30.9201787914102,-1.49267731647205,19.));
#14162=CARTESIAN_POINT('',(29.9201787914102,-1.49267731647205,18.6));
#14163=CARTESIAN_POINT('',(30.9201787914102,-0.492677316472044,18.6));
#14164=CARTESIAN_POINT('Origin',(30.9201787914102,-1.49267731647205,18.6));
#14165=CARTESIAN_POINT('',(29.9201787914102,-1.49267731647205,17.));
#14166=CARTESIAN_POINT('',(29.9201787914102,-1.49267731647205,19.));
#14167=CARTESIAN_POINT('',(30.9201787914102,-0.492677316472044,17.));
#14168=CARTESIAN_POINT('Origin',(30.9201787914102,-1.49267731647205,17.));
#14169=CARTESIAN_POINT('',(30.9201787914102,-0.492677316472044,19.));
#14170=CARTESIAN_POINT('Origin',(29.9201787914102,-1.99267731647204,19.));
#14171=CARTESIAN_POINT('',(29.9201787914102,-1.99267731647204,18.6));
#14172=CARTESIAN_POINT('',(29.9201787914102,-0.99633865823602,18.6));
#14173=CARTESIAN_POINT('',(29.9201787914102,-1.99267731647204,17.));
#14174=CARTESIAN_POINT('',(29.9201787914102,-1.99267731647204,19.));
#14175=CARTESIAN_POINT('',(29.9201787914102,-0.99633865823602,17.));
#14176=CARTESIAN_POINT('Origin',(30.9201787914102,-1.99267731647204,19.));
#14177=CARTESIAN_POINT('',(30.9201787914102,-2.99267731647204,18.6));
#14178=CARTESIAN_POINT('Origin',(30.9201787914102,-1.99267731647204,18.6));
#14179=CARTESIAN_POINT('',(30.9201787914102,-2.99267731647204,17.));
#14180=CARTESIAN_POINT('',(30.9201787914102,-2.99267731647204,19.));
#14181=CARTESIAN_POINT('Origin',(30.9201787914102,-1.99267731647204,17.));
#14182=CARTESIAN_POINT('Origin',(32.9201787914102,-2.99267731647205,19.));
#14183=CARTESIAN_POINT('',(32.9201787914102,-2.99267731647205,18.6));
#14184=CARTESIAN_POINT('',(16.4600893957051,-2.99267731647202,18.6));
#14185=CARTESIAN_POINT('',(32.9201787914102,-2.99267731647205,17.));
#14186=CARTESIAN_POINT('',(32.9201787914102,-2.99267731647205,19.));
#14187=CARTESIAN_POINT('',(16.4600893957051,-2.99267731647202,17.));
#14188=CARTESIAN_POINT('Origin',(32.9201787914102,-1.99267731647204,19.));
#14189=CARTESIAN_POINT('',(33.9201787914102,-1.99267731647204,18.6));
#14190=CARTESIAN_POINT('Origin',(32.9201787914102,-1.99267731647204,18.6));
#14191=CARTESIAN_POINT('',(33.9201787914102,-1.99267731647204,17.));
#14192=CARTESIAN_POINT('',(33.9201787914102,-1.99267731647204,19.));
#14193=CARTESIAN_POINT('Origin',(32.9201787914102,-1.99267731647204,17.));
#14194=CARTESIAN_POINT('Origin',(33.9201787914102,-1.49267731647205,19.));
#14195=CARTESIAN_POINT('',(33.9201787914102,-1.49267731647205,18.6));
#14196=CARTESIAN_POINT('',(33.9201787914102,-0.746338658236175,18.6));
#14197=CARTESIAN_POINT('',(33.9201787914102,-1.49267731647205,17.));
#14198=CARTESIAN_POINT('',(33.9201787914102,-1.49267731647205,19.));
#14199=CARTESIAN_POINT('',(33.9201787914102,-0.746338658236175,17.));
#14200=CARTESIAN_POINT('Origin',(32.9201787914102,-1.49267731647205,19.));
#14201=CARTESIAN_POINT('',(32.9201787914102,-0.492677316472043,18.6));
#14202=CARTESIAN_POINT('Origin',(32.9201787914102,-1.49267731647205,18.6));
#14203=CARTESIAN_POINT('',(32.9201787914102,-0.492677316472043,17.));
#14204=CARTESIAN_POINT('',(32.9201787914102,-0.492677316472043,19.));
#14205=CARTESIAN_POINT('Origin',(32.9201787914102,-1.49267731647205,17.));
#14206=CARTESIAN_POINT('Origin',(30.9201787914102,-0.492677316472044,19.));
#14207=CARTESIAN_POINT('',(15.4600893957051,-0.492677316472053,18.6));
#14208=CARTESIAN_POINT('',(15.4600893957051,-0.492677316472053,17.));
#14209=CARTESIAN_POINT('Origin',(-4.5205478303401,19.8037359441534,19.));
#14210=CARTESIAN_POINT('',(-4.5205478303401,18.8037359441534,18.4));
#14211=CARTESIAN_POINT('',(-5.5205478303401,19.8037359441534,18.4));
#14212=CARTESIAN_POINT('Origin',(-4.5205478303401,19.8037359441534,18.4));
#14213=CARTESIAN_POINT('',(-4.5205478303401,18.8037359441534,17.));
#14214=CARTESIAN_POINT('',(-4.5205478303401,18.8037359441534,19.));
#14215=CARTESIAN_POINT('',(-5.5205478303401,19.8037359441534,17.));
#14216=CARTESIAN_POINT('Origin',(-4.5205478303401,19.8037359441534,17.));
#14217=CARTESIAN_POINT('',(-5.5205478303401,19.8037359441534,19.));
#14218=CARTESIAN_POINT('Origin',(16.7013280409598,18.8037359441534,19.));
#14219=CARTESIAN_POINT('',(15.7013280409598,18.8037359441534,18.4));
#14220=CARTESIAN_POINT('',(8.35066402047988,18.8037359441534,18.4));
#14221=CARTESIAN_POINT('',(15.7013280409598,18.8037359441534,17.));
#14222=CARTESIAN_POINT('',(15.7013280409598,18.8037359441534,19.));
#14223=CARTESIAN_POINT('',(8.35066402047988,18.8037359441534,17.));
#14224=CARTESIAN_POINT('Origin',(15.7013280409598,19.8037359441534,19.));
#14225=CARTESIAN_POINT('',(16.7013280409598,19.8037359441534,18.4));
#14226=CARTESIAN_POINT('Origin',(15.7013280409598,19.8037359441534,18.4));
#14227=CARTESIAN_POINT('',(16.7013280409598,19.8037359441534,17.));
#14228=CARTESIAN_POINT('',(16.7013280409598,19.8037359441534,19.));
#14229=CARTESIAN_POINT('Origin',(15.7013280409598,19.8037359441534,17.));
#14230=CARTESIAN_POINT('Origin',(16.7013280409598,29.9104148295335,19.));
#14231=CARTESIAN_POINT('',(16.7013280409598,28.9104148295335,18.4));
#14232=CARTESIAN_POINT('',(16.7013280409598,14.9552074147668,18.4));
#14233=CARTESIAN_POINT('',(16.7013280409598,28.9104148295335,17.));
#14234=CARTESIAN_POINT('',(16.7013280409598,28.9104148295335,19.));
#14235=CARTESIAN_POINT('',(16.7013280409598,14.9552074147668,17.));
#14236=CARTESIAN_POINT('Origin',(15.7013280409598,28.9104148295335,19.));
#14237=CARTESIAN_POINT('',(15.7013280409598,29.9104148295335,18.4));
#14238=CARTESIAN_POINT('Origin',(15.7013280409598,28.9104148295335,18.4));
#14239=CARTESIAN_POINT('',(15.7013280409598,29.9104148295335,17.));
#14240=CARTESIAN_POINT('',(15.7013280409598,29.9104148295335,19.));
#14241=CARTESIAN_POINT('Origin',(15.7013280409598,28.9104148295335,17.));
#14242=CARTESIAN_POINT('Origin',(-5.5205478303401,29.9104148295335,19.));
#14243=CARTESIAN_POINT('',(-4.5205478303401,29.9104148295335,18.4));
#14244=CARTESIAN_POINT('',(-2.76027391517005,29.9104148295335,18.4));
#14245=CARTESIAN_POINT('',(-4.5205478303401,29.9104148295335,17.));
#14246=CARTESIAN_POINT('',(-4.5205478303401,29.9104148295335,19.));
#14247=CARTESIAN_POINT('',(-2.76027391517005,29.9104148295335,17.));
#14248=CARTESIAN_POINT('Origin',(-4.5205478303401,28.9104148295335,19.));
#14249=CARTESIAN_POINT('',(-5.5205478303401,28.9104148295335,18.4));
#14250=CARTESIAN_POINT('Origin',(-4.5205478303401,28.9104148295335,18.4));
#14251=CARTESIAN_POINT('',(-5.5205478303401,28.9104148295335,17.));
#14252=CARTESIAN_POINT('',(-5.5205478303401,28.9104148295335,19.));
#14253=CARTESIAN_POINT('Origin',(-4.5205478303401,28.9104148295335,17.));
#14254=CARTESIAN_POINT('Origin',(-5.5205478303401,18.8037359441534,19.));
#14255=CARTESIAN_POINT('',(-5.5205478303401,9.40186797207672,18.4));
#14256=CARTESIAN_POINT('',(-5.5205478303401,9.40186797207672,17.));
#14257=CARTESIAN_POINT('Origin',(-31.827221066359,11.1713514360636,19.));
#14258=CARTESIAN_POINT('',(-31.827221066359,12.1713514360636,18.6));
#14259=CARTESIAN_POINT('',(-30.827221066359,11.1713514360636,18.6));
#14260=CARTESIAN_POINT('Origin',(-31.827221066359,11.1713514360636,18.6));
#14261=CARTESIAN_POINT('',(-31.827221066359,12.1713514360636,17.));
#14262=CARTESIAN_POINT('',(-31.827221066359,12.1713514360636,19.));
#14263=CARTESIAN_POINT('',(-30.827221066359,11.1713514360636,17.));
#14264=CARTESIAN_POINT('Origin',(-31.827221066359,11.1713514360636,17.));
#14265=CARTESIAN_POINT('',(-30.827221066359,11.1713514360636,19.));
#14266=CARTESIAN_POINT('Origin',(-35.3641872084237,12.1713514360636,19.));
#14267=CARTESIAN_POINT('',(-35.3641872084237,12.1713514360636,18.6));
#14268=CARTESIAN_POINT('',(-17.6820936042118,12.1713514360636,18.6));
#14269=CARTESIAN_POINT('',(-35.3641872084237,12.1713514360636,17.));
#14270=CARTESIAN_POINT('',(-35.3641872084237,12.1713514360636,19.));
#14271=CARTESIAN_POINT('',(-17.6820936042118,12.1713514360636,17.));
#14272=CARTESIAN_POINT('Origin',(-35.3641872084236,11.1713514360636,19.));
#14273=CARTESIAN_POINT('',(-36.3641872084236,11.1713514360636,18.6));
#14274=CARTESIAN_POINT('Origin',(-35.3641872084236,11.1713514360636,18.6));
#14275=CARTESIAN_POINT('',(-36.3641872084236,11.1713514360636,17.));
#14276=CARTESIAN_POINT('',(-36.3641872084236,11.1713514360636,19.));
#14277=CARTESIAN_POINT('Origin',(-35.3641872084236,11.1713514360636,17.));
#14278=CARTESIAN_POINT('Origin',(-36.3641872084236,2.36890141420346,19.));
#14279=CARTESIAN_POINT('',(-36.3641872084236,2.36890141420346,18.6));
#14280=CARTESIAN_POINT('',(-36.3641872084236,1.18445070710173,18.6));
#14281=CARTESIAN_POINT('',(-36.3641872084236,2.36890141420346,17.));
#14282=CARTESIAN_POINT('',(-36.3641872084236,2.36890141420346,19.));
#14283=CARTESIAN_POINT('',(-36.3641872084236,1.18445070710173,17.));
#14284=CARTESIAN_POINT('Origin',(-35.3641872084237,2.36890141420346,19.));
#14285=CARTESIAN_POINT('',(-35.3641872084236,1.36890141420347,18.6));
#14286=CARTESIAN_POINT('Origin',(-35.3641872084237,2.36890141420346,18.6));
#14287=CARTESIAN_POINT('',(-35.3641872084236,1.36890141420347,17.));
#14288=CARTESIAN_POINT('',(-35.3641872084236,1.36890141420347,19.));
#14289=CARTESIAN_POINT('Origin',(-35.3641872084237,2.36890141420346,17.));
#14290=CARTESIAN_POINT('Origin',(-31.827221066359,1.36890141420347,19.));
#14291=CARTESIAN_POINT('',(-31.827221066359,1.36890141420347,18.6));
#14292=CARTESIAN_POINT('',(-15.9136105331795,1.36890141420347,18.6));
#14293=CARTESIAN_POINT('',(-31.827221066359,1.36890141420347,17.));
#14294=CARTESIAN_POINT('',(-31.827221066359,1.36890141420347,19.));
#14295=CARTESIAN_POINT('',(-15.9136105331795,1.36890141420347,17.));
#14296=CARTESIAN_POINT('Origin',(-31.827221066359,2.36890141420346,19.));
#14297=CARTESIAN_POINT('',(-30.827221066359,2.36890141420346,18.6));
#14298=CARTESIAN_POINT('Origin',(-31.827221066359,2.36890141420346,18.6));
#14299=CARTESIAN_POINT('',(-30.827221066359,2.36890141420346,17.));
#14300=CARTESIAN_POINT('',(-30.827221066359,2.36890141420346,19.));
#14301=CARTESIAN_POINT('Origin',(-31.827221066359,2.36890141420346,17.));
#14302=CARTESIAN_POINT('Origin',(-30.827221066359,11.1713514360636,19.));
#14303=CARTESIAN_POINT('',(-30.827221066359,5.58567571803181,18.6));
#14304=CARTESIAN_POINT('',(-30.827221066359,5.58567571803181,17.));
#14305=CARTESIAN_POINT('Origin',(-31.827221066359,-29.6055686620939,19.));
#14306=CARTESIAN_POINT('',(-31.827221066359,-29.6055686620939,18.6));
#14307=CARTESIAN_POINT('',(-15.9136105331795,-29.6055686620939,18.6));
#14308=CARTESIAN_POINT('',(-31.827221066359,-29.6055686620939,17.));
#14309=CARTESIAN_POINT('',(-31.827221066359,-29.6055686620939,19.));
#14310=CARTESIAN_POINT('',(-15.9136105331795,-29.6055686620939,17.));
#14311=CARTESIAN_POINT('Origin',(0.,0.,17.));
#14312=CARTESIAN_POINT('',(-30.827221066359,-28.6055686620939,17.));
#14313=CARTESIAN_POINT('',(-30.827221066359,-1.08835690851125,17.));
#14314=CARTESIAN_POINT('',(-30.827221066359,-0.544178454255624,17.));
#14315=CARTESIAN_POINT('Origin',(-31.827221066359,-1.08835690851125,17.));
#14316=CARTESIAN_POINT('Origin',(-31.827221066359,-28.6055686620939,17.));
#14317=CARTESIAN_POINT('Origin',(-31.827221066359,-1.08835690851125,19.));
#14318=CARTESIAN_POINT('Origin',(-31.827221066359,-1.08835690851125,18.6));
#14319=CARTESIAN_POINT('',(-30.827221066359,-1.08835690851125,19.));
#14320=CARTESIAN_POINT('Origin',(-17.6820936042118,0.111643091488763,18.8));
#14321=CARTESIAN_POINT('',(-31.827221066359,0.311643091488759,19.));
#14322=CARTESIAN_POINT('',(-31.827221066359,0.311643091488759,19.));
#14323=CARTESIAN_POINT('',(-35.3641872084236,0.311643091488758,19.));
#14324=CARTESIAN_POINT('',(-17.6820936042118,0.311643091488763,19.));
#14325=CARTESIAN_POINT('',(-35.3641872084236,0.311643091488758,19.));
#14326=CARTESIAN_POINT('Origin',(-35.3641872084236,-1.08835690851125,18.8));
#14327=CARTESIAN_POINT('',(-36.7641872084236,-1.08835690851124,19.));
#14328=CARTESIAN_POINT('Origin',(-35.3641872084236,-1.08835690851125,19.));
#14329=CARTESIAN_POINT('',(-36.7641872084236,-1.08835690851124,19.));
#14330=CARTESIAN_POINT('Origin',(-36.5641872084236,-14.3027843310469,18.8));
#14331=CARTESIAN_POINT('',(-36.7641872084236,-28.6055686620939,19.));
#14332=CARTESIAN_POINT('',(-36.7641872084236,-14.3027843310469,19.));
#14333=CARTESIAN_POINT('',(-36.3641872084236,-28.6055686620939,18.6));
#14334=CARTESIAN_POINT('Origin',(-35.3641872084236,-28.6055686620939,18.8));
#14335=CARTESIAN_POINT('',(-35.3641872084236,-30.0055686620939,19.));
#14336=CARTESIAN_POINT('Origin',(-35.3641872084236,-28.6055686620939,19.));
#14337=CARTESIAN_POINT('',(-35.3641872084236,-29.6055686620939,18.6));
#14338=CARTESIAN_POINT('Ctrl Pts',(-13.7684075261752,-2.76290981060577,
19.));
#14339=CARTESIAN_POINT('Ctrl Pts',(-13.7684075261752,-2.76290981060577,
18.8));
#14340=CARTESIAN_POINT('Ctrl Pts',(-13.9824051279643,-2.83618487212384,
19.));
#14341=CARTESIAN_POINT('Ctrl Pts',(-13.9824051279643,-2.83618487212384,
18.8));
#14342=CARTESIAN_POINT('Ctrl Pts',(-14.4500242646795,-2.99630265252588,
19.));
#14343=CARTESIAN_POINT('Ctrl Pts',(-14.4500242646795,-2.99630265252588,
18.8));
#14344=CARTESIAN_POINT('Ctrl Pts',(-14.9448029669786,-3.00817544269069,
19.));
#14345=CARTESIAN_POINT('Ctrl Pts',(-14.9448029669786,-3.00817544269069,
18.8));
#14346=CARTESIAN_POINT('Ctrl Pts',(-15.2131549741427,-3.01461486107422,
19.));
#14347=CARTESIAN_POINT('Ctrl Pts',(-15.2131549741427,-3.01461486107422,
18.8));
#14348=CARTESIAN_POINT('',(-13.7684075261752,-2.76290981060577,19.));
#14349=CARTESIAN_POINT('',(-15.2131549741427,-3.01461486107422,19.));
#14350=CARTESIAN_POINT('Ctrl Pts',(-13.7684075261752,-2.76290981060577,
19.));
#14351=CARTESIAN_POINT('Ctrl Pts',(-13.9824051279643,-2.83618487212384,
19.));
#14352=CARTESIAN_POINT('Ctrl Pts',(-14.4500242646795,-2.99630265252588,
19.));
#14353=CARTESIAN_POINT('Ctrl Pts',(-14.9448029669786,-3.00817544269069,
19.));
#14354=CARTESIAN_POINT('Ctrl Pts',(-15.2131549741427,-3.01461486107422,
19.));
#14355=CARTESIAN_POINT('',(-13.7684075261752,-2.76290981060577,19.));
#14356=CARTESIAN_POINT('',(-15.2131549741427,-3.01461486107422,19.));
#14357=CARTESIAN_POINT('Ctrl Pts',(-12.8761832143466,-2.024165074888,19.));
#14358=CARTESIAN_POINT('Ctrl Pts',(-12.8761832143466,-2.024165074888,18.8));
#14359=CARTESIAN_POINT('Ctrl Pts',(-12.994936870885,-2.17747247811606,19.));
#14360=CARTESIAN_POINT('Ctrl Pts',(-12.994936870885,-2.17747247811606,18.8));
#14361=CARTESIAN_POINT('Ctrl Pts',(-13.2370844047928,-2.49007767027265,
19.));
#14362=CARTESIAN_POINT('Ctrl Pts',(-13.2370844047928,-2.49007767027265,
18.8));
#14363=CARTESIAN_POINT('Ctrl Pts',(-13.5890515953264,-2.67081131060527,
19.));
#14364=CARTESIAN_POINT('Ctrl Pts',(-13.5890515953264,-2.67081131060527,
18.8));
#14365=CARTESIAN_POINT('Ctrl Pts',(-13.7684075261752,-2.76290981060577,
19.));
#14366=CARTESIAN_POINT('Ctrl Pts',(-13.7684075261752,-2.76290981060577,
18.8));
#14367=CARTESIAN_POINT('',(-12.8761832143466,-2.024165074888,19.));
#14368=CARTESIAN_POINT('Ctrl Pts',(-12.8761832143466,-2.024165074888,19.));
#14369=CARTESIAN_POINT('Ctrl Pts',(-12.994936870885,-2.17747247811606,19.));
#14370=CARTESIAN_POINT('Ctrl Pts',(-13.2370844047928,-2.49007767027265,
19.));
#14371=CARTESIAN_POINT('Ctrl Pts',(-13.5890515953264,-2.67081131060527,
19.));
#14372=CARTESIAN_POINT('Ctrl Pts',(-13.7684075261752,-2.76290981060577,
19.));
#14373=CARTESIAN_POINT('',(-12.8761832143466,-2.024165074888,19.));
#14374=CARTESIAN_POINT('Ctrl Pts',(-12.5569478894869,-0.960044543805844,
19.));
#14375=CARTESIAN_POINT('Ctrl Pts',(-12.5569478894869,-0.960044543805844,
18.8));
#14376=CARTESIAN_POINT('Ctrl Pts',(-12.5703771013407,-1.14884846821093,
19.));
#14377=CARTESIAN_POINT('Ctrl Pts',(-12.5703771013407,-1.14884846821093,
18.8));
#14378=CARTESIAN_POINT('Ctrl Pts',(-12.597300550097,-1.52737051693935,19.));
#14379=CARTESIAN_POINT('Ctrl Pts',(-12.597300550097,-1.52737051693935,18.8));
#14380=CARTESIAN_POINT('Ctrl Pts',(-12.7830727683118,-1.85830047013491,
19.));
#14381=CARTESIAN_POINT('Ctrl Pts',(-12.7830727683118,-1.85830047013491,
18.8));
#14382=CARTESIAN_POINT('Ctrl Pts',(-12.8761832143466,-2.024165074888,19.));
#14383=CARTESIAN_POINT('Ctrl Pts',(-12.8761832143466,-2.024165074888,18.8));
#14384=CARTESIAN_POINT('',(-12.5569478894869,-0.960044543805844,19.));
#14385=CARTESIAN_POINT('Ctrl Pts',(-12.5569478894869,-0.960044543805844,
19.));
#14386=CARTESIAN_POINT('Ctrl Pts',(-12.5703771013407,-1.14884846821093,
19.));
#14387=CARTESIAN_POINT('Ctrl Pts',(-12.597300550097,-1.52737051693935,19.));
#14388=CARTESIAN_POINT('Ctrl Pts',(-12.7830727683118,-1.85830047013491,
19.));
#14389=CARTESIAN_POINT('Ctrl Pts',(-12.8761832143466,-2.024165074888,19.));
#14390=CARTESIAN_POINT('',(-12.5569478894869,-0.960044543805844,19.));
#14391=CARTESIAN_POINT('Ctrl Pts',(-12.7963749791781,-0.0719138789804041,
19.));
#14392=CARTESIAN_POINT('Ctrl Pts',(-12.7963749791781,-0.0719138789804041,
18.8));
#14393=CARTESIAN_POINT('Ctrl Pts',(-12.7265469340217,-0.209380460282551,
19.));
#14394=CARTESIAN_POINT('Ctrl Pts',(-12.7265469340217,-0.209380460282551,
18.8));
#14395=CARTESIAN_POINT('Ctrl Pts',(-12.5847304041185,-0.48856675991679,
19.));
#14396=CARTESIAN_POINT('Ctrl Pts',(-12.5847304041185,-0.48856675991679,
18.8));
#14397=CARTESIAN_POINT('Ctrl Pts',(-12.5663023058651,-0.801297232338464,
19.));
#14398=CARTESIAN_POINT('Ctrl Pts',(-12.5663023058651,-0.801297232338464,
18.8));
#14399=CARTESIAN_POINT('Ctrl Pts',(-12.5569478894869,-0.960044543805844,
19.));
#14400=CARTESIAN_POINT('Ctrl Pts',(-12.5569478894869,-0.960044543805844,
18.8));
#14401=CARTESIAN_POINT('',(-12.7963749791781,-0.0719138789804041,19.));
#14402=CARTESIAN_POINT('Ctrl Pts',(-12.7963749791781,-0.0719138789804041,
19.));
#14403=CARTESIAN_POINT('Ctrl Pts',(-12.7265469340217,-0.209380460282551,
19.));
#14404=CARTESIAN_POINT('Ctrl Pts',(-12.5847304041185,-0.48856675991679,
19.));
#14405=CARTESIAN_POINT('Ctrl Pts',(-12.5663023058651,-0.801297232338464,
19.));
#14406=CARTESIAN_POINT('Ctrl Pts',(-12.5569478894869,-0.960044543805844,
19.));
#14407=CARTESIAN_POINT('',(-12.7963749791781,-0.0719138789804041,19.));
#14408=CARTESIAN_POINT('Ctrl Pts',(-13.561722459952,0.593161899980778,19.));
#14409=CARTESIAN_POINT('Ctrl Pts',(-13.561722459952,0.593161899980778,18.8));
#14410=CARTESIAN_POINT('Ctrl Pts',(-13.4013426844314,0.503170766592125,
19.));
#14411=CARTESIAN_POINT('Ctrl Pts',(-13.4013426844314,0.503170766592125,
18.8));
#14412=CARTESIAN_POINT('Ctrl Pts',(-13.0997843459422,0.333962544574388,
19.));
#14413=CARTESIAN_POINT('Ctrl Pts',(-13.0997843459422,0.333962544574388,
18.8));
#14414=CARTESIAN_POINT('Ctrl Pts',(-12.893125212217,0.0575107297017041,
19.));
#14415=CARTESIAN_POINT('Ctrl Pts',(-12.893125212217,0.0575107297017041,
18.8));
#14416=CARTESIAN_POINT('Ctrl Pts',(-12.7963749791781,-0.0719138789804041,
19.));
#14417=CARTESIAN_POINT('Ctrl Pts',(-12.7963749791781,-0.0719138789804041,
18.8));
#14418=CARTESIAN_POINT('',(-13.561722459952,0.593161899980778,19.));
#14419=CARTESIAN_POINT('Ctrl Pts',(-13.561722459952,0.593161899980778,19.));
#14420=CARTESIAN_POINT('Ctrl Pts',(-13.4013426844314,0.503170766592125,
19.));
#14421=CARTESIAN_POINT('Ctrl Pts',(-13.0997843459422,0.333962544574388,
19.));
#14422=CARTESIAN_POINT('Ctrl Pts',(-12.893125212217,0.0575107297017041,
19.));
#14423=CARTESIAN_POINT('Ctrl Pts',(-12.7963749791781,-0.0719138789804041,
19.));
#14424=CARTESIAN_POINT('',(-13.561722459952,0.593161899980778,19.));
#14425=CARTESIAN_POINT('Ctrl Pts',(-15.3031961347262,1.12317474597382,19.));
#14426=CARTESIAN_POINT('Ctrl Pts',(-15.3031961347262,1.12317474597382,18.8));
#14427=CARTESIAN_POINT('Ctrl Pts',(-14.9517470948379,1.04717054521272,19.));
#14428=CARTESIAN_POINT('Ctrl Pts',(-14.9517470948379,1.04717054521272,18.8));
#14429=CARTESIAN_POINT('Ctrl Pts',(-14.3561340822046,0.918363560841706,
19.));
#14430=CARTESIAN_POINT('Ctrl Pts',(-14.3561340822046,0.918363560841706,
18.8));
#14431=CARTESIAN_POINT('Ctrl Pts',(-13.7926965174235,0.687713823695747,
19.));
#14432=CARTESIAN_POINT('Ctrl Pts',(-13.7926965174235,0.687713823695747,
18.8));
#14433=CARTESIAN_POINT('Ctrl Pts',(-13.561722459952,0.593161899980778,19.));
#14434=CARTESIAN_POINT('Ctrl Pts',(-13.561722459952,0.593161899980778,18.8));
#14435=CARTESIAN_POINT('',(-15.3031961347262,1.12317474597382,19.));
#14436=CARTESIAN_POINT('Ctrl Pts',(-15.3031961347262,1.12317474597382,19.));
#14437=CARTESIAN_POINT('Ctrl Pts',(-14.9517470948379,1.04717054521272,19.));
#14438=CARTESIAN_POINT('Ctrl Pts',(-14.3561340822046,0.918363560841706,
19.));
#14439=CARTESIAN_POINT('Ctrl Pts',(-13.7926965174235,0.687713823695747,
19.));
#14440=CARTESIAN_POINT('Ctrl Pts',(-13.561722459952,0.593161899980778,19.));
#14441=CARTESIAN_POINT('',(-15.3031961347262,1.12317474597382,19.));
#14442=CARTESIAN_POINT('Ctrl Pts',(-15.9252969648043,1.34418459647583,19.));
#14443=CARTESIAN_POINT('Ctrl Pts',(-15.9252969648043,1.34418459647583,18.8));
#14444=CARTESIAN_POINT('Ctrl Pts',(-15.8528533397374,1.30281325235864,19.));
#14445=CARTESIAN_POINT('Ctrl Pts',(-15.8528533397374,1.30281325235864,18.8));
#14446=CARTESIAN_POINT('Ctrl Pts',(-15.6596571296816,1.19248212410588,19.));
#14447=CARTESIAN_POINT('Ctrl Pts',(-15.6596571296816,1.19248212410588,18.8));
#14448=CARTESIAN_POINT('Ctrl Pts',(-15.4402999786267,1.14983210284329,19.));
#14449=CARTESIAN_POINT('Ctrl Pts',(-15.4402999786267,1.14983210284329,18.8));
#14450=CARTESIAN_POINT('Ctrl Pts',(-15.3031961347262,1.12317474597382,19.));
#14451=CARTESIAN_POINT('Ctrl Pts',(-15.3031961347262,1.12317474597382,18.8));
#14452=CARTESIAN_POINT('',(-15.9252969648043,1.34418459647583,19.));
#14453=CARTESIAN_POINT('Ctrl Pts',(-15.9252969648043,1.34418459647583,19.));
#14454=CARTESIAN_POINT('Ctrl Pts',(-15.8528533397374,1.30281325235864,19.));
#14455=CARTESIAN_POINT('Ctrl Pts',(-15.6596571296816,1.19248212410588,19.));
#14456=CARTESIAN_POINT('Ctrl Pts',(-15.4402999786267,1.14983210284329,19.));
#14457=CARTESIAN_POINT('Ctrl Pts',(-15.3031961347262,1.12317474597382,19.));
#14458=CARTESIAN_POINT('',(-15.9252969648043,1.34418459647583,19.));
#14459=CARTESIAN_POINT('Ctrl Pts',(-16.0603587056796,1.60202922337937,19.));
#14460=CARTESIAN_POINT('Ctrl Pts',(-16.0603587056796,1.60202922337937,18.8));
#14461=CARTESIAN_POINT('Ctrl Pts',(-16.0534788653134,1.55445301502758,19.));
#14462=CARTESIAN_POINT('Ctrl Pts',(-16.0534788653134,1.55445301502758,18.8));
#14463=CARTESIAN_POINT('Ctrl Pts',(-16.0388273512759,1.4531332972109,19.));
#14464=CARTESIAN_POINT('Ctrl Pts',(-16.0388273512759,1.4531332972109,18.8));
#14465=CARTESIAN_POINT('Ctrl Pts',(-15.9646455679958,1.38194522890811,19.));
#14466=CARTESIAN_POINT('Ctrl Pts',(-15.9646455679958,1.38194522890811,18.8));
#14467=CARTESIAN_POINT('Ctrl Pts',(-15.9252969648043,1.34418459647583,19.));
#14468=CARTESIAN_POINT('Ctrl Pts',(-15.9252969648043,1.34418459647583,18.8));
#14469=CARTESIAN_POINT('',(-16.0603587056796,1.60202922337937,19.));
#14470=CARTESIAN_POINT('Ctrl Pts',(-16.0603587056796,1.60202922337937,19.));
#14471=CARTESIAN_POINT('Ctrl Pts',(-16.0534788653134,1.55445301502758,19.));
#14472=CARTESIAN_POINT('Ctrl Pts',(-16.0388273512759,1.4531332972109,19.));
#14473=CARTESIAN_POINT('Ctrl Pts',(-15.9646455679958,1.38194522890811,19.));
#14474=CARTESIAN_POINT('Ctrl Pts',(-15.9252969648043,1.34418459647583,19.));
#14475=CARTESIAN_POINT('',(-16.0603587056796,1.60202922337937,19.));
#14476=CARTESIAN_POINT('Ctrl Pts',(-15.896647992293,1.9355899285643,19.));
#14477=CARTESIAN_POINT('Ctrl Pts',(-15.896647992293,1.9355899285643,18.8));
#14478=CARTESIAN_POINT('Ctrl Pts',(-15.944388929629,1.88823848473598,19.));
#14479=CARTESIAN_POINT('Ctrl Pts',(-15.944388929629,1.88823848473598,18.8));
#14480=CARTESIAN_POINT('Ctrl Pts',(-16.0376269078461,1.79576118674862,19.));
#14481=CARTESIAN_POINT('Ctrl Pts',(-16.0376269078461,1.79576118674862,18.8));
#14482=CARTESIAN_POINT('Ctrl Pts',(-16.05290399423,1.66556207265337,19.));
#14483=CARTESIAN_POINT('Ctrl Pts',(-16.05290399423,1.66556207265337,18.8));
#14484=CARTESIAN_POINT('Ctrl Pts',(-16.0603587056796,1.60202922337937,19.));
#14485=CARTESIAN_POINT('Ctrl Pts',(-16.0603587056796,1.60202922337937,18.8));
#14486=CARTESIAN_POINT('',(-15.896647992293,1.9355899285643,19.));
#14487=CARTESIAN_POINT('Ctrl Pts',(-15.896647992293,1.9355899285643,19.));
#14488=CARTESIAN_POINT('Ctrl Pts',(-15.944388929629,1.88823848473598,19.));
#14489=CARTESIAN_POINT('Ctrl Pts',(-16.0376269078461,1.79576118674862,19.));
#14490=CARTESIAN_POINT('Ctrl Pts',(-16.05290399423,1.66556207265337,19.));
#14491=CARTESIAN_POINT('Ctrl Pts',(-16.0603587056796,1.60202922337937,19.));
#14492=CARTESIAN_POINT('',(-15.896647992293,1.9355899285643,19.));
#14493=CARTESIAN_POINT('Ctrl Pts',(-15.4096083070437,2.07269759887146,19.));
#14494=CARTESIAN_POINT('Ctrl Pts',(-15.4096083070437,2.07269759887146,18.8));
#14495=CARTESIAN_POINT('Ctrl Pts',(-15.5067318731756,2.070019584497,19.));
#14496=CARTESIAN_POINT('Ctrl Pts',(-15.5067318731756,2.070019584497,18.8));
#14497=CARTESIAN_POINT('Ctrl Pts',(-15.6814576102517,2.06520182446085,19.));
#14498=CARTESIAN_POINT('Ctrl Pts',(-15.6814576102517,2.06520182446085,18.8));
#14499=CARTESIAN_POINT('Ctrl Pts',(-15.8304672794907,1.97545141111166,19.));
#14500=CARTESIAN_POINT('Ctrl Pts',(-15.8304672794907,1.97545141111166,18.8));
#14501=CARTESIAN_POINT('Ctrl Pts',(-15.896647992293,1.9355899285643,19.));
#14502=CARTESIAN_POINT('Ctrl Pts',(-15.896647992293,1.9355899285643,18.8));
#14503=CARTESIAN_POINT('',(-15.4096083070437,2.07269759887146,19.));
#14504=CARTESIAN_POINT('Ctrl Pts',(-15.4096083070437,2.07269759887146,19.));
#14505=CARTESIAN_POINT('Ctrl Pts',(-15.5067318731756,2.070019584497,19.));
#14506=CARTESIAN_POINT('Ctrl Pts',(-15.6814576102517,2.06520182446085,19.));
#14507=CARTESIAN_POINT('Ctrl Pts',(-15.8304672794907,1.97545141111166,19.));
#14508=CARTESIAN_POINT('Ctrl Pts',(-15.896647992293,1.9355899285643,19.));
#14509=CARTESIAN_POINT('',(-15.4096083070437,2.07269759887146,19.));
#14510=CARTESIAN_POINT('Ctrl Pts',(-14.7936467553774,1.88852312081742,19.));
#14511=CARTESIAN_POINT('Ctrl Pts',(-14.7936467553774,1.88852312081742,18.8));
#14512=CARTESIAN_POINT('Ctrl Pts',(-14.879766250754,1.94214323526596,19.));
#14513=CARTESIAN_POINT('Ctrl Pts',(-14.879766250754,1.94214323526596,18.8));
#14514=CARTESIAN_POINT('Ctrl Pts',(-15.067587727683,2.05908550303924,19.));
#14515=CARTESIAN_POINT('Ctrl Pts',(-15.067587727683,2.05908550303924,18.8));
#14516=CARTESIAN_POINT('Ctrl Pts',(-15.2894654666841,2.06791602736607,19.));
#14517=CARTESIAN_POINT('Ctrl Pts',(-15.2894654666841,2.06791602736607,18.8));
#14518=CARTESIAN_POINT('Ctrl Pts',(-15.4096083070437,2.07269759887146,19.));
#14519=CARTESIAN_POINT('Ctrl Pts',(-15.4096083070437,2.07269759887146,18.8));
#14520=CARTESIAN_POINT('',(-14.7936467553774,1.88852312081742,19.));
#14521=CARTESIAN_POINT('Ctrl Pts',(-14.7936467553774,1.88852312081742,19.));
#14522=CARTESIAN_POINT('Ctrl Pts',(-14.879766250754,1.94214323526596,19.));
#14523=CARTESIAN_POINT('Ctrl Pts',(-15.067587727683,2.05908550303924,19.));
#14524=CARTESIAN_POINT('Ctrl Pts',(-15.2894654666841,2.06791602736607,19.));
#14525=CARTESIAN_POINT('Ctrl Pts',(-15.4096083070437,2.07269759887146,19.));
#14526=CARTESIAN_POINT('',(-14.7936467553774,1.88852312081742,19.));
#14527=CARTESIAN_POINT('Ctrl Pts',(-14.5010129834811,1.29916461223053,19.));
#14528=CARTESIAN_POINT('Ctrl Pts',(-14.5010129834811,1.29916461223053,18.8));
#14529=CARTESIAN_POINT('Ctrl Pts',(-14.5264316638236,1.42128306829024,19.));
#14530=CARTESIAN_POINT('Ctrl Pts',(-14.5264316638236,1.42128306829024,18.8));
#14531=CARTESIAN_POINT('Ctrl Pts',(-14.5728390166595,1.64423698256773,19.));
#14532=CARTESIAN_POINT('Ctrl Pts',(-14.5728390166595,1.64423698256773,18.8));
#14533=CARTESIAN_POINT('Ctrl Pts',(-14.7248821466441,1.81244679843281,19.));
#14534=CARTESIAN_POINT('Ctrl Pts',(-14.7248821466441,1.81244679843281,18.8));
#14535=CARTESIAN_POINT('Ctrl Pts',(-14.7936467553774,1.88852312081742,19.));
#14536=CARTESIAN_POINT('Ctrl Pts',(-14.7936467553774,1.88852312081742,18.8));
#14537=CARTESIAN_POINT('',(-14.5010129834811,1.29916461223053,19.));
#14538=CARTESIAN_POINT('Ctrl Pts',(-14.5010129834811,1.29916461223053,19.));
#14539=CARTESIAN_POINT('Ctrl Pts',(-14.5264316638236,1.42128306829024,19.));
#14540=CARTESIAN_POINT('Ctrl Pts',(-14.5728390166595,1.64423698256773,19.));
#14541=CARTESIAN_POINT('Ctrl Pts',(-14.7248821466441,1.81244679843281,19.));
#14542=CARTESIAN_POINT('Ctrl Pts',(-14.7936467553774,1.88852312081742,19.));
#14543=CARTESIAN_POINT('',(-14.5010129834811,1.29916461223053,19.));
#14544=CARTESIAN_POINT('Origin',(-12.7534000302951,1.40148343556809,19.));
#14545=CARTESIAN_POINT('',(-12.7534000302951,1.40148343556809,19.));
#14546=CARTESIAN_POINT('',(-6.43937035746046,1.77115572797417,19.));
#14547=CARTESIAN_POINT('',(-12.7534000302951,1.40148343556809,19.));
#14548=CARTESIAN_POINT('Ctrl Pts',(-13.4716812993685,2.76232929938721,19.));
#14549=CARTESIAN_POINT('Ctrl Pts',(-13.4716812993685,2.76232929938721,18.8));
#14550=CARTESIAN_POINT('Ctrl Pts',(-13.2898763568036,2.58931073380455,19.));
#14551=CARTESIAN_POINT('Ctrl Pts',(-13.2898763568036,2.58931073380455,18.8));
#14552=CARTESIAN_POINT('Ctrl Pts',(-12.8997999039265,2.21808612685937,19.));
#14553=CARTESIAN_POINT('Ctrl Pts',(-12.8997999039265,2.21808612685937,18.8));
#14554=CARTESIAN_POINT('Ctrl Pts',(-12.8043585438466,1.68572452320159,19.));
#14555=CARTESIAN_POINT('Ctrl Pts',(-12.8043585438466,1.68572452320159,18.8));
#14556=CARTESIAN_POINT('Ctrl Pts',(-12.7534000302951,1.40148343556809,19.));
#14557=CARTESIAN_POINT('Ctrl Pts',(-12.7534000302951,1.40148343556809,18.8));
#14558=CARTESIAN_POINT('',(-13.4716812993685,2.76232929938721,19.));
#14559=CARTESIAN_POINT('Ctrl Pts',(-13.4716812993685,2.76232929938721,19.));
#14560=CARTESIAN_POINT('Ctrl Pts',(-13.2898763568036,2.58931073380455,19.));
#14561=CARTESIAN_POINT('Ctrl Pts',(-12.8997999039265,2.21808612685937,19.));
#14562=CARTESIAN_POINT('Ctrl Pts',(-12.8043585438466,1.68572452320159,19.));
#14563=CARTESIAN_POINT('Ctrl Pts',(-12.7534000302951,1.40148343556809,19.));
#14564=CARTESIAN_POINT('',(-13.4716812993685,2.76232929938721,19.));
#14565=CARTESIAN_POINT('Ctrl Pts',(-15.2254335309664,3.19002362006592,19.));
#14566=CARTESIAN_POINT('Ctrl Pts',(-15.2254335309664,3.19002362006592,18.8));
#14567=CARTESIAN_POINT('Ctrl Pts',(-14.8803177916432,3.18212733842114,19.));
#14568=CARTESIAN_POINT('Ctrl Pts',(-14.8803177916432,3.18212733842114,18.8));
#14569=CARTESIAN_POINT('Ctrl Pts',(-14.2619840455383,3.1679798022372,19.));
#14570=CARTESIAN_POINT('Ctrl Pts',(-14.2619840455383,3.1679798022372,18.8));
#14571=CARTESIAN_POINT('Ctrl Pts',(-13.7138713240794,2.8866417932832,19.));
#14572=CARTESIAN_POINT('Ctrl Pts',(-13.7138713240794,2.8866417932832,18.8));
#14573=CARTESIAN_POINT('Ctrl Pts',(-13.4716812993685,2.76232929938721,19.));
#14574=CARTESIAN_POINT('Ctrl Pts',(-13.4716812993685,2.76232929938721,18.8));
#14575=CARTESIAN_POINT('',(-15.2254335309664,3.19002362006592,19.));
#14576=CARTESIAN_POINT('Ctrl Pts',(-15.2254335309664,3.19002362006592,19.));
#14577=CARTESIAN_POINT('Ctrl Pts',(-14.8803177916432,3.18212733842114,19.));
#14578=CARTESIAN_POINT('Ctrl Pts',(-14.2619840455383,3.1679798022372,19.));
#14579=CARTESIAN_POINT('Ctrl Pts',(-13.7138713240794,2.8866417932832,19.));
#14580=CARTESIAN_POINT('Ctrl Pts',(-13.4716812993685,2.76232929938721,19.));
#14581=CARTESIAN_POINT('',(-15.2254335309664,3.19002362006592,19.));
#14582=CARTESIAN_POINT('Ctrl Pts',(-16.7008773709933,2.95468958133148,19.));
#14583=CARTESIAN_POINT('Ctrl Pts',(-16.7008773709933,2.95468958133148,18.8));
#14584=CARTESIAN_POINT('Ctrl Pts',(-16.4898651985225,3.02308333011649,19.));
#14585=CARTESIAN_POINT('Ctrl Pts',(-16.4898651985225,3.02308333011649,18.8));
#14586=CARTESIAN_POINT('Ctrl Pts',(-16.0112177864062,3.17822362594657,19.));
#14587=CARTESIAN_POINT('Ctrl Pts',(-16.0112177864062,3.17822362594657,18.8));
#14588=CARTESIAN_POINT('Ctrl Pts',(-15.5072350133107,3.18579185312548,19.));
#14589=CARTESIAN_POINT('Ctrl Pts',(-15.5072350133107,3.18579185312548,18.8));
#14590=CARTESIAN_POINT('Ctrl Pts',(-15.2254335309664,3.19002362006592,19.));
#14591=CARTESIAN_POINT('Ctrl Pts',(-15.2254335309664,3.19002362006592,18.8));
#14592=CARTESIAN_POINT('',(-16.7008773709933,2.95468958133148,19.));
#14593=CARTESIAN_POINT('Ctrl Pts',(-16.7008773709933,2.95468958133148,19.));
#14594=CARTESIAN_POINT('Ctrl Pts',(-16.4898651985225,3.02308333011649,19.));
#14595=CARTESIAN_POINT('Ctrl Pts',(-16.0112177864062,3.17822362594657,19.));
#14596=CARTESIAN_POINT('Ctrl Pts',(-15.5072350133107,3.18579185312548,19.));
#14597=CARTESIAN_POINT('Ctrl Pts',(-15.2254335309664,3.19002362006592,19.));
#14598=CARTESIAN_POINT('',(-16.7008773709933,2.95468958133148,19.));
#14599=CARTESIAN_POINT('Ctrl Pts',(-17.5071523811022,2.3080316376059,19.));
#14600=CARTESIAN_POINT('Ctrl Pts',(-17.5071523811022,2.3080316376059,18.8));
#14601=CARTESIAN_POINT('Ctrl Pts',(-17.4026062595153,2.43947290999195,19.));
#14602=CARTESIAN_POINT('Ctrl Pts',(-17.4026062595153,2.43947290999195,18.8));
#14603=CARTESIAN_POINT('Ctrl Pts',(-17.1830581598404,2.71550114645972,19.));
#14604=CARTESIAN_POINT('Ctrl Pts',(-17.1830581598404,2.71550114645972,18.8));
#14605=CARTESIAN_POINT('Ctrl Pts',(-16.8666275776117,2.8724682788289,19.));
#14606=CARTESIAN_POINT('Ctrl Pts',(-16.8666275776117,2.8724682788289,18.8));
#14607=CARTESIAN_POINT('Ctrl Pts',(-16.7008773709933,2.95468958133148,19.));
#14608=CARTESIAN_POINT('Ctrl Pts',(-16.7008773709933,2.95468958133148,18.8));
#14609=CARTESIAN_POINT('',(-17.5071523811022,2.3080316376059,19.));
#14610=CARTESIAN_POINT('Ctrl Pts',(-17.5071523811022,2.3080316376059,19.));
#14611=CARTESIAN_POINT('Ctrl Pts',(-17.4026062595153,2.43947290999195,19.));
#14612=CARTESIAN_POINT('Ctrl Pts',(-17.1830581598404,2.71550114645972,19.));
#14613=CARTESIAN_POINT('Ctrl Pts',(-16.8666275776117,2.8724682788289,19.));
#14614=CARTESIAN_POINT('Ctrl Pts',(-16.7008773709933,2.95468958133148,19.));
#14615=CARTESIAN_POINT('',(-17.5071523811022,2.3080316376059,19.));
#14616=CARTESIAN_POINT('Ctrl Pts',(-17.7752290393511,1.43422575705933,19.));
#14617=CARTESIAN_POINT('Ctrl Pts',(-17.7752290393511,1.43422575705933,18.8));
#14618=CARTESIAN_POINT('Ctrl Pts',(-17.7633650576906,1.58731025207525,19.));
#14619=CARTESIAN_POINT('Ctrl Pts',(-17.7633650576906,1.58731025207525,18.8));
#14620=CARTESIAN_POINT('Ctrl Pts',(-17.7392535813881,1.8984278245294,19.));
#14621=CARTESIAN_POINT('Ctrl Pts',(-17.7392535813881,1.8984278245294,18.8));
#14622=CARTESIAN_POINT('Ctrl Pts',(-17.5853355126117,2.17005687166289,19.));
#14623=CARTESIAN_POINT('Ctrl Pts',(-17.5853355126117,2.17005687166289,18.8));
#14624=CARTESIAN_POINT('Ctrl Pts',(-17.5071523811022,2.3080316376059,19.));
#14625=CARTESIAN_POINT('Ctrl Pts',(-17.5071523811022,2.3080316376059,18.8));
#14626=CARTESIAN_POINT('',(-17.7752290393511,1.43422575705933,19.));
#14627=CARTESIAN_POINT('Ctrl Pts',(-17.7752290393511,1.43422575705933,19.));
#14628=CARTESIAN_POINT('Ctrl Pts',(-17.7633650576906,1.58731025207525,19.));
#14629=CARTESIAN_POINT('Ctrl Pts',(-17.7392535813881,1.8984278245294,19.));
#14630=CARTESIAN_POINT('Ctrl Pts',(-17.5853355126117,2.17005687166289,19.));
#14631=CARTESIAN_POINT('Ctrl Pts',(-17.5071523811022,2.3080316376059,19.));
#14632=CARTESIAN_POINT('',(-17.7752290393511,1.43422575705933,19.));
#14633=CARTESIAN_POINT('Ctrl Pts',(-17.2513542796771,0.27597220652985,19.));
#14634=CARTESIAN_POINT('Ctrl Pts',(-17.2513542796771,0.27597220652985,18.8));
#14635=CARTESIAN_POINT('Ctrl Pts',(-17.4041502695948,0.438311144673927,
19.));
#14636=CARTESIAN_POINT('Ctrl Pts',(-17.4041502695948,0.438311144673927,
18.8));
#14637=CARTESIAN_POINT('Ctrl Pts',(-17.7110712251342,0.764400998493091,
19.));
#14638=CARTESIAN_POINT('Ctrl Pts',(-17.7110712251342,0.764400998493091,
18.8));
#14639=CARTESIAN_POINT('Ctrl Pts',(-17.7537814558097,1.210307242334,19.));
#14640=CARTESIAN_POINT('Ctrl Pts',(-17.7537814558097,1.210307242334,18.8));
#14641=CARTESIAN_POINT('Ctrl Pts',(-17.7752290393511,1.43422575705933,19.));
#14642=CARTESIAN_POINT('Ctrl Pts',(-17.7752290393511,1.43422575705933,18.8));
#14643=CARTESIAN_POINT('',(-17.2513542796771,0.27597220652985,19.));
#14644=CARTESIAN_POINT('Ctrl Pts',(-17.2513542796771,0.27597220652985,19.));
#14645=CARTESIAN_POINT('Ctrl Pts',(-17.4041502695948,0.438311144673927,
19.));
#14646=CARTESIAN_POINT('Ctrl Pts',(-17.7110712251342,0.764400998493091,
19.));
#14647=CARTESIAN_POINT('Ctrl Pts',(-17.7537814558097,1.210307242334,19.));
#14648=CARTESIAN_POINT('Ctrl Pts',(-17.7752290393511,1.43422575705933,19.));
#14649=CARTESIAN_POINT('',(-17.2513542796771,0.27597220652985,19.));
#14650=CARTESIAN_POINT('Ctrl Pts',(-15.5119274284045,-0.452541391912228,
19.));
#14651=CARTESIAN_POINT('Ctrl Pts',(-15.5119274284045,-0.452541391912228,
18.8));
#14652=CARTESIAN_POINT('Ctrl Pts',(-15.8700769141297,-0.36868391688032,
19.));
#14653=CARTESIAN_POINT('Ctrl Pts',(-15.8700769141297,-0.36868391688032,
18.8));
#14654=CARTESIAN_POINT('Ctrl Pts',(-16.4925969055884,-0.22292647000057,
19.));
#14655=CARTESIAN_POINT('Ctrl Pts',(-16.4925969055884,-0.22292647000057,
18.8));
#14656=CARTESIAN_POINT('Ctrl Pts',(-17.0251785890457,0.127257009059972,
19.));
#14657=CARTESIAN_POINT('Ctrl Pts',(-17.0251785890457,0.127257009059972,
18.8));
#14658=CARTESIAN_POINT('Ctrl Pts',(-17.2513542796771,0.27597220652985,19.));
#14659=CARTESIAN_POINT('Ctrl Pts',(-17.2513542796771,0.27597220652985,18.8));
#14660=CARTESIAN_POINT('',(-15.5119274284045,-0.452541391912228,19.));
#14661=CARTESIAN_POINT('Ctrl Pts',(-15.5119274284045,-0.452541391912228,
19.));
#14662=CARTESIAN_POINT('Ctrl Pts',(-15.8700769141297,-0.36868391688032,
19.));
#14663=CARTESIAN_POINT('Ctrl Pts',(-16.4925969055884,-0.22292647000057,
19.));
#14664=CARTESIAN_POINT('Ctrl Pts',(-17.0251785890457,0.127257009059972,
19.));
#14665=CARTESIAN_POINT('Ctrl Pts',(-17.2513542796771,0.27597220652985,19.));
#14666=CARTESIAN_POINT('',(-15.5119274284045,-0.452541391912228,19.));
#14667=CARTESIAN_POINT('Ctrl Pts',(-14.5624045755068,-0.800426881376034,
19.));
#14668=CARTESIAN_POINT('Ctrl Pts',(-14.5624045755068,-0.800426881376034,
18.8));
#14669=CARTESIAN_POINT('Ctrl Pts',(-14.6737254701589,-0.735918760649289,
19.));
#14670=CARTESIAN_POINT('Ctrl Pts',(-14.6737254701589,-0.735918760649289,
18.8));
#14671=CARTESIAN_POINT('Ctrl Pts',(-14.9684812341171,-0.565113985267678,
19.));
#14672=CARTESIAN_POINT('Ctrl Pts',(-14.9684812341171,-0.565113985267678,
18.8));
#14673=CARTESIAN_POINT('Ctrl Pts',(-15.3034603972886,-0.495724460573879,
19.));
#14674=CARTESIAN_POINT('Ctrl Pts',(-15.3034603972886,-0.495724460573879,
18.8));
#14675=CARTESIAN_POINT('Ctrl Pts',(-15.5119274284045,-0.452541391912228,
19.));
#14676=CARTESIAN_POINT('Ctrl Pts',(-15.5119274284045,-0.452541391912228,
18.8));
#14677=CARTESIAN_POINT('',(-14.5624045755068,-0.800426881376034,19.));
#14678=CARTESIAN_POINT('Ctrl Pts',(-14.5624045755068,-0.800426881376034,
19.));
#14679=CARTESIAN_POINT('Ctrl Pts',(-14.6737254701589,-0.735918760649289,
19.));
#14680=CARTESIAN_POINT('Ctrl Pts',(-14.9684812341171,-0.565113985267678,
19.));
#14681=CARTESIAN_POINT('Ctrl Pts',(-15.3034603972886,-0.495724460573879,
19.));
#14682=CARTESIAN_POINT('Ctrl Pts',(-15.5119274284045,-0.452541391912228,
19.));
#14683=CARTESIAN_POINT('',(-14.5624045755068,-0.800426881376034,19.));
#14684=CARTESIAN_POINT('Ctrl Pts',(-14.3577663327853,-1.2178894687326,19.));
#14685=CARTESIAN_POINT('Ctrl Pts',(-14.3577663327853,-1.2178894687326,18.8));
#14686=CARTESIAN_POINT('Ctrl Pts',(-14.3677922144251,-1.14086540625106,
19.));
#14687=CARTESIAN_POINT('Ctrl Pts',(-14.3677922144251,-1.14086540625106,
18.8));
#14688=CARTESIAN_POINT('Ctrl Pts',(-14.3888359338833,-0.979196555508207,
19.));
#14689=CARTESIAN_POINT('Ctrl Pts',(-14.3888359338833,-0.979196555508207,
18.8));
#14690=CARTESIAN_POINT('Ctrl Pts',(-14.5027583416303,-0.861860431201529,
19.));
#14691=CARTESIAN_POINT('Ctrl Pts',(-14.5027583416303,-0.861860431201529,
18.8));
#14692=CARTESIAN_POINT('Ctrl Pts',(-14.5624045755068,-0.800426881376034,
19.));
#14693=CARTESIAN_POINT('Ctrl Pts',(-14.5624045755068,-0.800426881376034,
18.8));
#14694=CARTESIAN_POINT('',(-14.3577663327853,-1.2178894687326,19.));
#14695=CARTESIAN_POINT('Ctrl Pts',(-14.3577663327853,-1.2178894687326,19.));
#14696=CARTESIAN_POINT('Ctrl Pts',(-14.3677922144251,-1.14086540625106,
19.));
#14697=CARTESIAN_POINT('Ctrl Pts',(-14.3888359338833,-0.979196555508207,
19.));
#14698=CARTESIAN_POINT('Ctrl Pts',(-14.5027583416303,-0.861860431201529,
19.));
#14699=CARTESIAN_POINT('Ctrl Pts',(-14.5624045755068,-0.800426881376034,
19.));
#14700=CARTESIAN_POINT('',(-14.3577663327853,-1.2178894687326,19.));
#14701=CARTESIAN_POINT('Ctrl Pts',(-14.5726369048754,-1.64967624432159,
19.));
#14702=CARTESIAN_POINT('Ctrl Pts',(-14.5726369048754,-1.64967624432159,
18.8));
#14703=CARTESIAN_POINT('Ctrl Pts',(-14.5099992113215,-1.58699033320049,
19.));
#14704=CARTESIAN_POINT('Ctrl Pts',(-14.5099992113215,-1.58699033320049,
18.8));
#14705=CARTESIAN_POINT('Ctrl Pts',(-14.3897730178684,-1.46667159140751,
19.));
#14706=CARTESIAN_POINT('Ctrl Pts',(-14.3897730178684,-1.46667159140751,
18.8));
#14707=CARTESIAN_POINT('Ctrl Pts',(-14.3681322758124,-1.298462052339,19.));
#14708=CARTESIAN_POINT('Ctrl Pts',(-14.3681322758124,-1.298462052339,18.8));
#14709=CARTESIAN_POINT('Ctrl Pts',(-14.3577663327853,-1.2178894687326,19.));
#14710=CARTESIAN_POINT('Ctrl Pts',(-14.3577663327853,-1.2178894687326,18.8));
#14711=CARTESIAN_POINT('',(-14.5726369048754,-1.64967624432159,19.));
#14712=CARTESIAN_POINT('Ctrl Pts',(-14.5726369048754,-1.64967624432159,
19.));
#14713=CARTESIAN_POINT('Ctrl Pts',(-14.5099992113215,-1.58699033320049,
19.));
#14714=CARTESIAN_POINT('Ctrl Pts',(-14.3897730178684,-1.46667159140751,
19.));
#14715=CARTESIAN_POINT('Ctrl Pts',(-14.3681322758124,-1.298462052339,19.));
#14716=CARTESIAN_POINT('Ctrl Pts',(-14.3577663327853,-1.2178894687326,19.));
#14717=CARTESIAN_POINT('',(-14.5726369048754,-1.64967624432159,19.));
#14718=CARTESIAN_POINT('Ctrl Pts',(-15.1845060016314,-1.835897247854,19.));
#14719=CARTESIAN_POINT('Ctrl Pts',(-15.1845060016314,-1.835897247854,18.8));
#14720=CARTESIAN_POINT('Ctrl Pts',(-15.0638023960414,-1.83137959134701,
19.));
#14721=CARTESIAN_POINT('Ctrl Pts',(-15.0638023960414,-1.83137959134701,
18.8));
#14722=CARTESIAN_POINT('Ctrl Pts',(-14.8424969005842,-1.82309663901351,
19.));
#14723=CARTESIAN_POINT('Ctrl Pts',(-14.8424969005842,-1.82309663901351,
18.8));
#14724=CARTESIAN_POINT('Ctrl Pts',(-14.6569730425521,-1.70387325949706,
19.));
#14725=CARTESIAN_POINT('Ctrl Pts',(-14.6569730425521,-1.70387325949706,
18.8));
#14726=CARTESIAN_POINT('Ctrl Pts',(-14.5726369048754,-1.64967624432159,
19.));
#14727=CARTESIAN_POINT('Ctrl Pts',(-14.5726369048754,-1.64967624432159,
18.8));
#14728=CARTESIAN_POINT('',(-15.1845060016314,-1.835897247854,19.));
#14729=CARTESIAN_POINT('Ctrl Pts',(-15.1845060016314,-1.835897247854,19.));
#14730=CARTESIAN_POINT('Ctrl Pts',(-15.0638023960414,-1.83137959134701,
19.));
#14731=CARTESIAN_POINT('Ctrl Pts',(-14.8424969005842,-1.82309663901351,
19.));
#14732=CARTESIAN_POINT('Ctrl Pts',(-14.6569730425521,-1.70387325949706,
19.));
#14733=CARTESIAN_POINT('Ctrl Pts',(-14.5726369048754,-1.64967624432159,
19.));
#14734=CARTESIAN_POINT('',(-15.1845060016314,-1.835897247854,19.));
#14735=CARTESIAN_POINT('Ctrl Pts',(-16.0030595685641,-1.47164074665619,
19.));
#14736=CARTESIAN_POINT('Ctrl Pts',(-16.0030595685641,-1.47164074665619,
18.8));
#14737=CARTESIAN_POINT('Ctrl Pts',(-15.8940078872726,-1.57783482077513,
19.));
#14738=CARTESIAN_POINT('Ctrl Pts',(-15.8940078872726,-1.57783482077513,
18.8));
#14739=CARTESIAN_POINT('Ctrl Pts',(-15.6667665601462,-1.79912148091601,
19.));
#14740=CARTESIAN_POINT('Ctrl Pts',(-15.6667665601462,-1.79912148091601,
18.8));
#14741=CARTESIAN_POINT('Ctrl Pts',(-15.3495120638336,-1.82331437251875,
19.));
#14742=CARTESIAN_POINT('Ctrl Pts',(-15.3495120638336,-1.82331437251875,
18.8));
#14743=CARTESIAN_POINT('Ctrl Pts',(-15.1845060016314,-1.835897247854,19.));
#14744=CARTESIAN_POINT('Ctrl Pts',(-15.1845060016314,-1.835897247854,18.8));
#14745=CARTESIAN_POINT('',(-16.0030595685641,-1.47164074665619,19.));
#14746=CARTESIAN_POINT('Ctrl Pts',(-16.0030595685641,-1.47164074665619,
19.));
#14747=CARTESIAN_POINT('Ctrl Pts',(-15.8940078872726,-1.57783482077513,
19.));
#14748=CARTESIAN_POINT('Ctrl Pts',(-15.6667665601462,-1.79912148091601,
19.));
#14749=CARTESIAN_POINT('Ctrl Pts',(-15.3495120638336,-1.82331437251875,
19.));
#14750=CARTESIAN_POINT('Ctrl Pts',(-15.1845060016314,-1.835897247854,19.));
#14751=CARTESIAN_POINT('',(-16.0030595685641,-1.47164074665619,19.));
#14752=CARTESIAN_POINT('Ctrl Pts',(-16.2363473798434,-0.816797893110043,
19.));
#14753=CARTESIAN_POINT('Ctrl Pts',(-16.2363473798434,-0.816797893110043,
18.8));
#14754=CARTESIAN_POINT('Ctrl Pts',(-16.216114523328,-0.946252519510894,
19.));
#14755=CARTESIAN_POINT('Ctrl Pts',(-16.216114523328,-0.946252519510894,
18.8));
#14756=CARTESIAN_POINT('Ctrl Pts',(-16.1795983970904,-1.17989137698433,
19.));
#14757=CARTESIAN_POINT('Ctrl Pts',(-16.1795983970904,-1.17989137698433,
18.8));
#14758=CARTESIAN_POINT('Ctrl Pts',(-16.05750392932,-1.38166559464394,19.));
#14759=CARTESIAN_POINT('Ctrl Pts',(-16.05750392932,-1.38166559464394,18.8));
#14760=CARTESIAN_POINT('Ctrl Pts',(-16.0030595685641,-1.47164074665619,
19.));
#14761=CARTESIAN_POINT('Ctrl Pts',(-16.0030595685641,-1.47164074665619,
18.8));
#14762=CARTESIAN_POINT('',(-16.2363473798434,-0.816797893110043,19.));
#14763=CARTESIAN_POINT('Ctrl Pts',(-16.2363473798434,-0.816797893110043,
19.));
#14764=CARTESIAN_POINT('Ctrl Pts',(-16.216114523328,-0.946252519510894,
19.));
#14765=CARTESIAN_POINT('Ctrl Pts',(-16.1795983970904,-1.17989137698433,
19.));
#14766=CARTESIAN_POINT('Ctrl Pts',(-16.05750392932,-1.38166559464394,19.));
#14767=CARTESIAN_POINT('Ctrl Pts',(-16.0030595685641,-1.47164074665619,
19.));
#14768=CARTESIAN_POINT('',(-16.2363473798434,-0.816797893110043,19.));
#14769=CARTESIAN_POINT('Origin',(-18.0003313447634,-0.927302520337826,19.));
#14770=CARTESIAN_POINT('',(-18.0003313447634,-0.927302520337826,19.));
#14771=CARTESIAN_POINT('',(-9.00641586958989,-0.363879441292267,19.));
#14772=CARTESIAN_POINT('',(-18.0003313447634,-0.927302520337826,19.));
#14773=CARTESIAN_POINT('Ctrl Pts',(-17.3332099343936,-2.42525605446411,
19.));
#14774=CARTESIAN_POINT('Ctrl Pts',(-17.3332099343936,-2.42525605446411,
18.8));
#14775=CARTESIAN_POINT('Ctrl Pts',(-17.5086250827976,-2.21193414401661,
19.));
#14776=CARTESIAN_POINT('Ctrl Pts',(-17.5086250827976,-2.21193414401661,
18.8));
#14777=CARTESIAN_POINT('Ctrl Pts',(-17.8683180830634,-1.77451241225968,
19.));
#14778=CARTESIAN_POINT('Ctrl Pts',(-17.8683180830634,-1.77451241225968,
18.8));
#14779=CARTESIAN_POINT('Ctrl Pts',(-17.9556099774545,-1.21430690365869,
19.));
#14780=CARTESIAN_POINT('Ctrl Pts',(-17.9556099774545,-1.21430690365869,
18.8));
#14781=CARTESIAN_POINT('Ctrl Pts',(-18.0003313447634,-0.927302520337826,
19.));
#14782=CARTESIAN_POINT('Ctrl Pts',(-18.0003313447634,-0.927302520337826,
18.8));
#14783=CARTESIAN_POINT('',(-17.3332099343936,-2.42525605446411,19.));
#14784=CARTESIAN_POINT('Ctrl Pts',(-17.3332099343936,-2.42525605446411,
19.));
#14785=CARTESIAN_POINT('Ctrl Pts',(-17.5086250827976,-2.21193414401661,
19.));
#14786=CARTESIAN_POINT('Ctrl Pts',(-17.8683180830634,-1.77451241225968,
19.));
#14787=CARTESIAN_POINT('Ctrl Pts',(-17.9556099774545,-1.21430690365869,
19.));
#14788=CARTESIAN_POINT('Ctrl Pts',(-18.0003313447634,-0.927302520337826,
19.));
#14789=CARTESIAN_POINT('',(-17.3332099343936,-2.42525605446411,19.));
#14790=CARTESIAN_POINT('Ctrl Pts',(-15.2131549741427,-3.01461486107422,
19.));
#14791=CARTESIAN_POINT('Ctrl Pts',(-15.2131549741427,-3.01461486107422,
18.8));
#14792=CARTESIAN_POINT('Ctrl Pts',(-15.6591365471672,-3.01096337641495,
19.));
#14793=CARTESIAN_POINT('Ctrl Pts',(-15.6591365471672,-3.01096337641495,
18.8));
#14794=CARTESIAN_POINT('Ctrl Pts',(-16.4252011637732,-3.00469120427883,
19.));
#14795=CARTESIAN_POINT('Ctrl Pts',(-16.4252011637732,-3.00469120427883,
18.8));
#14796=CARTESIAN_POINT('Ctrl Pts',(-17.065623655334,-2.59601310077468,19.));
#14797=CARTESIAN_POINT('Ctrl Pts',(-17.065623655334,-2.59601310077468,18.8));
#14798=CARTESIAN_POINT('Ctrl Pts',(-17.3332099343936,-2.42525605446411,
19.));
#14799=CARTESIAN_POINT('Ctrl Pts',(-17.3332099343936,-2.42525605446411,
18.8));
#14800=CARTESIAN_POINT('Ctrl Pts',(-15.2131549741427,-3.01461486107422,
19.));
#14801=CARTESIAN_POINT('Ctrl Pts',(-15.6591365471672,-3.01096337641495,
19.));
#14802=CARTESIAN_POINT('Ctrl Pts',(-16.4252011637732,-3.00469120427883,
19.));
#14803=CARTESIAN_POINT('Ctrl Pts',(-17.065623655334,-2.59601310077468,19.));
#14804=CARTESIAN_POINT('Ctrl Pts',(-17.3332099343936,-2.42525605446411,
19.));
#14805=CARTESIAN_POINT('Ctrl Pts',(-3.04535073296229,1.99084254020142,19.));
#14806=CARTESIAN_POINT('Ctrl Pts',(-3.04535073296229,1.99084254020142,18.8));
#14807=CARTESIAN_POINT('Ctrl Pts',(-3.10759490681963,2.03854591064622,19.));
#14808=CARTESIAN_POINT('Ctrl Pts',(-3.10759490681963,2.03854591064622,18.8));
#14809=CARTESIAN_POINT('Ctrl Pts',(-3.23996586778762,2.13999381485749,19.));
#14810=CARTESIAN_POINT('Ctrl Pts',(-3.23996586778762,2.13999381485749,18.8));
#14811=CARTESIAN_POINT('Ctrl Pts',(-3.40704319418174,2.14951118931816,19.));
#14812=CARTESIAN_POINT('Ctrl Pts',(-3.40704319418174,2.14951118931816,18.8));
#14813=CARTESIAN_POINT('Ctrl Pts',(-3.49555653587977,2.15455325358796,19.));
#14814=CARTESIAN_POINT('Ctrl Pts',(-3.49555653587977,2.15455325358796,18.8));
#14815=CARTESIAN_POINT('',(-3.04535073296229,1.99084254020142,19.));
#14816=CARTESIAN_POINT('',(-3.49555653587977,2.15455325358796,19.));
#14817=CARTESIAN_POINT('Ctrl Pts',(-3.04535073296229,1.99084254020142,19.));
#14818=CARTESIAN_POINT('Ctrl Pts',(-3.10759490681963,2.03854591064622,19.));
#14819=CARTESIAN_POINT('Ctrl Pts',(-3.23996586778762,2.13999381485749,19.));
#14820=CARTESIAN_POINT('Ctrl Pts',(-3.40704319418174,2.14951118931816,19.));
#14821=CARTESIAN_POINT('Ctrl Pts',(-3.49555653587977,2.15455325358796,19.));
#14822=CARTESIAN_POINT('',(-3.04535073296229,1.99084254020142,19.));
#14823=CARTESIAN_POINT('',(-3.49555653587977,2.15455325358796,19.));
#14824=CARTESIAN_POINT('Ctrl Pts',(-2.8816406156222,1.55291589015412,19.));
#14825=CARTESIAN_POINT('Ctrl Pts',(-2.8816406156222,1.55291589015412,18.8));
#14826=CARTESIAN_POINT('Ctrl Pts',(-2.88707210400234,1.63827356349674,19.));
#14827=CARTESIAN_POINT('Ctrl Pts',(-2.88707210400234,1.63827356349674,18.8));
#14828=CARTESIAN_POINT('Ctrl Pts',(-2.89744359763247,1.80126508688716,19.));
#14829=CARTESIAN_POINT('Ctrl Pts',(-2.89744359763247,1.80126508688716,18.8));
#14830=CARTESIAN_POINT('Ctrl Pts',(-2.99763090939953,1.92967846854619,19.));
#14831=CARTESIAN_POINT('Ctrl Pts',(-2.99763090939953,1.92967846854619,18.8));
#14832=CARTESIAN_POINT('Ctrl Pts',(-3.04535073296229,1.99084254020142,19.));
#14833=CARTESIAN_POINT('Ctrl Pts',(-3.04535073296229,1.99084254020142,18.8));
#14834=CARTESIAN_POINT('',(-2.8816406156222,1.55291589015412,19.));
#14835=CARTESIAN_POINT('Ctrl Pts',(-2.8816406156222,1.55291589015412,19.));
#14836=CARTESIAN_POINT('Ctrl Pts',(-2.88707210400234,1.63827356349674,19.));
#14837=CARTESIAN_POINT('Ctrl Pts',(-2.89744359763247,1.80126508688716,19.));
#14838=CARTESIAN_POINT('Ctrl Pts',(-2.99763090939953,1.92967846854619,19.));
#14839=CARTESIAN_POINT('Ctrl Pts',(-3.04535073296229,1.99084254020142,19.));
#14840=CARTESIAN_POINT('',(-2.8816406156222,1.55291589015412,19.));
#14841=CARTESIAN_POINT('Ctrl Pts',(-3.10060423866907,1.05769069903779,19.));
#14842=CARTESIAN_POINT('Ctrl Pts',(-3.10060423866907,1.05769069903779,18.8));
#14843=CARTESIAN_POINT('Ctrl Pts',(-3.03674423551582,1.12975185339072,19.));
#14844=CARTESIAN_POINT('Ctrl Pts',(-3.03674423551582,1.12975185339072,18.8));
#14845=CARTESIAN_POINT('Ctrl Pts',(-2.91095951264552,1.27169034199751,19.));
#14846=CARTESIAN_POINT('Ctrl Pts',(-2.91095951264552,1.27169034199751,18.8));
#14847=CARTESIAN_POINT('Ctrl Pts',(-2.89131282206827,1.46014051877786,19.));
#14848=CARTESIAN_POINT('Ctrl Pts',(-2.89131282206827,1.46014051877786,18.8));
#14849=CARTESIAN_POINT('Ctrl Pts',(-2.8816406156222,1.55291589015412,19.));
#14850=CARTESIAN_POINT('Ctrl Pts',(-2.8816406156222,1.55291589015412,18.8));
#14851=CARTESIAN_POINT('',(-3.10060423866907,1.05769069903779,19.));
#14852=CARTESIAN_POINT('Ctrl Pts',(-3.10060423866907,1.05769069903779,19.));
#14853=CARTESIAN_POINT('Ctrl Pts',(-3.03674423551582,1.12975185339072,19.));
#14854=CARTESIAN_POINT('Ctrl Pts',(-2.91095951264552,1.27169034199751,19.));
#14855=CARTESIAN_POINT('Ctrl Pts',(-2.89131282206827,1.46014051877786,19.));
#14856=CARTESIAN_POINT('Ctrl Pts',(-2.8816406156222,1.55291589015412,19.));
#14857=CARTESIAN_POINT('',(-3.10060423866907,1.05769069903779,19.));
#14858=CARTESIAN_POINT('Ctrl Pts',(-3.64698809639612,0.84896000140595,19.));
#14859=CARTESIAN_POINT('Ctrl Pts',(-3.64698809639612,0.84896000140595,18.8));
#14860=CARTESIAN_POINT('Ctrl Pts',(-3.54321212847531,0.85686388362099,19.));
#14861=CARTESIAN_POINT('Ctrl Pts',(-3.54321212847531,0.85686388362099,18.8));
#14862=CARTESIAN_POINT('Ctrl Pts',(-3.34013905468131,0.872330524775701,
19.));
#14863=CARTESIAN_POINT('Ctrl Pts',(-3.34013905468131,0.872330524775701,
18.8));
#14864=CARTESIAN_POINT('Ctrl Pts',(-3.17926647319254,0.996819190912767,
19.));
#14865=CARTESIAN_POINT('Ctrl Pts',(-3.17926647319254,0.996819190912767,
18.8));
#14866=CARTESIAN_POINT('Ctrl Pts',(-3.10060423866907,1.05769069903779,19.));
#14867=CARTESIAN_POINT('Ctrl Pts',(-3.10060423866907,1.05769069903779,18.8));
#14868=CARTESIAN_POINT('',(-3.64698809639612,0.84896000140595,19.));
#14869=CARTESIAN_POINT('Ctrl Pts',(-3.64698809639612,0.84896000140595,19.));
#14870=CARTESIAN_POINT('Ctrl Pts',(-3.54321212847531,0.85686388362099,19.));
#14871=CARTESIAN_POINT('Ctrl Pts',(-3.34013905468131,0.872330524775701,
19.));
#14872=CARTESIAN_POINT('Ctrl Pts',(-3.17926647319254,0.996819190912767,
19.));
#14873=CARTESIAN_POINT('Ctrl Pts',(-3.10060423866907,1.05769069903779,19.));
#14874=CARTESIAN_POINT('',(-3.64698809639612,0.84896000140595,19.));
#14875=CARTESIAN_POINT('Ctrl Pts',(-3.86390608803431,0.869423468050237,
19.));
#14876=CARTESIAN_POINT('Ctrl Pts',(-3.86390608803431,0.869423468050237,
18.8));
#14877=CARTESIAN_POINT('Ctrl Pts',(-3.82270988530491,0.863496576189009,
19.));
#14878=CARTESIAN_POINT('Ctrl Pts',(-3.82270988530491,0.863496576189009,
18.8));
#14879=CARTESIAN_POINT('Ctrl Pts',(-3.75071982817354,0.853139376849452,
19.));
#14880=CARTESIAN_POINT('Ctrl Pts',(-3.75071982817354,0.853139376849452,
18.8));
#14881=CARTESIAN_POINT('Ctrl Pts',(-3.67806591584826,0.850212133933098,
19.));
#14882=CARTESIAN_POINT('Ctrl Pts',(-3.67806591584826,0.850212133933098,
18.8));
#14883=CARTESIAN_POINT('Ctrl Pts',(-3.64698809639612,0.84896000140595,19.));
#14884=CARTESIAN_POINT('Ctrl Pts',(-3.64698809639612,0.84896000140595,18.8));
#14885=CARTESIAN_POINT('',(-3.86390608803431,0.869423468050237,19.));
#14886=CARTESIAN_POINT('Ctrl Pts',(-3.86390608803431,0.869423468050237,
19.));
#14887=CARTESIAN_POINT('Ctrl Pts',(-3.82270988530491,0.863496576189009,
19.));
#14888=CARTESIAN_POINT('Ctrl Pts',(-3.75071982817354,0.853139376849452,
19.));
#14889=CARTESIAN_POINT('Ctrl Pts',(-3.67806591584826,0.850212133933098,
19.));
#14890=CARTESIAN_POINT('Ctrl Pts',(-3.64698809639612,0.84896000140595,19.));
#14891=CARTESIAN_POINT('',(-3.86390608803431,0.869423468050237,19.));
#14892=CARTESIAN_POINT('Origin',(-3.94985360161463,-0.321572701993709,19.));
#14893=CARTESIAN_POINT('',(-3.94985360161463,-0.321572701993709,19.));
#14894=CARTESIAN_POINT('',(-3.92807912237432,-0.0198383027120942,19.));
#14895=CARTESIAN_POINT('',(-3.94985360161463,-0.321572701993709,19.));
#14896=CARTESIAN_POINT('Ctrl Pts',(-3.40960902229944,-0.223346035543208,
19.));
#14897=CARTESIAN_POINT('Ctrl Pts',(-3.40960902229944,-0.223346035543208,
18.8));
#14898=CARTESIAN_POINT('Ctrl Pts',(-3.48774027697961,-0.22938665873856,
19.));
#14899=CARTESIAN_POINT('Ctrl Pts',(-3.48774027697961,-0.22938665873856,
18.8));
#14900=CARTESIAN_POINT('Ctrl Pts',(-3.67101396890556,-0.243556241949243,
19.));
#14901=CARTESIAN_POINT('Ctrl Pts',(-3.67101396890556,-0.243556241949243,
18.8));
#14902=CARTESIAN_POINT('Ctrl Pts',(-3.8482022873558,-0.293131710229761,
19.));
#14903=CARTESIAN_POINT('Ctrl Pts',(-3.8482022873558,-0.293131710229761,
18.8));
#14904=CARTESIAN_POINT('Ctrl Pts',(-3.94985360161463,-0.321572701993709,
19.));
#14905=CARTESIAN_POINT('Ctrl Pts',(-3.94985360161463,-0.321572701993709,
18.8));
#14906=CARTESIAN_POINT('',(-3.40960902229944,-0.223346035543208,19.));
#14907=CARTESIAN_POINT('Ctrl Pts',(-3.40960902229944,-0.223346035543208,
19.));
#14908=CARTESIAN_POINT('Ctrl Pts',(-3.48774027697961,-0.22938665873856,
19.));
#14909=CARTESIAN_POINT('Ctrl Pts',(-3.67101396890556,-0.243556241949243,
19.));
#14910=CARTESIAN_POINT('Ctrl Pts',(-3.8482022873558,-0.293131710229761,
19.));
#14911=CARTESIAN_POINT('Ctrl Pts',(-3.94985360161463,-0.321572701993709,
19.));
#14912=CARTESIAN_POINT('',(-3.40960902229944,-0.223346035543208,19.));
#14913=CARTESIAN_POINT('Ctrl Pts',(-2.8263894941012,-0.452541391912227,
19.));
#14914=CARTESIAN_POINT('Ctrl Pts',(-2.8263894941012,-0.452541391912227,
18.8));
#14915=CARTESIAN_POINT('Ctrl Pts',(-2.90695710565977,-0.385729625319241,
19.));
#14916=CARTESIAN_POINT('Ctrl Pts',(-2.90695710565977,-0.385729625319241,
18.8));
#14917=CARTESIAN_POINT('Ctrl Pts',(-3.0756864639485,-0.245808554242468,
19.));
#14918=CARTESIAN_POINT('Ctrl Pts',(-3.0756864639485,-0.245808554242468,
18.8));
#14919=CARTESIAN_POINT('Ctrl Pts',(-3.29501106448125,-0.231054885113302,
19.));
#14920=CARTESIAN_POINT('Ctrl Pts',(-3.29501106448125,-0.231054885113302,
18.8));
#14921=CARTESIAN_POINT('Ctrl Pts',(-3.40960902229944,-0.223346035543208,
19.));
#14922=CARTESIAN_POINT('Ctrl Pts',(-3.40960902229944,-0.223346035543208,
18.8));
#14923=CARTESIAN_POINT('',(-2.8263894941012,-0.452541391912227,19.));
#14924=CARTESIAN_POINT('Ctrl Pts',(-2.8263894941012,-0.452541391912227,
19.));
#14925=CARTESIAN_POINT('Ctrl Pts',(-2.90695710565977,-0.385729625319241,
19.));
#14926=CARTESIAN_POINT('Ctrl Pts',(-3.0756864639485,-0.245808554242468,
19.));
#14927=CARTESIAN_POINT('Ctrl Pts',(-3.29501106448125,-0.231054885113302,
19.));
#14928=CARTESIAN_POINT('Ctrl Pts',(-3.40960902229944,-0.223346035543208,
19.));
#14929=CARTESIAN_POINT('',(-2.8263894941012,-0.452541391912227,19.));
#14930=CARTESIAN_POINT('Ctrl Pts',(-2.61151713387171,-1.09919873959136,
19.));
#14931=CARTESIAN_POINT('Ctrl Pts',(-2.61151713387171,-1.09919873959136,
18.8));
#14932=CARTESIAN_POINT('Ctrl Pts',(-2.61730268044514,-0.97149978411796,
19.));
#14933=CARTESIAN_POINT('Ctrl Pts',(-2.61730268044514,-0.97149978411796,
18.8));
#14934=CARTESIAN_POINT('Ctrl Pts',(-2.62803221527749,-0.734676802327356,
19.));
#14935=CARTESIAN_POINT('Ctrl Pts',(-2.62803221527749,-0.734676802327356,
18.8));
#14936=CARTESIAN_POINT('Ctrl Pts',(-2.76382053293875,-0.541536964151893,
19.));
#14937=CARTESIAN_POINT('Ctrl Pts',(-2.76382053293875,-0.541536964151893,
18.8));
#14938=CARTESIAN_POINT('Ctrl Pts',(-2.8263894941012,-0.452541391912227,
19.));
#14939=CARTESIAN_POINT('Ctrl Pts',(-2.8263894941012,-0.452541391912227,
18.8));
#14940=CARTESIAN_POINT('',(-2.61151713387171,-1.09919873959136,19.));
#14941=CARTESIAN_POINT('Ctrl Pts',(-2.61151713387171,-1.09919873959136,
19.));
#14942=CARTESIAN_POINT('Ctrl Pts',(-2.61730268044514,-0.97149978411796,
19.));
#14943=CARTESIAN_POINT('Ctrl Pts',(-2.62803221527749,-0.734676802327356,
19.));
#14944=CARTESIAN_POINT('Ctrl Pts',(-2.76382053293875,-0.541536964151893,
19.));
#14945=CARTESIAN_POINT('Ctrl Pts',(-2.8263894941012,-0.452541391912227,
19.));
#14946=CARTESIAN_POINT('',(-2.61151713387171,-1.09919873959136,19.));
#14947=CARTESIAN_POINT('Ctrl Pts',(-2.83457440392176,-1.75404218918396,
19.));
#14948=CARTESIAN_POINT('Ctrl Pts',(-2.83457440392176,-1.75404218918396,
18.8));
#14949=CARTESIAN_POINT('Ctrl Pts',(-2.76957466583593,-1.66180467156814,
19.));
#14950=CARTESIAN_POINT('Ctrl Pts',(-2.76957466583593,-1.66180467156814,
18.8));
#14951=CARTESIAN_POINT('Ctrl Pts',(-2.6315845062387,-1.46599050136564,19.));
#14952=CARTESIAN_POINT('Ctrl Pts',(-2.6315845062387,-1.46599050136564,18.8));
#14953=CARTESIAN_POINT('Ctrl Pts',(-2.6184596020363,-1.22609328674889,19.));
#14954=CARTESIAN_POINT('Ctrl Pts',(-2.6184596020363,-1.22609328674889,18.8));
#14955=CARTESIAN_POINT('Ctrl Pts',(-2.61151713387171,-1.09919873959136,
19.));
#14956=CARTESIAN_POINT('Ctrl Pts',(-2.61151713387171,-1.09919873959136,
18.8));
#14957=CARTESIAN_POINT('',(-2.83457440392176,-1.75404218918396,19.));
#14958=CARTESIAN_POINT('Ctrl Pts',(-2.83457440392176,-1.75404218918396,
19.));
#14959=CARTESIAN_POINT('Ctrl Pts',(-2.76957466583593,-1.66180467156814,
19.));
#14960=CARTESIAN_POINT('Ctrl Pts',(-2.6315845062387,-1.46599050136564,19.));
#14961=CARTESIAN_POINT('Ctrl Pts',(-2.6184596020363,-1.22609328674889,19.));
#14962=CARTESIAN_POINT('Ctrl Pts',(-2.61151713387171,-1.09919873959136,
19.));
#14963=CARTESIAN_POINT('',(-2.83457440392176,-1.75404218918396,19.));
#14964=CARTESIAN_POINT('Ctrl Pts',(-3.39323681847254,-1.99960796124053,
19.));
#14965=CARTESIAN_POINT('Ctrl Pts',(-3.39323681847254,-1.99960796124053,
18.8));
#14966=CARTESIAN_POINT('Ctrl Pts',(-3.28618084742221,-1.98951162007605,
19.));
#14967=CARTESIAN_POINT('Ctrl Pts',(-3.28618084742221,-1.98951162007605,
18.8));
#14968=CARTESIAN_POINT('Ctrl Pts',(-3.07277268106897,-1.96938531013135,
19.));
#14969=CARTESIAN_POINT('Ctrl Pts',(-3.07277268106897,-1.96938531013135,
18.8));
#14970=CARTESIAN_POINT('Ctrl Pts',(-2.91379907567523,-1.82566524320328,
19.));
#14971=CARTESIAN_POINT('Ctrl Pts',(-2.91379907567523,-1.82566524320328,
18.8));
#14972=CARTESIAN_POINT('Ctrl Pts',(-2.83457440392176,-1.75404218918396,
19.));
#14973=CARTESIAN_POINT('Ctrl Pts',(-2.83457440392176,-1.75404218918396,
18.8));
#14974=CARTESIAN_POINT('',(-3.39323681847254,-1.99960796124053,19.));
#14975=CARTESIAN_POINT('Ctrl Pts',(-3.39323681847254,-1.99960796124053,
19.));
#14976=CARTESIAN_POINT('Ctrl Pts',(-3.28618084742221,-1.98951162007605,
19.));
#14977=CARTESIAN_POINT('Ctrl Pts',(-3.07277268106897,-1.96938531013135,
19.));
#14978=CARTESIAN_POINT('Ctrl Pts',(-2.91379907567523,-1.82566524320328,
19.));
#14979=CARTESIAN_POINT('Ctrl Pts',(-2.83457440392176,-1.75404218918396,
19.));
#14980=CARTESIAN_POINT('',(-3.39323681847254,-1.99960796124053,19.));
#14981=CARTESIAN_POINT('Ctrl Pts',(-3.9191572095553,-1.80520145184112,19.));
#14982=CARTESIAN_POINT('Ctrl Pts',(-3.9191572095553,-1.80520145184112,18.8));
#14983=CARTESIAN_POINT('Ctrl Pts',(-3.8439304598539,-1.8618865227225,19.));
#14984=CARTESIAN_POINT('Ctrl Pts',(-3.8439304598539,-1.8618865227225,18.8));
#14985=CARTESIAN_POINT('Ctrl Pts',(-3.68838235703079,-1.97909556430666,
19.));
#14986=CARTESIAN_POINT('Ctrl Pts',(-3.68838235703079,-1.97909556430666,
18.8));
#14987=CARTESIAN_POINT('Ctrl Pts',(-3.49374363878072,-1.99262281146394,
19.));
#14988=CARTESIAN_POINT('Ctrl Pts',(-3.49374363878072,-1.99262281146394,
18.8));
#14989=CARTESIAN_POINT('Ctrl Pts',(-3.39323681847254,-1.99960796124053,
19.));
#14990=CARTESIAN_POINT('Ctrl Pts',(-3.39323681847254,-1.99960796124053,
18.8));
#14991=CARTESIAN_POINT('',(-3.9191572095553,-1.80520145184112,19.));
#14992=CARTESIAN_POINT('Ctrl Pts',(-3.9191572095553,-1.80520145184112,19.));
#14993=CARTESIAN_POINT('Ctrl Pts',(-3.8439304598539,-1.8618865227225,19.));
#14994=CARTESIAN_POINT('Ctrl Pts',(-3.68838235703079,-1.97909556430666,
19.));
#14995=CARTESIAN_POINT('Ctrl Pts',(-3.49374363878072,-1.99262281146394,
19.));
#14996=CARTESIAN_POINT('Ctrl Pts',(-3.39323681847254,-1.99960796124053,
19.));
#14997=CARTESIAN_POINT('',(-3.9191572095553,-1.80520145184112,19.));
#14998=CARTESIAN_POINT('Ctrl Pts',(-4.2240683461825,-1.10738424545837,19.));
#14999=CARTESIAN_POINT('Ctrl Pts',(-4.2240683461825,-1.10738424545837,18.8));
#15000=CARTESIAN_POINT('Ctrl Pts',(-4.19379049317533,-1.25478344707995,
19.));
#15001=CARTESIAN_POINT('Ctrl Pts',(-4.19379049317533,-1.25478344707995,
18.8));
#15002=CARTESIAN_POINT('Ctrl Pts',(-4.14131645745461,-1.51023851416355,
19.));
#15003=CARTESIAN_POINT('Ctrl Pts',(-4.14131645745461,-1.51023851416355,
18.8));
#15004=CARTESIAN_POINT('Ctrl Pts',(-3.98519541543275,-1.71752190039883,
19.));
#15005=CARTESIAN_POINT('Ctrl Pts',(-3.98519541543275,-1.71752190039883,
18.8));
#15006=CARTESIAN_POINT('Ctrl Pts',(-3.9191572095553,-1.80520145184112,19.));
#15007=CARTESIAN_POINT('Ctrl Pts',(-3.9191572095553,-1.80520145184112,18.8));
#15008=CARTESIAN_POINT('',(-4.2240683461825,-1.10738424545837,19.));
#15009=CARTESIAN_POINT('Ctrl Pts',(-4.2240683461825,-1.10738424545837,19.));
#15010=CARTESIAN_POINT('Ctrl Pts',(-4.19379049317533,-1.25478344707995,
19.));
#15011=CARTESIAN_POINT('Ctrl Pts',(-4.14131645745461,-1.51023851416355,
19.));
#15012=CARTESIAN_POINT('Ctrl Pts',(-3.98519541543275,-1.71752190039883,
19.));
#15013=CARTESIAN_POINT('Ctrl Pts',(-3.9191572095553,-1.80520145184112,19.));
#15014=CARTESIAN_POINT('',(-4.2240683461825,-1.10738424545837,19.));
#15015=CARTESIAN_POINT('Origin',(-5.88982624069849,-1.32839409596038,19.));
#15016=CARTESIAN_POINT('',(-5.88982624069849,-1.32839409596038,19.));
#15017=CARTESIAN_POINT('',(-2.90925712120089,-0.932937386627188,19.));
#15018=CARTESIAN_POINT('',(-5.88982624069849,-1.32839409596038,19.));
#15019=CARTESIAN_POINT('Ctrl Pts',(-5.42120379463831,-2.25949911362243,
19.));
#15020=CARTESIAN_POINT('Ctrl Pts',(-5.42120379463831,-2.25949911362243,
18.8));
#15021=CARTESIAN_POINT('Ctrl Pts',(-5.51817572801522,-2.12379462403642,
19.));
#15022=CARTESIAN_POINT('Ctrl Pts',(-5.51817572801522,-2.12379462403642,
18.8));
#15023=CARTESIAN_POINT('Ctrl Pts',(-5.72244997825209,-1.83792909677905,
19.));
#15024=CARTESIAN_POINT('Ctrl Pts',(-5.72244997825209,-1.83792909677905,
18.8));
#15025=CARTESIAN_POINT('Ctrl Pts',(-5.83218435538214,-1.503870341233,19.));
#15026=CARTESIAN_POINT('Ctrl Pts',(-5.83218435538214,-1.503870341233,18.8));
#15027=CARTESIAN_POINT('Ctrl Pts',(-5.88982624069849,-1.32839409596038,
19.));
#15028=CARTESIAN_POINT('Ctrl Pts',(-5.88982624069849,-1.32839409596038,
18.8));
#15029=CARTESIAN_POINT('',(-5.42120379463831,-2.25949911362243,19.));
#15030=CARTESIAN_POINT('Ctrl Pts',(-5.42120379463831,-2.25949911362243,
19.));
#15031=CARTESIAN_POINT('Ctrl Pts',(-5.51817572801522,-2.12379462403642,
19.));
#15032=CARTESIAN_POINT('Ctrl Pts',(-5.72244997825209,-1.83792909677905,
19.));
#15033=CARTESIAN_POINT('Ctrl Pts',(-5.83218435538214,-1.503870341233,19.));
#15034=CARTESIAN_POINT('Ctrl Pts',(-5.88982624069849,-1.32839409596038,
19.));
#15035=CARTESIAN_POINT('',(-5.42120379463831,-2.25949911362243,19.));
#15036=CARTESIAN_POINT('Ctrl Pts',(-4.64357775704066,-2.82225457912994,
19.));
#15037=CARTESIAN_POINT('Ctrl Pts',(-4.64357775704066,-2.82225457912994,
18.8));
#15038=CARTESIAN_POINT('Ctrl Pts',(-4.79330439762592,-2.75174436841478,
19.));
#15039=CARTESIAN_POINT('Ctrl Pts',(-4.79330439762592,-2.75174436841478,
18.8));
#15040=CARTESIAN_POINT('Ctrl Pts',(-5.08798882507815,-2.61296972555289,
19.));
#15041=CARTESIAN_POINT('Ctrl Pts',(-5.08798882507815,-2.61296972555289,
18.8));
#15042=CARTESIAN_POINT('Ctrl Pts',(-5.31133694617568,-2.3760446043854,19.));
#15043=CARTESIAN_POINT('Ctrl Pts',(-5.31133694617568,-2.3760446043854,18.8));
#15044=CARTESIAN_POINT('Ctrl Pts',(-5.42120379463831,-2.25949911362243,
19.));
#15045=CARTESIAN_POINT('Ctrl Pts',(-5.42120379463831,-2.25949911362243,
18.8));
#15046=CARTESIAN_POINT('',(-4.64357775704066,-2.82225457912994,19.));
#15047=CARTESIAN_POINT('Ctrl Pts',(-4.64357775704066,-2.82225457912994,
19.));
#15048=CARTESIAN_POINT('Ctrl Pts',(-4.79330439762592,-2.75174436841478,
19.));
#15049=CARTESIAN_POINT('Ctrl Pts',(-5.08798882507815,-2.61296972555289,
19.));
#15050=CARTESIAN_POINT('Ctrl Pts',(-5.31133694617568,-2.3760446043854,19.));
#15051=CARTESIAN_POINT('Ctrl Pts',(-5.42120379463831,-2.25949911362243,
19.));
#15052=CARTESIAN_POINT('',(-4.64357775704066,-2.82225457912994,19.));
#15053=CARTESIAN_POINT('Ctrl Pts',(-3.35230988518397,-3.01461486107421,
19.));
#15054=CARTESIAN_POINT('Ctrl Pts',(-3.35230988518397,-3.01461486107421,
18.8));
#15055=CARTESIAN_POINT('Ctrl Pts',(-3.59836329426896,-3.01119370574072,
19.));
#15056=CARTESIAN_POINT('Ctrl Pts',(-3.59836329426896,-3.01119370574072,
18.8));
#15057=CARTESIAN_POINT('Ctrl Pts',(-4.03809017663766,-3.00507969181793,
19.));
#15058=CARTESIAN_POINT('Ctrl Pts',(-4.03809017663766,-3.00507969181793,
18.8));
#15059=CARTESIAN_POINT('Ctrl Pts',(-4.45843911340031,-2.87815662317173,
19.));
#15060=CARTESIAN_POINT('Ctrl Pts',(-4.45843911340031,-2.87815662317173,
18.8));
#15061=CARTESIAN_POINT('Ctrl Pts',(-4.64357775704066,-2.82225457912994,
19.));
#15062=CARTESIAN_POINT('Ctrl Pts',(-4.64357775704066,-2.82225457912994,
18.8));
#15063=CARTESIAN_POINT('',(-3.35230988518397,-3.01461486107421,19.));
#15064=CARTESIAN_POINT('Ctrl Pts',(-3.35230988518397,-3.01461486107421,
19.));
#15065=CARTESIAN_POINT('Ctrl Pts',(-3.59836329426896,-3.01119370574072,
19.));
#15066=CARTESIAN_POINT('Ctrl Pts',(-4.03809017663766,-3.00507969181793,
19.));
#15067=CARTESIAN_POINT('Ctrl Pts',(-4.45843911340031,-2.87815662317173,
19.));
#15068=CARTESIAN_POINT('Ctrl Pts',(-4.64357775704066,-2.82225457912994,
19.));
#15069=CARTESIAN_POINT('',(-3.35230988518397,-3.01461486107421,19.));
#15070=CARTESIAN_POINT('Ctrl Pts',(-1.99760359779993,-2.75472430473876,
19.));
#15071=CARTESIAN_POINT('Ctrl Pts',(-1.99760359779993,-2.75472430473876,
18.8));
#15072=CARTESIAN_POINT('Ctrl Pts',(-2.19427852505768,-2.83034332403377,
19.));
#15073=CARTESIAN_POINT('Ctrl Pts',(-2.19427852505768,-2.83034332403377,
18.8));
#15074=CARTESIAN_POINT('Ctrl Pts',(-2.62943716886708,-2.99765631273764,
19.));
#15075=CARTESIAN_POINT('Ctrl Pts',(-2.62943716886708,-2.99765631273764,
18.8));
#15076=CARTESIAN_POINT('Ctrl Pts',(-3.09639757603429,-3.00861117444076,
19.));
#15077=CARTESIAN_POINT('Ctrl Pts',(-3.09639757603429,-3.00861117444076,
18.8));
#15078=CARTESIAN_POINT('Ctrl Pts',(-3.35230988518397,-3.01461486107421,
19.));
#15079=CARTESIAN_POINT('Ctrl Pts',(-3.35230988518397,-3.01461486107421,
18.8));
#15080=CARTESIAN_POINT('',(-1.99760359779993,-2.75472430473876,19.));
#15081=CARTESIAN_POINT('Ctrl Pts',(-1.99760359779993,-2.75472430473876,
19.));
#15082=CARTESIAN_POINT('Ctrl Pts',(-2.19427852505768,-2.83034332403377,
19.));
#15083=CARTESIAN_POINT('Ctrl Pts',(-2.62943716886708,-2.99765631273764,
19.));
#15084=CARTESIAN_POINT('Ctrl Pts',(-3.09639757603429,-3.00861117444076,
19.));
#15085=CARTESIAN_POINT('Ctrl Pts',(-3.35230988518397,-3.01461486107421,
19.));
#15086=CARTESIAN_POINT('',(-1.99760359779993,-2.75472430473876,19.));
#15087=CARTESIAN_POINT('Ctrl Pts',(-1.20769900337855,-2.0139327455194,19.));
#15088=CARTESIAN_POINT('Ctrl Pts',(-1.20769900337855,-2.0139327455194,18.8));
#15089=CARTESIAN_POINT('Ctrl Pts',(-1.31011404520077,-2.16549897226251,
19.));
#15090=CARTESIAN_POINT('Ctrl Pts',(-1.31011404520077,-2.16549897226251,
18.8));
#15091=CARTESIAN_POINT('Ctrl Pts',(-1.51727806669116,-2.47208547064753,
19.));
#15092=CARTESIAN_POINT('Ctrl Pts',(-1.51727806669116,-2.47208547064753,
18.8));
#15093=CARTESIAN_POINT('Ctrl Pts',(-1.83629705044431,-2.65980639693854,
19.));
#15094=CARTESIAN_POINT('Ctrl Pts',(-1.83629705044431,-2.65980639693854,
18.8));
#15095=CARTESIAN_POINT('Ctrl Pts',(-1.99760359779993,-2.75472430473876,
19.));
#15096=CARTESIAN_POINT('Ctrl Pts',(-1.99760359779993,-2.75472430473876,
18.8));
#15097=CARTESIAN_POINT('',(-1.20769900337855,-2.0139327455194,19.));
#15098=CARTESIAN_POINT('Ctrl Pts',(-1.20769900337855,-2.0139327455194,19.));
#15099=CARTESIAN_POINT('Ctrl Pts',(-1.31011404520077,-2.16549897226251,
19.));
#15100=CARTESIAN_POINT('Ctrl Pts',(-1.51727806669116,-2.47208547064753,
19.));
#15101=CARTESIAN_POINT('Ctrl Pts',(-1.83629705044431,-2.65980639693854,
19.));
#15102=CARTESIAN_POINT('Ctrl Pts',(-1.99760359779993,-2.75472430473876,
19.));
#15103=CARTESIAN_POINT('',(-1.20769900337855,-2.0139327455194,19.));
#15104=CARTESIAN_POINT('Ctrl Pts',(-0.933481874624884,-1.00915757900787,
19.));
#15105=CARTESIAN_POINT('Ctrl Pts',(-0.933481874624884,-1.00915757900787,
18.8));
#15106=CARTESIAN_POINT('Ctrl Pts',(-0.945556425453558,-1.183120434871,19.));
#15107=CARTESIAN_POINT('Ctrl Pts',(-0.945556425453558,-1.183120434871,18.8));
#15108=CARTESIAN_POINT('Ctrl Pts',(-0.970060874143166,-1.53616577261347,
19.));
#15109=CARTESIAN_POINT('Ctrl Pts',(-0.970060874143166,-1.53616577261347,
18.8));
#15110=CARTESIAN_POINT('Ctrl Pts',(-1.12772418454107,-1.85314488194035,
19.));
#15111=CARTESIAN_POINT('Ctrl Pts',(-1.12772418454107,-1.85314488194035,
18.8));
#15112=CARTESIAN_POINT('Ctrl Pts',(-1.20769900337855,-2.0139327455194,19.));
#15113=CARTESIAN_POINT('Ctrl Pts',(-1.20769900337855,-2.0139327455194,18.8));
#15114=CARTESIAN_POINT('',(-0.933481874624884,-1.00915757900787,19.));
#15115=CARTESIAN_POINT('Ctrl Pts',(-0.933481874624884,-1.00915757900787,
19.));
#15116=CARTESIAN_POINT('Ctrl Pts',(-0.945556425453558,-1.183120434871,19.));
#15117=CARTESIAN_POINT('Ctrl Pts',(-0.970060874143166,-1.53616577261347,
19.));
#15118=CARTESIAN_POINT('Ctrl Pts',(-1.12772418454107,-1.85314488194035,
19.));
#15119=CARTESIAN_POINT('Ctrl Pts',(-1.20769900337855,-2.0139327455194,19.));
#15120=CARTESIAN_POINT('',(-0.933481874624884,-1.00915757900787,19.));
#15121=CARTESIAN_POINT('Ctrl Pts',(-1.09924000755945,-0.290876309934383,
19.));
#15122=CARTESIAN_POINT('Ctrl Pts',(-1.09924000755945,-0.290876309934383,
18.8));
#15123=CARTESIAN_POINT('Ctrl Pts',(-1.05092804526109,-0.39923638825372,
19.));
#15124=CARTESIAN_POINT('Ctrl Pts',(-1.05092804526109,-0.39923638825372,
18.8));
#15125=CARTESIAN_POINT('Ctrl Pts',(-0.949113514177742,-0.627598682753474,
19.));
#15126=CARTESIAN_POINT('Ctrl Pts',(-0.949113514177742,-0.627598682753474,
18.8));
#15127=CARTESIAN_POINT('Ctrl Pts',(-0.938866554554578,-0.877720788662946,
19.));
#15128=CARTESIAN_POINT('Ctrl Pts',(-0.938866554554578,-0.877720788662946,
18.8));
#15129=CARTESIAN_POINT('Ctrl Pts',(-0.933481874624884,-1.00915757900787,
19.));
#15130=CARTESIAN_POINT('Ctrl Pts',(-0.933481874624884,-1.00915757900787,
18.8));
#15131=CARTESIAN_POINT('',(-1.09924000755945,-0.290876309934383,19.));
#15132=CARTESIAN_POINT('Ctrl Pts',(-1.09924000755945,-0.290876309934383,
19.));
#15133=CARTESIAN_POINT('Ctrl Pts',(-1.05092804526109,-0.39923638825372,
19.));
#15134=CARTESIAN_POINT('Ctrl Pts',(-0.949113514177742,-0.627598682753474,
19.));
#15135=CARTESIAN_POINT('Ctrl Pts',(-0.938866554554578,-0.877720788662946,
19.));
#15136=CARTESIAN_POINT('Ctrl Pts',(-0.933481874624884,-1.00915757900787,
19.));
#15137=CARTESIAN_POINT('',(-1.09924000755945,-0.290876309934383,19.));
#15138=CARTESIAN_POINT('Ctrl Pts',(-1.56376761452357,0.194116551813359,
19.));
#15139=CARTESIAN_POINT('Ctrl Pts',(-1.56376761452357,0.194116551813359,
18.8));
#15140=CARTESIAN_POINT('Ctrl Pts',(-1.46987883559237,0.128153003250164,
19.));
#15141=CARTESIAN_POINT('Ctrl Pts',(-1.46987883559237,0.128153003250164,
18.8));
#15142=CARTESIAN_POINT('Ctrl Pts',(-1.28316271705084,-0.00302835721859518,
19.));
#15143=CARTESIAN_POINT('Ctrl Pts',(-1.28316271705084,-0.00302835721859518,
18.8));
#15144=CARTESIAN_POINT('Ctrl Pts',(-1.16031478973781,-0.195291316318218,
19.));
#15145=CARTESIAN_POINT('Ctrl Pts',(-1.16031478973781,-0.195291316318218,
18.8));
#15146=CARTESIAN_POINT('Ctrl Pts',(-1.09924000755945,-0.290876309934383,
19.));
#15147=CARTESIAN_POINT('Ctrl Pts',(-1.09924000755945,-0.290876309934383,
18.8));
#15148=CARTESIAN_POINT('',(-1.56376761452357,0.194116551813359,19.));
#15149=CARTESIAN_POINT('Ctrl Pts',(-1.56376761452357,0.194116551813359,
19.));
#15150=CARTESIAN_POINT('Ctrl Pts',(-1.46987883559237,0.128153003250164,
19.));
#15151=CARTESIAN_POINT('Ctrl Pts',(-1.28316271705084,-0.00302835721859518,
19.));
#15152=CARTESIAN_POINT('Ctrl Pts',(-1.16031478973781,-0.195291316318218,
19.));
#15153=CARTESIAN_POINT('Ctrl Pts',(-1.09924000755945,-0.290876309934383,
19.));
#15154=CARTESIAN_POINT('',(-1.56376761452357,0.194116551813359,19.));
#15155=CARTESIAN_POINT('Ctrl Pts',(-2.09582966820399,0.394661743578191,
19.));
#15156=CARTESIAN_POINT('Ctrl Pts',(-2.09582966820399,0.394661743578191,
18.8));
#15157=CARTESIAN_POINT('Ctrl Pts',(-1.9918728509231,0.367849083887989,19.));
#15158=CARTESIAN_POINT('Ctrl Pts',(-1.9918728509231,0.367849083887989,18.8));
#15159=CARTESIAN_POINT('Ctrl Pts',(-1.80707932418311,0.320186928821773,
19.));
#15160=CARTESIAN_POINT('Ctrl Pts',(-1.80707932418311,0.320186928821773,
18.8));
#15161=CARTESIAN_POINT('Ctrl Pts',(-1.63781234024148,0.232482343989183,
19.));
#15162=CARTESIAN_POINT('Ctrl Pts',(-1.63781234024148,0.232482343989183,
18.8));
#15163=CARTESIAN_POINT('Ctrl Pts',(-1.56376761452357,0.194116551813359,
19.));
#15164=CARTESIAN_POINT('Ctrl Pts',(-1.56376761452357,0.194116551813359,
18.8));
#15165=CARTESIAN_POINT('',(-2.09582966820399,0.394661743578191,19.));
#15166=CARTESIAN_POINT('Ctrl Pts',(-2.09582966820399,0.394661743578191,
19.));
#15167=CARTESIAN_POINT('Ctrl Pts',(-1.9918728509231,0.367849083887989,19.));
#15168=CARTESIAN_POINT('Ctrl Pts',(-1.80707932418311,0.320186928821773,
19.));
#15169=CARTESIAN_POINT('Ctrl Pts',(-1.63781234024148,0.232482343989183,
19.));
#15170=CARTESIAN_POINT('Ctrl Pts',(-1.56376761452357,0.194116551813359,
19.));
#15171=CARTESIAN_POINT('',(-2.09582966820399,0.394661743578191,19.));
#15172=CARTESIAN_POINT('Ctrl Pts',(-1.45326537148157,0.947186071810002,
19.));
#15173=CARTESIAN_POINT('Ctrl Pts',(-1.45326537148157,0.947186071810002,
18.8));
#15174=CARTESIAN_POINT('Ctrl Pts',(-1.53747159034815,0.843111450140133,
19.));
#15175=CARTESIAN_POINT('Ctrl Pts',(-1.53747159034815,0.843111450140133,
18.8));
#15176=CARTESIAN_POINT('Ctrl Pts',(-1.71782308690486,0.620206134780077,
19.));
#15177=CARTESIAN_POINT('Ctrl Pts',(-1.71782308690486,0.620206134780077,
18.8));
#15178=CARTESIAN_POINT('Ctrl Pts',(-1.96438673247102,0.473089523369201,
19.));
#15179=CARTESIAN_POINT('Ctrl Pts',(-1.96438673247102,0.473089523369201,
18.8));
#15180=CARTESIAN_POINT('Ctrl Pts',(-2.09582966820399,0.394661743578191,
19.));
#15181=CARTESIAN_POINT('Ctrl Pts',(-2.09582966820399,0.394661743578191,
18.8));
#15182=CARTESIAN_POINT('',(-1.45326537148157,0.947186071810002,19.));
#15183=CARTESIAN_POINT('Ctrl Pts',(-1.45326537148157,0.947186071810002,
19.));
#15184=CARTESIAN_POINT('Ctrl Pts',(-1.53747159034815,0.843111450140133,
19.));
#15185=CARTESIAN_POINT('Ctrl Pts',(-1.71782308690486,0.620206134780077,
19.));
#15186=CARTESIAN_POINT('Ctrl Pts',(-1.96438673247102,0.473089523369201,
19.));
#15187=CARTESIAN_POINT('Ctrl Pts',(-2.09582966820399,0.394661743578191,
19.));
#15188=CARTESIAN_POINT('',(-1.45326537148157,0.947186071810002,19.));
#15189=CARTESIAN_POINT('Ctrl Pts',(-1.24044102684656,1.6511422585814,19.));
#15190=CARTESIAN_POINT('Ctrl Pts',(-1.24044102684656,1.6511422585814,18.8));
#15191=CARTESIAN_POINT('Ctrl Pts',(-1.24909728913789,1.52492307163961,19.));
#15192=CARTESIAN_POINT('Ctrl Pts',(-1.24909728913789,1.52492307163961,18.8));
#15193=CARTESIAN_POINT('Ctrl Pts',(-1.26630771167277,1.2739734739762,19.));
#15194=CARTESIAN_POINT('Ctrl Pts',(-1.26630771167277,1.2739734739762,18.8));
#15195=CARTESIAN_POINT('Ctrl Pts',(-1.39119311537258,1.05568353236443,19.));
#15196=CARTESIAN_POINT('Ctrl Pts',(-1.39119311537258,1.05568353236443,18.8));
#15197=CARTESIAN_POINT('Ctrl Pts',(-1.45326537148157,0.947186071810002,
19.));
#15198=CARTESIAN_POINT('Ctrl Pts',(-1.45326537148157,0.947186071810002,
18.8));
#15199=CARTESIAN_POINT('',(-1.24044102684656,1.6511422585814,19.));
#15200=CARTESIAN_POINT('Ctrl Pts',(-1.24044102684656,1.6511422585814,19.));
#15201=CARTESIAN_POINT('Ctrl Pts',(-1.24909728913789,1.52492307163961,19.));
#15202=CARTESIAN_POINT('Ctrl Pts',(-1.26630771167277,1.2739734739762,19.));
#15203=CARTESIAN_POINT('Ctrl Pts',(-1.39119311537258,1.05568353236443,19.));
#15204=CARTESIAN_POINT('Ctrl Pts',(-1.45326537148157,0.947186071810002,
19.));
#15205=CARTESIAN_POINT('',(-1.24044102684656,1.6511422585814,19.));
#15206=CARTESIAN_POINT('Ctrl Pts',(-1.76431578652064,2.75209756606507,19.));
#15207=CARTESIAN_POINT('Ctrl Pts',(-1.76431578652064,2.75209756606507,18.8));
#15208=CARTESIAN_POINT('Ctrl Pts',(-1.61152185557341,2.59769554080664,19.));
#15209=CARTESIAN_POINT('Ctrl Pts',(-1.61152185557341,2.59769554080664,18.8));
#15210=CARTESIAN_POINT('Ctrl Pts',(-1.30850659010916,2.29149116225669,19.));
#15211=CARTESIAN_POINT('Ctrl Pts',(-1.30850659010916,2.29149116225669,18.8));
#15212=CARTESIAN_POINT('Ctrl Pts',(-1.26300076661247,1.86338034101028,19.));
#15213=CARTESIAN_POINT('Ctrl Pts',(-1.26300076661247,1.86338034101028,18.8));
#15214=CARTESIAN_POINT('Ctrl Pts',(-1.24044102684656,1.6511422585814,19.));
#15215=CARTESIAN_POINT('Ctrl Pts',(-1.24044102684656,1.6511422585814,18.8));
#15216=CARTESIAN_POINT('',(-1.76431578652064,2.75209756606507,19.));
#15217=CARTESIAN_POINT('Ctrl Pts',(-1.76431578652064,2.75209756606507,19.));
#15218=CARTESIAN_POINT('Ctrl Pts',(-1.61152185557341,2.59769554080664,19.));
#15219=CARTESIAN_POINT('Ctrl Pts',(-1.30850659010916,2.29149116225669,19.));
#15220=CARTESIAN_POINT('Ctrl Pts',(-1.26300076661247,1.86338034101028,19.));
#15221=CARTESIAN_POINT('Ctrl Pts',(-1.24044102684656,1.6511422585814,19.));
#15222=CARTESIAN_POINT('',(-1.76431578652064,2.75209756606507,19.));
#15223=CARTESIAN_POINT('Ctrl Pts',(-3.46281451241175,3.19002362006592,19.));
#15224=CARTESIAN_POINT('Ctrl Pts',(-3.46281451241175,3.19002362006592,18.8));
#15225=CARTESIAN_POINT('Ctrl Pts',(-3.11656099717096,3.1849772217421,19.));
#15226=CARTESIAN_POINT('Ctrl Pts',(-3.11656099717096,3.1849772217421,18.8));
#15227=CARTESIAN_POINT('Ctrl Pts',(-2.51140145838665,3.17615745256217,19.));
#15228=CARTESIAN_POINT('Ctrl Pts',(-2.51140145838665,3.17615745256217,18.8));
#15229=CARTESIAN_POINT('Ctrl Pts',(-1.98817030518479,2.87916160349933,19.));
#15230=CARTESIAN_POINT('Ctrl Pts',(-1.98817030518479,2.87916160349933,18.8));
#15231=CARTESIAN_POINT('Ctrl Pts',(-1.76431578652064,2.75209756606507,19.));
#15232=CARTESIAN_POINT('Ctrl Pts',(-1.76431578652064,2.75209756606507,18.8));
#15233=CARTESIAN_POINT('',(-3.46281451241175,3.19002362006592,19.));
#15234=CARTESIAN_POINT('Ctrl Pts',(-3.46281451241175,3.19002362006592,19.));
#15235=CARTESIAN_POINT('Ctrl Pts',(-3.11656099717096,3.1849772217421,19.));
#15236=CARTESIAN_POINT('Ctrl Pts',(-2.51140145838665,3.17615745256217,19.));
#15237=CARTESIAN_POINT('Ctrl Pts',(-1.98817030518479,2.87916160349933,19.));
#15238=CARTESIAN_POINT('Ctrl Pts',(-1.76431578652064,2.75209756606507,19.));
#15239=CARTESIAN_POINT('',(-3.46281451241175,3.19002362006592,19.));
#15240=CARTESIAN_POINT('Ctrl Pts',(-5.04466933266321,2.78893204444336,19.));
#15241=CARTESIAN_POINT('Ctrl Pts',(-5.04466933266321,2.78893204444336,18.8));
#15242=CARTESIAN_POINT('Ctrl Pts',(-4.8241773641177,2.90558221027671,19.));
#15243=CARTESIAN_POINT('Ctrl Pts',(-4.8241773641177,2.90558221027671,18.8));
#15244=CARTESIAN_POINT('Ctrl Pts',(-4.33133146472076,3.16631985198846,19.));
#15245=CARTESIAN_POINT('Ctrl Pts',(-4.33133146472076,3.16631985198846,18.8));
#15246=CARTESIAN_POINT('Ctrl Pts',(-3.77194161440769,3.1815868507977,19.));
#15247=CARTESIAN_POINT('Ctrl Pts',(-3.77194161440769,3.1815868507977,18.8));
#15248=CARTESIAN_POINT('Ctrl Pts',(-3.46281451241175,3.19002362006592,19.));
#15249=CARTESIAN_POINT('Ctrl Pts',(-3.46281451241175,3.19002362006592,18.8));
#15250=CARTESIAN_POINT('',(-5.04466933266321,2.78893204444336,19.));
#15251=CARTESIAN_POINT('Ctrl Pts',(-5.04466933266321,2.78893204444336,19.));
#15252=CARTESIAN_POINT('Ctrl Pts',(-4.8241773641177,2.90558221027671,19.));
#15253=CARTESIAN_POINT('Ctrl Pts',(-4.33133146472076,3.16631985198846,19.));
#15254=CARTESIAN_POINT('Ctrl Pts',(-3.77194161440769,3.1815868507977,19.));
#15255=CARTESIAN_POINT('Ctrl Pts',(-3.46281451241175,3.19002362006592,19.));
#15256=CARTESIAN_POINT('',(-5.04466933266321,2.78893204444336,19.));
#15257=CARTESIAN_POINT('Ctrl Pts',(-5.799785080115,1.63477124684739,19.));
#15258=CARTESIAN_POINT('Ctrl Pts',(-5.799785080115,1.63477124684739,18.8));
#15259=CARTESIAN_POINT('Ctrl Pts',(-5.72253995420312,1.86867692039604,19.));
#15260=CARTESIAN_POINT('Ctrl Pts',(-5.72253995420312,1.86867692039604,18.8));
#15261=CARTESIAN_POINT('Ctrl Pts',(-5.57309974300654,2.32119625857497,19.));
#15262=CARTESIAN_POINT('Ctrl Pts',(-5.57309974300654,2.32119625857497,18.8));
#15263=CARTESIAN_POINT('Ctrl Pts',(-5.21679930991613,2.63657262567033,19.));
#15264=CARTESIAN_POINT('Ctrl Pts',(-5.21679930991613,2.63657262567033,18.8));
#15265=CARTESIAN_POINT('Ctrl Pts',(-5.04466933266321,2.78893204444336,19.));
#15266=CARTESIAN_POINT('Ctrl Pts',(-5.04466933266321,2.78893204444336,18.8));
#15267=CARTESIAN_POINT('',(-5.799785080115,1.63477124684739,19.));
#15268=CARTESIAN_POINT('Ctrl Pts',(-5.799785080115,1.63477124684739,19.));
#15269=CARTESIAN_POINT('Ctrl Pts',(-5.72253995420312,1.86867692039604,19.));
#15270=CARTESIAN_POINT('Ctrl Pts',(-5.57309974300654,2.32119625857497,19.));
#15271=CARTESIAN_POINT('Ctrl Pts',(-5.21679930991613,2.63657262567033,19.));
#15272=CARTESIAN_POINT('Ctrl Pts',(-5.04466933266321,2.78893204444336,19.));
#15273=CARTESIAN_POINT('',(-5.799785080115,1.63477124684739,19.));
#15274=CARTESIAN_POINT('Origin',(-4.2240683461825,1.35237010234284,19.));
#15275=CARTESIAN_POINT('',(-4.2240683461825,1.35237010234284,19.));
#15276=CARTESIAN_POINT('',(-2.06034668844293,0.964586270784502,19.));
#15277=CARTESIAN_POINT('',(-4.2240683461825,1.35237010234284,19.));
#15278=CARTESIAN_POINT('Ctrl Pts',(-3.97441071526209,1.97651745789933,19.));
#15279=CARTESIAN_POINT('Ctrl Pts',(-3.97441071526209,1.97651745789933,18.8));
#15280=CARTESIAN_POINT('Ctrl Pts',(-4.03186813955449,1.89738107600383,19.));
#15281=CARTESIAN_POINT('Ctrl Pts',(-4.03186813955449,1.89738107600383,18.8));
#15282=CARTESIAN_POINT('Ctrl Pts',(-4.16684700492694,1.71147404711273,19.));
#15283=CARTESIAN_POINT('Ctrl Pts',(-4.16684700492694,1.71147404711273,18.8));
#15284=CARTESIAN_POINT('Ctrl Pts',(-4.20319364294693,1.48337346775358,19.));
#15285=CARTESIAN_POINT('Ctrl Pts',(-4.20319364294693,1.48337346775358,18.8));
#15286=CARTESIAN_POINT('Ctrl Pts',(-4.2240683461825,1.35237010234284,19.));
#15287=CARTESIAN_POINT('Ctrl Pts',(-4.2240683461825,1.35237010234284,18.8));
#15288=CARTESIAN_POINT('',(-3.97441071526209,1.97651745789933,19.));
#15289=CARTESIAN_POINT('Ctrl Pts',(-3.97441071526209,1.97651745789933,19.));
#15290=CARTESIAN_POINT('Ctrl Pts',(-4.03186813955449,1.89738107600383,19.));
#15291=CARTESIAN_POINT('Ctrl Pts',(-4.16684700492694,1.71147404711273,19.));
#15292=CARTESIAN_POINT('Ctrl Pts',(-4.20319364294693,1.48337346775358,19.));
#15293=CARTESIAN_POINT('Ctrl Pts',(-4.2240683461825,1.35237010234284,19.));
#15294=CARTESIAN_POINT('',(-3.97441071526209,1.97651745789933,19.));
#15295=CARTESIAN_POINT('Ctrl Pts',(-3.49555653587977,2.15455325358796,19.));
#15296=CARTESIAN_POINT('Ctrl Pts',(-3.49555653587977,2.15455325358796,18.8));
#15297=CARTESIAN_POINT('Ctrl Pts',(-3.58786704242082,2.14836501966848,19.));
#15298=CARTESIAN_POINT('Ctrl Pts',(-3.58786704242082,2.14836501966848,18.8));
#15299=CARTESIAN_POINT('Ctrl Pts',(-3.76554678700461,2.13645387473561,19.));
#15300=CARTESIAN_POINT('Ctrl Pts',(-3.76554678700461,2.13645387473561,18.8));
#15301=CARTESIAN_POINT('Ctrl Pts',(-3.90662655494367,2.02842280991502,19.));
#15302=CARTESIAN_POINT('Ctrl Pts',(-3.90662655494367,2.02842280991502,18.8));
#15303=CARTESIAN_POINT('Ctrl Pts',(-3.97441071526209,1.97651745789933,19.));
#15304=CARTESIAN_POINT('Ctrl Pts',(-3.97441071526209,1.97651745789933,18.8));
#15305=CARTESIAN_POINT('Ctrl Pts',(-3.49555653587977,2.15455325358796,19.));
#15306=CARTESIAN_POINT('Ctrl Pts',(-3.58786704242082,2.14836501966848,19.));
#15307=CARTESIAN_POINT('Ctrl Pts',(-3.76554678700461,2.13645387473561,19.));
#15308=CARTESIAN_POINT('Ctrl Pts',(-3.90662655494367,2.02842280991502,19.));
#15309=CARTESIAN_POINT('Ctrl Pts',(-3.97441071526209,1.97651745789933,19.));
#15310=CARTESIAN_POINT('Ctrl Pts',(2.42463427527746,-1.18923990017486,19.));
#15311=CARTESIAN_POINT('Ctrl Pts',(2.42463427527746,-1.18923990017486,18.8));
#15312=CARTESIAN_POINT('Ctrl Pts',(2.36252764631263,-1.24218786947587,19.));
#15313=CARTESIAN_POINT('Ctrl Pts',(2.36252764631263,-1.24218786947587,18.8));
#15314=CARTESIAN_POINT('Ctrl Pts',(2.22540555665837,-1.35908901697844,19.));
#15315=CARTESIAN_POINT('Ctrl Pts',(2.22540555665837,-1.35908901697844,18.8));
#15316=CARTESIAN_POINT('Ctrl Pts',(2.09624711451514,-1.48475063015898,19.));
#15317=CARTESIAN_POINT('Ctrl Pts',(2.09624711451514,-1.48475063015898,18.8));
#15318=CARTESIAN_POINT('Ctrl Pts',(2.02558833106359,-1.55349640137268,19.));
#15319=CARTESIAN_POINT('Ctrl Pts',(2.02558833106359,-1.55349640137268,18.8));
#15320=CARTESIAN_POINT('',(2.42463427527746,-1.18923990017486,19.));
#15321=CARTESIAN_POINT('',(2.02558833106359,-1.55349640137268,19.));
#15322=CARTESIAN_POINT('Ctrl Pts',(2.42463427527746,-1.18923990017486,19.));
#15323=CARTESIAN_POINT('Ctrl Pts',(2.36252764631263,-1.24218786947587,19.));
#15324=CARTESIAN_POINT('Ctrl Pts',(2.22540555665837,-1.35908901697844,19.));
#15325=CARTESIAN_POINT('Ctrl Pts',(2.09624711451514,-1.48475063015898,19.));
#15326=CARTESIAN_POINT('Ctrl Pts',(2.02558833106359,-1.55349640137268,19.));
#15327=CARTESIAN_POINT('',(2.42463427527746,-1.18923990017486,19.));
#15328=CARTESIAN_POINT('',(2.02558833106359,-1.55349640137268,19.));
#15329=CARTESIAN_POINT('Ctrl Pts',(3.0978949640592,-0.702200214925532,19.));
#15330=CARTESIAN_POINT('Ctrl Pts',(3.0978949640592,-0.702200214925532,18.8));
#15331=CARTESIAN_POINT('Ctrl Pts',(2.95683987634859,-0.799330414300189,
19.));
#15332=CARTESIAN_POINT('Ctrl Pts',(2.95683987634859,-0.799330414300189,
18.8));
#15333=CARTESIAN_POINT('Ctrl Pts',(2.72862673767405,-0.956477441175622,
19.));
#15334=CARTESIAN_POINT('Ctrl Pts',(2.72862673767405,-0.956477441175622,
18.8));
#15335=CARTESIAN_POINT('Ctrl Pts',(2.50864762653059,-1.12491213996568,19.));
#15336=CARTESIAN_POINT('Ctrl Pts',(2.50864762653059,-1.12491213996568,18.8));
#15337=CARTESIAN_POINT('Ctrl Pts',(2.42463427527746,-1.18923990017486,19.));
#15338=CARTESIAN_POINT('Ctrl Pts',(2.42463427527746,-1.18923990017486,18.8));
#15339=CARTESIAN_POINT('',(3.0978949640592,-0.702200214925532,19.));
#15340=CARTESIAN_POINT('Ctrl Pts',(3.0978949640592,-0.702200214925532,19.));
#15341=CARTESIAN_POINT('Ctrl Pts',(2.95683987634859,-0.799330414300189,
19.));
#15342=CARTESIAN_POINT('Ctrl Pts',(2.72862673767405,-0.956477441175622,
19.));
#15343=CARTESIAN_POINT('Ctrl Pts',(2.50864762653059,-1.12491213996568,19.));
#15344=CARTESIAN_POINT('Ctrl Pts',(2.42463427527746,-1.18923990017486,19.));
#15345=CARTESIAN_POINT('',(3.0978949640592,-0.702200214925532,19.));
#15346=CARTESIAN_POINT('Ctrl Pts',(4.26637965186437,0.394661743578191,19.));
#15347=CARTESIAN_POINT('Ctrl Pts',(4.26637965186437,0.394661743578191,18.8));
#15348=CARTESIAN_POINT('Ctrl Pts',(4.12175343050424,0.213501312380145,19.));
#15349=CARTESIAN_POINT('Ctrl Pts',(4.12175343050424,0.213501312380145,18.8));
#15350=CARTESIAN_POINT('Ctrl Pts',(3.78562700004819,-0.207534434151969,
19.));
#15351=CARTESIAN_POINT('Ctrl Pts',(3.78562700004819,-0.207534434151969,
18.8));
#15352=CARTESIAN_POINT('Ctrl Pts',(3.34750485639839,-0.522663032096451,
19.));
#15353=CARTESIAN_POINT('Ctrl Pts',(3.34750485639839,-0.522663032096451,
18.8));
#15354=CARTESIAN_POINT('Ctrl Pts',(3.0978949640592,-0.702200214925532,19.));
#15355=CARTESIAN_POINT('Ctrl Pts',(3.0978949640592,-0.702200214925532,18.8));
#15356=CARTESIAN_POINT('',(4.26637965186437,0.394661743578191,19.));
#15357=CARTESIAN_POINT('Ctrl Pts',(4.26637965186437,0.394661743578191,19.));
#15358=CARTESIAN_POINT('Ctrl Pts',(4.12175343050424,0.213501312380145,19.));
#15359=CARTESIAN_POINT('Ctrl Pts',(3.78562700004819,-0.207534434151969,
19.));
#15360=CARTESIAN_POINT('Ctrl Pts',(3.34750485639839,-0.522663032096451,
19.));
#15361=CARTESIAN_POINT('Ctrl Pts',(3.0978949640592,-0.702200214925532,19.));
#15362=CARTESIAN_POINT('',(4.26637965186437,0.394661743578191,19.));
#15363=CARTESIAN_POINT('Ctrl Pts',(4.58766299231848,1.44241096490311,19.));
#15364=CARTESIAN_POINT('Ctrl Pts',(4.58766299231848,1.44241096490311,18.8));
#15365=CARTESIAN_POINT('Ctrl Pts',(4.57318155438422,1.25996560397499,19.));
#15366=CARTESIAN_POINT('Ctrl Pts',(4.57318155438422,1.25996560397499,18.8));
#15367=CARTESIAN_POINT('Ctrl Pts',(4.54359450577064,0.887211200192122,19.));
#15368=CARTESIAN_POINT('Ctrl Pts',(4.54359450577064,0.887211200192122,18.8));
#15369=CARTESIAN_POINT('Ctrl Pts',(4.3600751205137,0.561137859558688,19.));
#15370=CARTESIAN_POINT('Ctrl Pts',(4.3600751205137,0.561137859558688,18.8));
#15371=CARTESIAN_POINT('Ctrl Pts',(4.26637965186437,0.394661743578191,19.));
#15372=CARTESIAN_POINT('Ctrl Pts',(4.26637965186437,0.394661743578191,18.8));
#15373=CARTESIAN_POINT('',(4.58766299231848,1.44241096490311,19.));
#15374=CARTESIAN_POINT('Ctrl Pts',(4.58766299231848,1.44241096490311,19.));
#15375=CARTESIAN_POINT('Ctrl Pts',(4.57318155438422,1.25996560397499,19.));
#15376=CARTESIAN_POINT('Ctrl Pts',(4.54359450577064,0.887211200192122,19.));
#15377=CARTESIAN_POINT('Ctrl Pts',(4.3600751205137,0.561137859558688,19.));
#15378=CARTESIAN_POINT('Ctrl Pts',(4.26637965186437,0.394661743578191,19.));
#15379=CARTESIAN_POINT('',(4.58766299231848,1.44241096490311,19.));
#15380=CARTESIAN_POINT('Ctrl Pts',(4.30730896933874,2.37351628058838,19.));
#15381=CARTESIAN_POINT('Ctrl Pts',(4.30730896933874,2.37351628058838,18.8));
#15382=CARTESIAN_POINT('Ctrl Pts',(4.3890778394869,2.23021992854682,19.));
#15383=CARTESIAN_POINT('Ctrl Pts',(4.3890778394869,2.23021992854682,18.8));
#15384=CARTESIAN_POINT('Ctrl Pts',(4.55387293218734,1.94142376962309,19.));
#15385=CARTESIAN_POINT('Ctrl Pts',(4.55387293218734,1.94142376962309,18.8));
#15386=CARTESIAN_POINT('Ctrl Pts',(4.57634249291091,1.60959250107915,19.));
#15387=CARTESIAN_POINT('Ctrl Pts',(4.57634249291091,1.60959250107915,18.8));
#15388=CARTESIAN_POINT('Ctrl Pts',(4.58766299231848,1.44241096490311,19.));
#15389=CARTESIAN_POINT('Ctrl Pts',(4.58766299231848,1.44241096490311,18.8));
#15390=CARTESIAN_POINT('',(4.30730896933874,2.37351628058838,19.));
#15391=CARTESIAN_POINT('Ctrl Pts',(4.30730896933874,2.37351628058838,19.));
#15392=CARTESIAN_POINT('Ctrl Pts',(4.3890778394869,2.23021992854682,19.));
#15393=CARTESIAN_POINT('Ctrl Pts',(4.55387293218734,1.94142376962309,19.));
#15394=CARTESIAN_POINT('Ctrl Pts',(4.57634249291091,1.60959250107915,19.));
#15395=CARTESIAN_POINT('Ctrl Pts',(4.58766299231848,1.44241096490311,19.));
#15396=CARTESIAN_POINT('',(4.30730896933874,2.37351628058838,19.));
#15397=CARTESIAN_POINT('Ctrl Pts',(3.53786784156164,2.98947783225464,19.));
#15398=CARTESIAN_POINT('Ctrl Pts',(3.53786784156164,2.98947783225464,18.8));
#15399=CARTESIAN_POINT('Ctrl Pts',(3.69151284753475,2.91468550240753,19.));
#15400=CARTESIAN_POINT('Ctrl Pts',(3.69151284753475,2.91468550240753,18.8));
#15401=CARTESIAN_POINT('Ctrl Pts',(3.99449480901999,2.76719794394372,19.));
#15402=CARTESIAN_POINT('Ctrl Pts',(3.99449480901999,2.76719794394372,18.8));
#15403=CARTESIAN_POINT('Ctrl Pts',(4.2040307013123,2.50349364575523,19.));
#15404=CARTESIAN_POINT('Ctrl Pts',(4.2040307013123,2.50349364575523,18.8));
#15405=CARTESIAN_POINT('Ctrl Pts',(4.30730896933874,2.37351628058838,19.));
#15406=CARTESIAN_POINT('Ctrl Pts',(4.30730896933874,2.37351628058838,18.8));
#15407=CARTESIAN_POINT('',(3.53786784156164,2.98947783225464,19.));
#15408=CARTESIAN_POINT('Ctrl Pts',(3.53786784156164,2.98947783225464,19.));
#15409=CARTESIAN_POINT('Ctrl Pts',(3.69151284753475,2.91468550240753,19.));
#15410=CARTESIAN_POINT('Ctrl Pts',(3.99449480901999,2.76719794394372,19.));
#15411=CARTESIAN_POINT('Ctrl Pts',(4.2040307013123,2.50349364575523,19.));
#15412=CARTESIAN_POINT('Ctrl Pts',(4.30730896933874,2.37351628058838,19.));
#15413=CARTESIAN_POINT('',(3.53786784156164,2.98947783225464,19.));
#15414=CARTESIAN_POINT('Ctrl Pts',(2.16883736594518,3.19002362006592,19.));
#15415=CARTESIAN_POINT('Ctrl Pts',(2.16883736594518,3.19002362006592,18.8));
#15416=CARTESIAN_POINT('Ctrl Pts',(2.43173738667842,3.18689477764793,19.));
#15417=CARTESIAN_POINT('Ctrl Pts',(2.43173738667842,3.18689477764793,18.8));
#15418=CARTESIAN_POINT('Ctrl Pts',(2.89781419527585,3.18134787474273,19.));
#15419=CARTESIAN_POINT('Ctrl Pts',(2.89781419527585,3.18134787474273,18.8));
#15420=CARTESIAN_POINT('Ctrl Pts',(3.34355578317203,3.04772711044486,19.));
#15421=CARTESIAN_POINT('Ctrl Pts',(3.34355578317203,3.04772711044486,18.8));
#15422=CARTESIAN_POINT('Ctrl Pts',(3.53786784156164,2.98947783225464,19.));
#15423=CARTESIAN_POINT('Ctrl Pts',(3.53786784156164,2.98947783225464,18.8));
#15424=CARTESIAN_POINT('',(2.16883736594518,3.19002362006592,19.));
#15425=CARTESIAN_POINT('Ctrl Pts',(2.16883736594518,3.19002362006592,19.));
#15426=CARTESIAN_POINT('Ctrl Pts',(2.43173738667842,3.18689477764793,19.));
#15427=CARTESIAN_POINT('Ctrl Pts',(2.89781419527585,3.18134787474273,19.));
#15428=CARTESIAN_POINT('Ctrl Pts',(3.34355578317203,3.04772711044486,19.));
#15429=CARTESIAN_POINT('Ctrl Pts',(3.53786784156164,2.98947783225464,19.));
#15430=CARTESIAN_POINT('',(2.16883736594518,3.19002362006592,19.));
#15431=CARTESIAN_POINT('Ctrl Pts',(0.84891873343786,2.9792460989325,19.));
#15432=CARTESIAN_POINT('Ctrl Pts',(0.84891873343786,2.9792460989325,18.8));
#15433=CARTESIAN_POINT('Ctrl Pts',(1.03690626896594,3.0404911125252,19.));
#15434=CARTESIAN_POINT('Ctrl Pts',(1.03690626896594,3.0404911125252,18.8));
#15435=CARTESIAN_POINT('Ctrl Pts',(1.46495577824409,3.17994662451138,19.));
#15436=CARTESIAN_POINT('Ctrl Pts',(1.46495577824409,3.17994662451138,18.8));
#15437=CARTESIAN_POINT('Ctrl Pts',(1.91592268400621,3.18640281200657,19.));
#15438=CARTESIAN_POINT('Ctrl Pts',(1.91592268400621,3.18640281200657,18.8));
#15439=CARTESIAN_POINT('Ctrl Pts',(2.16883736594518,3.19002362006592,19.));
#15440=CARTESIAN_POINT('Ctrl Pts',(2.16883736594518,3.19002362006592,18.8));
#15441=CARTESIAN_POINT('',(0.84891873343786,2.9792460989325,19.));
#15442=CARTESIAN_POINT('Ctrl Pts',(0.84891873343786,2.9792460989325,19.));
#15443=CARTESIAN_POINT('Ctrl Pts',(1.03690626896594,3.0404911125252,19.));
#15444=CARTESIAN_POINT('Ctrl Pts',(1.46495577824409,3.17994662451138,19.));
#15445=CARTESIAN_POINT('Ctrl Pts',(1.91592268400621,3.18640281200657,19.));
#15446=CARTESIAN_POINT('Ctrl Pts',(2.16883736594518,3.19002362006592,19.));
#15447=CARTESIAN_POINT('',(0.84891873343786,2.9792460989325,19.));
#15448=CARTESIAN_POINT('Ctrl Pts',(0.110173997720087,2.37351628058838,19.));
#15449=CARTESIAN_POINT('Ctrl Pts',(0.110173997720087,2.37351628058838,18.8));
#15450=CARTESIAN_POINT('Ctrl Pts',(0.208362089480416,2.49832850522396,19.));
#15451=CARTESIAN_POINT('Ctrl Pts',(0.208362089480416,2.49832850522396,18.8));
#15452=CARTESIAN_POINT('Ctrl Pts',(0.409837020658208,2.75443425000184,19.));
#15453=CARTESIAN_POINT('Ctrl Pts',(0.409837020658208,2.75443425000184,18.8));
#15454=CARTESIAN_POINT('Ctrl Pts',(0.700109510186411,2.9030550947449,19.));
#15455=CARTESIAN_POINT('Ctrl Pts',(0.700109510186411,2.9030550947449,18.8));
#15456=CARTESIAN_POINT('Ctrl Pts',(0.84891873343786,2.9792460989325,19.));
#15457=CARTESIAN_POINT('Ctrl Pts',(0.84891873343786,2.9792460989325,18.8));
#15458=CARTESIAN_POINT('',(0.110173997720087,2.37351628058838,19.));
#15459=CARTESIAN_POINT('Ctrl Pts',(0.110173997720087,2.37351628058838,19.));
#15460=CARTESIAN_POINT('Ctrl Pts',(0.208362089480416,2.49832850522396,19.));
#15461=CARTESIAN_POINT('Ctrl Pts',(0.409837020658208,2.75443425000184,19.));
#15462=CARTESIAN_POINT('Ctrl Pts',(0.700109510186411,2.9030550947449,19.));
#15463=CARTESIAN_POINT('Ctrl Pts',(0.84891873343786,2.9792460989325,19.));
#15464=CARTESIAN_POINT('',(0.110173997720087,2.37351628058838,19.));
#15465=CARTESIAN_POINT('Ctrl Pts',(-0.249990644613898,1.27460749858307,
19.));
#15466=CARTESIAN_POINT('Ctrl Pts',(-0.249990644613898,1.27460749858307,
18.8));
#15467=CARTESIAN_POINT('Ctrl Pts',(-0.215835888738312,1.48767286765099,
19.));
#15468=CARTESIAN_POINT('Ctrl Pts',(-0.215835888738312,1.48767286765099,
18.8));
#15469=CARTESIAN_POINT('Ctrl Pts',(-0.153942883057998,1.87377593763154,
19.));
#15470=CARTESIAN_POINT('Ctrl Pts',(-0.153942883057998,1.87377593763154,
18.8));
#15471=CARTESIAN_POINT('Ctrl Pts',(0.0284375545895799,2.21886127329852,
19.));
#15472=CARTESIAN_POINT('Ctrl Pts',(0.0284375545895799,2.21886127329852,
18.8));
#15473=CARTESIAN_POINT('Ctrl Pts',(0.110173997720087,2.37351628058838,19.));
#15474=CARTESIAN_POINT('Ctrl Pts',(0.110173997720087,2.37351628058838,18.8));
#15475=CARTESIAN_POINT('',(-0.249990644613898,1.27460749858307,19.));
#15476=CARTESIAN_POINT('Ctrl Pts',(-0.249990644613898,1.27460749858307,
19.));
#15477=CARTESIAN_POINT('Ctrl Pts',(-0.215835888738312,1.48767286765099,
19.));
#15478=CARTESIAN_POINT('Ctrl Pts',(-0.153942883057998,1.87377593763154,
19.));
#15479=CARTESIAN_POINT('Ctrl Pts',(0.0284375545895799,2.21886127329852,
19.));
#15480=CARTESIAN_POINT('Ctrl Pts',(0.110173997720087,2.37351628058838,19.));
#15481=CARTESIAN_POINT('',(-0.249990644613898,1.27460749858307,19.));
#15482=CARTESIAN_POINT('Origin',(1.41985970481237,1.13954575770783,19.));
#15483=CARTESIAN_POINT('',(1.41985970481237,1.13954575770783,19.));
#15484=CARTESIAN_POINT('',(0.760329170410497,1.19289026379923,19.));
#15485=CARTESIAN_POINT('',(1.41985970481237,1.13954575770783,19.));
#15486=CARTESIAN_POINT('Ctrl Pts',(1.69202881797155,1.84759529345917,19.));
#15487=CARTESIAN_POINT('Ctrl Pts',(1.69202881797155,1.84759529345917,18.8));
#15488=CARTESIAN_POINT('Ctrl Pts',(1.62895973728167,1.75789915754197,19.));
#15489=CARTESIAN_POINT('Ctrl Pts',(1.62895973728167,1.75789915754197,18.8));
#15490=CARTESIAN_POINT('Ctrl Pts',(1.4799230310647,1.54594083325277,19.));
#15491=CARTESIAN_POINT('Ctrl Pts',(1.4799230310647,1.54594083325277,18.8));
#15492=CARTESIAN_POINT('Ctrl Pts',(1.44183164677979,1.28821033512739,19.));
#15493=CARTESIAN_POINT('Ctrl Pts',(1.44183164677979,1.28821033512739,18.8));
#15494=CARTESIAN_POINT('Ctrl Pts',(1.41985970481237,1.13954575770783,19.));
#15495=CARTESIAN_POINT('Ctrl Pts',(1.41985970481237,1.13954575770783,18.8));
#15496=CARTESIAN_POINT('',(1.69202881797155,1.84759529345917,19.));
#15497=CARTESIAN_POINT('Ctrl Pts',(1.69202881797155,1.84759529345917,19.));
#15498=CARTESIAN_POINT('Ctrl Pts',(1.62895973728167,1.75789915754197,19.));
#15499=CARTESIAN_POINT('Ctrl Pts',(1.4799230310647,1.54594083325277,19.));
#15500=CARTESIAN_POINT('Ctrl Pts',(1.44183164677979,1.28821033512739,19.));
#15501=CARTESIAN_POINT('Ctrl Pts',(1.41985970481237,1.13954575770783,19.));
#15502=CARTESIAN_POINT('',(1.69202881797155,1.84759529345917,19.));
#15503=CARTESIAN_POINT('Ctrl Pts',(2.21385556205114,2.04814078324723,19.));
#15504=CARTESIAN_POINT('Ctrl Pts',(2.21385556205114,2.04814078324723,18.8));
#15505=CARTESIAN_POINT('Ctrl Pts',(2.11345467156383,2.04089644580099,19.));
#15506=CARTESIAN_POINT('Ctrl Pts',(2.11345467156383,2.04089644580099,18.8));
#15507=CARTESIAN_POINT('Ctrl Pts',(1.91882366300424,2.02685301753392,19.));
#15508=CARTESIAN_POINT('Ctrl Pts',(1.91882366300424,2.02685301753392,18.8));
#15509=CARTESIAN_POINT('Ctrl Pts',(1.76601213748151,1.90607140861488,19.));
#15510=CARTESIAN_POINT('Ctrl Pts',(1.76601213748151,1.90607140861488,18.8));
#15511=CARTESIAN_POINT('Ctrl Pts',(1.69202881797155,1.84759529345917,19.));
#15512=CARTESIAN_POINT('Ctrl Pts',(1.69202881797155,1.84759529345917,18.8));
#15513=CARTESIAN_POINT('',(2.21385556205114,2.04814078324723,19.));
#15514=CARTESIAN_POINT('Ctrl Pts',(2.21385556205114,2.04814078324723,19.));
#15515=CARTESIAN_POINT('Ctrl Pts',(2.11345467156383,2.04089644580099,19.));
#15516=CARTESIAN_POINT('Ctrl Pts',(1.91882366300424,2.02685301753392,19.));
#15517=CARTESIAN_POINT('Ctrl Pts',(1.76601213748151,1.90607140861488,19.));
#15518=CARTESIAN_POINT('Ctrl Pts',(1.69202881797155,1.84759529345917,19.));
#15519=CARTESIAN_POINT('',(2.21385556205114,2.04814078324723,19.));
#15520=CARTESIAN_POINT('Ctrl Pts',(2.72340613349279,1.85373427384781,19.));
#15521=CARTESIAN_POINT('Ctrl Pts',(2.72340613349279,1.85373427384781,18.8));
#15522=CARTESIAN_POINT('Ctrl Pts',(2.65031123102264,1.91042640131453,19.));
#15523=CARTESIAN_POINT('Ctrl Pts',(2.65031123102264,1.91042640131453,18.8));
#15524=CARTESIAN_POINT('Ctrl Pts',(2.50039415503744,2.02670151344924,19.));
#15525=CARTESIAN_POINT('Ctrl Pts',(2.50039415503744,2.02670151344924,18.8));
#15526=CARTESIAN_POINT('Ctrl Pts',(2.3109385221371,2.04087688293845,19.));
#15527=CARTESIAN_POINT('Ctrl Pts',(2.3109385221371,2.04087688293845,18.8));
#15528=CARTESIAN_POINT('Ctrl Pts',(2.21385556205114,2.04814078324723,19.));
#15529=CARTESIAN_POINT('Ctrl Pts',(2.21385556205114,2.04814078324723,18.8));
#15530=CARTESIAN_POINT('',(2.72340613349279,1.85373427384781,19.));
#15531=CARTESIAN_POINT('Ctrl Pts',(2.72340613349279,1.85373427384781,19.));
#15532=CARTESIAN_POINT('Ctrl Pts',(2.65031123102264,1.91042640131453,19.));
#15533=CARTESIAN_POINT('Ctrl Pts',(2.50039415503744,2.02670151344924,19.));
#15534=CARTESIAN_POINT('Ctrl Pts',(2.3109385221371,2.04087688293845,19.));
#15535=CARTESIAN_POINT('Ctrl Pts',(2.21385556205114,2.04814078324723,19.));
#15536=CARTESIAN_POINT('',(2.72340613349279,1.85373427384781,19.));
#15537=CARTESIAN_POINT('Ctrl Pts',(2.92599755271276,1.38511212581086,19.));
#15538=CARTESIAN_POINT('Ctrl Pts',(2.92599755271276,1.38511212581086,18.8));
#15539=CARTESIAN_POINT('Ctrl Pts',(2.91733200915407,1.47340537727441,19.));
#15540=CARTESIAN_POINT('Ctrl Pts',(2.91733200915407,1.47340537727441,18.8));
#15541=CARTESIAN_POINT('Ctrl Pts',(2.89988435188326,1.65117961387332,19.));
#15542=CARTESIAN_POINT('Ctrl Pts',(2.89988435188326,1.65117961387332,18.8));
#15543=CARTESIAN_POINT('Ctrl Pts',(2.7824936406855,1.78591598988441,19.));
#15544=CARTESIAN_POINT('Ctrl Pts',(2.7824936406855,1.78591598988441,18.8));
#15545=CARTESIAN_POINT('Ctrl Pts',(2.72340613349279,1.85373427384781,19.));
#15546=CARTESIAN_POINT('Ctrl Pts',(2.72340613349279,1.85373427384781,18.8));
#15547=CARTESIAN_POINT('',(2.92599755271276,1.38511212581086,19.));
#15548=CARTESIAN_POINT('Ctrl Pts',(2.92599755271276,1.38511212581086,19.));
#15549=CARTESIAN_POINT('Ctrl Pts',(2.91733200915407,1.47340537727441,19.));
#15550=CARTESIAN_POINT('Ctrl Pts',(2.89988435188326,1.65117961387332,19.));
#15551=CARTESIAN_POINT('Ctrl Pts',(2.7824936406855,1.78591598988441,19.));
#15552=CARTESIAN_POINT('Ctrl Pts',(2.72340613349279,1.85373427384781,19.));
#15553=CARTESIAN_POINT('',(2.92599755271276,1.38511212581086,19.));
#15554=CARTESIAN_POINT('Ctrl Pts',(2.7213605020841,0.848959405359502,19.));
#15555=CARTESIAN_POINT('Ctrl Pts',(2.7213605020841,0.848959405359502,18.8));
#15556=CARTESIAN_POINT('Ctrl Pts',(2.78091208765693,0.937631234996024,19.));
#15557=CARTESIAN_POINT('Ctrl Pts',(2.78091208765693,0.937631234996024,18.8));
#15558=CARTESIAN_POINT('Ctrl Pts',(2.89070751326369,1.10111573638459,19.));
#15559=CARTESIAN_POINT('Ctrl Pts',(2.89070751326369,1.10111573638459,18.8));
#15560=CARTESIAN_POINT('Ctrl Pts',(2.91491835230671,1.295952324287,19.));
#15561=CARTESIAN_POINT('Ctrl Pts',(2.91491835230671,1.295952324287,18.8));
#15562=CARTESIAN_POINT('Ctrl Pts',(2.92599755271276,1.38511212581086,19.));
#15563=CARTESIAN_POINT('Ctrl Pts',(2.92599755271276,1.38511212581086,18.8));
#15564=CARTESIAN_POINT('',(2.7213605020841,0.848959405359502,19.));
#15565=CARTESIAN_POINT('Ctrl Pts',(2.7213605020841,0.848959405359502,19.));
#15566=CARTESIAN_POINT('Ctrl Pts',(2.78091208765693,0.937631234996024,19.));
#15567=CARTESIAN_POINT('Ctrl Pts',(2.89070751326369,1.10111573638459,19.));
#15568=CARTESIAN_POINT('Ctrl Pts',(2.91491835230671,1.295952324287,19.));
#15569=CARTESIAN_POINT('Ctrl Pts',(2.92599755271276,1.38511212581086,19.));
#15570=CARTESIAN_POINT('',(2.7213605020841,0.848959405359502,19.));
#15571=CARTESIAN_POINT('Ctrl Pts',(1.78411560996374,0.0222197365133714,
19.));
#15572=CARTESIAN_POINT('Ctrl Pts',(1.78411560996374,0.0222197365133714,
18.8));
#15573=CARTESIAN_POINT('Ctrl Pts',(1.99111513247153,0.174358288313176,19.));
#15574=CARTESIAN_POINT('Ctrl Pts',(1.99111513247153,0.174358288313176,18.8));
#15575=CARTESIAN_POINT('Ctrl Pts',(2.3285682720538,0.422376406105742,19.));
#15576=CARTESIAN_POINT('Ctrl Pts',(2.3285682720538,0.422376406105742,18.8));
#15577=CARTESIAN_POINT('Ctrl Pts',(2.61184900981088,0.730026959004694,19.));
#15578=CARTESIAN_POINT('Ctrl Pts',(2.61184900981088,0.730026959004694,18.8));
#15579=CARTESIAN_POINT('Ctrl Pts',(2.7213605020841,0.848959405359502,19.));
#15580=CARTESIAN_POINT('Ctrl Pts',(2.7213605020841,0.848959405359502,18.8));
#15581=CARTESIAN_POINT('',(1.78411560996374,0.0222197365133714,19.));
#15582=CARTESIAN_POINT('Ctrl Pts',(1.78411560996374,0.0222197365133714,
19.));
#15583=CARTESIAN_POINT('Ctrl Pts',(1.99111513247153,0.174358288313176,19.));
#15584=CARTESIAN_POINT('Ctrl Pts',(2.3285682720538,0.422376406105742,19.));
#15585=CARTESIAN_POINT('Ctrl Pts',(2.61184900981088,0.730026959004694,19.));
#15586=CARTESIAN_POINT('Ctrl Pts',(2.7213605020841,0.848959405359502,19.));
#15587=CARTESIAN_POINT('',(1.78411560996374,0.0222197365133714,19.));
#15588=CARTESIAN_POINT('Ctrl Pts',(0.149055299599969,-1.51870755440307,
19.));
#15589=CARTESIAN_POINT('Ctrl Pts',(0.149055299599969,-1.51870755440307,
18.8));
#15590=CARTESIAN_POINT('Ctrl Pts',(0.350546837319552,-1.2738330423552,19.));
#15591=CARTESIAN_POINT('Ctrl Pts',(0.350546837319552,-1.2738330423552,18.8));
#15592=CARTESIAN_POINT('Ctrl Pts',(0.829456529474104,-0.69180970525331,
19.));
#15593=CARTESIAN_POINT('Ctrl Pts',(0.829456529474104,-0.69180970525331,
18.8));
#15594=CARTESIAN_POINT('Ctrl Pts',(1.43395031931861,-0.239683525200926,
19.));
#15595=CARTESIAN_POINT('Ctrl Pts',(1.43395031931861,-0.239683525200926,
18.8));
#15596=CARTESIAN_POINT('Ctrl Pts',(1.78411560996374,0.0222197365133714,
19.));
#15597=CARTESIAN_POINT('Ctrl Pts',(1.78411560996374,0.0222197365133714,
18.8));
#15598=CARTESIAN_POINT('',(0.149055299599969,-1.51870755440307,19.));
#15599=CARTESIAN_POINT('Ctrl Pts',(0.149055299599969,-1.51870755440307,
19.));
#15600=CARTESIAN_POINT('Ctrl Pts',(0.350546837319552,-1.2738330423552,19.));
#15601=CARTESIAN_POINT('Ctrl Pts',(0.829456529474104,-0.69180970525331,
19.));
#15602=CARTESIAN_POINT('Ctrl Pts',(1.43395031931861,-0.239683525200926,
19.));
#15603=CARTESIAN_POINT('Ctrl Pts',(1.78411560996374,0.0222197365133714,
19.));
#15604=CARTESIAN_POINT('',(0.149055299599969,-1.51870755440307,19.));
#15605=CARTESIAN_POINT('Ctrl Pts',(-0.372773828665411,-2.91229573971344,
19.));
#15606=CARTESIAN_POINT('Ctrl Pts',(-0.372773828665411,-2.91229573971344,
18.8));
#15607=CARTESIAN_POINT('Ctrl Pts',(-0.32859505951377,-2.66761869795199,
19.));
#15608=CARTESIAN_POINT('Ctrl Pts',(-0.32859505951377,-2.66761869795199,
18.8));
#15609=CARTESIAN_POINT('Ctrl Pts',(-0.239042125902258,-2.17164410884758,
19.));
#15610=CARTESIAN_POINT('Ctrl Pts',(-0.239042125902258,-2.17164410884758,
18.8));
#15611=CARTESIAN_POINT('Ctrl Pts',(0.0185433663938328,-1.73828131702526,
19.));
#15612=CARTESIAN_POINT('Ctrl Pts',(0.0185433663938328,-1.73828131702526,
18.8));
#15613=CARTESIAN_POINT('Ctrl Pts',(0.149055299599969,-1.51870755440307,
19.));
#15614=CARTESIAN_POINT('Ctrl Pts',(0.149055299599969,-1.51870755440307,
18.8));
#15615=CARTESIAN_POINT('',(-0.372773828665411,-2.91229573971344,19.));
#15616=CARTESIAN_POINT('Ctrl Pts',(-0.372773828665411,-2.91229573971344,
19.));
#15617=CARTESIAN_POINT('Ctrl Pts',(-0.32859505951377,-2.66761869795199,
19.));
#15618=CARTESIAN_POINT('Ctrl Pts',(-0.239042125902258,-2.17164410884758,
19.));
#15619=CARTESIAN_POINT('Ctrl Pts',(0.0185433663938328,-1.73828131702526,
19.));
#15620=CARTESIAN_POINT('Ctrl Pts',(0.149055299599969,-1.51870755440307,
19.));
#15621=CARTESIAN_POINT('',(-0.372773828665411,-2.91229573971344,19.));
#15622=CARTESIAN_POINT('Origin',(4.62858992560705,-2.91229573971344,19.));
#15623=CARTESIAN_POINT('',(4.62858992560705,-2.91229573971344,19.));
#15624=CARTESIAN_POINT('',(2.31429496280353,-2.91229573971344,19.));
#15625=CARTESIAN_POINT('',(4.62858992560705,-2.91229573971344,19.));
#15626=CARTESIAN_POINT('Origin',(4.62858992560705,-1.55349640137268,19.));
#15627=CARTESIAN_POINT('',(4.62858992560705,-1.55349640137268,19.));
#15628=CARTESIAN_POINT('',(4.62858992560705,-0.776748200686338,19.));
#15629=CARTESIAN_POINT('',(4.62858992560705,-1.55349640137268,19.));
#15630=CARTESIAN_POINT('Origin',(2.02558833106359,-1.55349640137268,19.));
#15631=CARTESIAN_POINT('',(1.0127941655318,-1.55349640137268,19.));
#15632=CARTESIAN_POINT('Origin',(13.4566958521207,-1.55349640137267,19.));
#15633=CARTESIAN_POINT('',(13.4566958521207,-1.55349640137267,19.));
#15634=CARTESIAN_POINT('',(13.4566958521207,-2.91229573971343,19.));
#15635=CARTESIAN_POINT('',(13.4566958521207,-0.776748200686337,19.));
#15636=CARTESIAN_POINT('',(13.4566958521207,-1.55349640137267,19.));
#15637=CARTESIAN_POINT('',(13.4566958521207,-2.91229573971343,19.));
#15638=CARTESIAN_POINT('Origin',(10.2561505411466,-1.55349640137267,19.));
#15639=CARTESIAN_POINT('',(10.2561505411466,-1.55349640137267,19.));
#15640=CARTESIAN_POINT('',(5.1280752705733,-1.55349640137268,19.));
#15641=CARTESIAN_POINT('',(10.2561505411466,-1.55349640137267,19.));
#15642=CARTESIAN_POINT('Origin',(10.2561505411466,-0.370685737195734,19.));
#15643=CARTESIAN_POINT('',(10.2561505411466,-0.370685737195734,19.));
#15644=CARTESIAN_POINT('',(10.2561505411466,-0.185342868597867,19.));
#15645=CARTESIAN_POINT('',(10.2561505411466,-0.370685737195734,19.));
#15646=CARTESIAN_POINT('Origin',(13.1415517900785,-0.370685737195734,19.));
#15647=CARTESIAN_POINT('',(13.1415517900785,-0.370685737195734,19.));
#15648=CARTESIAN_POINT('',(6.57077589503924,-0.370685737195735,19.));
#15649=CARTESIAN_POINT('',(13.1415517900785,-0.370685737195734,19.));
#15650=CARTESIAN_POINT('Origin',(13.1415517900785,0.853052456316229,19.));
#15651=CARTESIAN_POINT('',(13.1415517900785,0.853052456316229,19.));
#15652=CARTESIAN_POINT('',(13.1415517900785,0.426526228158114,19.));
#15653=CARTESIAN_POINT('',(13.1415517900785,0.853052456316229,19.));
#15654=CARTESIAN_POINT('Origin',(10.2561505411466,0.853052456316229,19.));
#15655=CARTESIAN_POINT('',(10.2561505411466,0.853052456316229,19.));
#15656=CARTESIAN_POINT('',(5.1280752705733,0.853052456316228,19.));
#15657=CARTESIAN_POINT('',(10.2561505411466,0.853052456316229,19.));
#15658=CARTESIAN_POINT('Origin',(10.2561505411466,1.80666746610093,19.));
#15659=CARTESIAN_POINT('',(10.2561505411466,1.80666746610093,19.));
#15660=CARTESIAN_POINT('',(10.2561505411466,0.903333733050464,19.));
#15661=CARTESIAN_POINT('',(10.2561505411466,1.80666746610093,19.));
#15662=CARTESIAN_POINT('Origin',(13.3666546915372,1.80666746610093,19.));
#15663=CARTESIAN_POINT('',(13.3666546915372,1.80666746610093,19.));
#15664=CARTESIAN_POINT('',(6.68332734576861,1.80666746610093,19.));
#15665=CARTESIAN_POINT('',(13.3666546915372,1.80666746610093,19.));
#15666=CARTESIAN_POINT('Origin',(13.3666546915372,3.08770449870515,19.));
#15667=CARTESIAN_POINT('',(13.3666546915372,3.08770449870515,19.));
#15668=CARTESIAN_POINT('',(13.3666546915372,1.54385224935257,19.));
#15669=CARTESIAN_POINT('',(13.3666546915372,3.08770449870515,19.));
#15670=CARTESIAN_POINT('Origin',(8.39803296073278,3.08770449870514,19.));
#15671=CARTESIAN_POINT('',(8.39803296073278,3.08770449870514,19.));
#15672=CARTESIAN_POINT('',(4.19901648036639,3.08770449870514,19.));
#15673=CARTESIAN_POINT('',(8.39803296073278,3.08770449870514,19.));
#15674=CARTESIAN_POINT('Origin',(8.39803296073278,-2.91229573971343,19.));
#15675=CARTESIAN_POINT('',(8.39803296073278,-2.91229573971343,19.));
#15676=CARTESIAN_POINT('',(8.39803296073278,-1.45614786985672,19.));
#15677=CARTESIAN_POINT('',(8.39803296073278,-2.91229573971343,19.));
#15678=CARTESIAN_POINT('Origin',(13.4566958521207,-2.91229573971343,19.));
#15679=CARTESIAN_POINT('',(6.72834792606036,-2.91229573971344,19.));
#15680=CARTESIAN_POINT('Origin',(20.3693826769193,3.08770449870515,19.));
#15681=CARTESIAN_POINT('',(20.3693826769193,3.08770449870515,19.));
#15682=CARTESIAN_POINT('',(18.1415088747342,-2.91229573971343,19.));
#15683=CARTESIAN_POINT('',(18.6315405096014,-1.5925666225832,19.));
#15684=CARTESIAN_POINT('',(20.3693826769193,3.08770449870515,19.));
#15685=CARTESIAN_POINT('',(18.1415088747342,-2.91229573971343,19.));
#15686=CARTESIAN_POINT('Origin',(18.4876020525297,3.08770449870515,19.));
#15687=CARTESIAN_POINT('',(18.4876020525297,3.08770449870515,19.));
#15688=CARTESIAN_POINT('',(9.24380102626483,3.08770449870515,19.));
#15689=CARTESIAN_POINT('',(18.4876020525297,3.08770449870515,19.));
#15690=CARTESIAN_POINT('Origin',(17.1545131777128,-1.23016742950988,19.));
#15691=CARTESIAN_POINT('',(17.1545131777128,-1.23016742950988,19.));
#15692=CARTESIAN_POINT('',(16.5814611689896,-3.08628162310629,19.));
#15693=CARTESIAN_POINT('',(17.1545131777128,-1.23016742950988,19.));
#15694=CARTESIAN_POINT('Origin',(15.8040912721952,3.08770449870515,19.));
#15695=CARTESIAN_POINT('',(15.8040912721952,3.08770449870515,19.));
#15696=CARTESIAN_POINT('',(15.5398520584401,3.93258940374474,19.));
#15697=CARTESIAN_POINT('',(15.8040912721952,3.08770449870515,19.));
#15698=CARTESIAN_POINT('Origin',(13.8659723375638,3.08770449870515,19.));
#15699=CARTESIAN_POINT('',(13.8659723375638,3.08770449870515,19.));
#15700=CARTESIAN_POINT('',(6.93298616878192,3.08770449870515,19.));
#15701=CARTESIAN_POINT('',(13.8659723375638,3.08770449870515,19.));
#15702=CARTESIAN_POINT('Origin',(16.1319597338041,-2.91229573971343,19.));
#15703=CARTESIAN_POINT('',(16.1319597338041,-2.91229573971343,19.));
#15704=CARTESIAN_POINT('',(14.6438231409783,1.02807035701274,19.));
#15705=CARTESIAN_POINT('',(16.1319597338041,-2.91229573971343,19.));
#15706=CARTESIAN_POINT('Origin',(18.1415088747342,-2.91229573971343,19.));
#15707=CARTESIAN_POINT('',(9.07075443736712,-2.91229573971343,19.));
#15708=CARTESIAN_POINT('Origin',(7.60403471930822,-0.0800993848474072,19.));
#15709=CARTESIAN_POINT('',(7.60403471930822,-0.0800993848474072,19.));
#15710=CARTESIAN_POINT('',(7.60403471930822,-1.3693216252954,19.));
#15711=CARTESIAN_POINT('',(7.60403471930822,-0.0400496924237036,19.));
#15712=CARTESIAN_POINT('',(7.60403471930822,-0.0800993848474072,19.));
#15713=CARTESIAN_POINT('',(7.60403471930822,-1.3693216252954,19.));
#15714=CARTESIAN_POINT('Origin',(5.18111544593176,-0.0800993848474074,19.));
#15715=CARTESIAN_POINT('',(5.18111544593176,-0.0800993848474074,19.));
#15716=CARTESIAN_POINT('',(2.59055772296588,-0.0800993848474077,19.));
#15717=CARTESIAN_POINT('',(5.18111544593176,-0.0800993848474074,19.));
#15718=CARTESIAN_POINT('Origin',(5.18111544593176,-1.3693216252954,19.));
#15719=CARTESIAN_POINT('',(5.18111544593176,-1.3693216252954,19.));
#15720=CARTESIAN_POINT('',(5.18111544593176,-0.684660812647702,19.));
#15721=CARTESIAN_POINT('',(5.18111544593176,-1.3693216252954,19.));
#15722=CARTESIAN_POINT('Origin',(7.60403471930822,-1.3693216252954,19.));
#15723=CARTESIAN_POINT('',(3.80201735965411,-1.36932162529541,19.));
#15724=CARTESIAN_POINT('Ctrl Pts',(25.0105817888578,-2.83044008499694,19.));
#15725=CARTESIAN_POINT('Ctrl Pts',(25.0105817888578,-2.83044008499694,18.8));
#15726=CARTESIAN_POINT('Ctrl Pts',(24.8372395045298,-2.85371462904528,19.));
#15727=CARTESIAN_POINT('Ctrl Pts',(24.8372395045298,-2.85371462904528,18.8));
#15728=CARTESIAN_POINT('Ctrl Pts',(24.5611941855439,-2.89077903581123,19.));
#15729=CARTESIAN_POINT('Ctrl Pts',(24.5611941855439,-2.89077903581123,18.8));
#15730=CARTESIAN_POINT('Ctrl Pts',(24.2831842383794,-2.9064611776214,19.));
#15731=CARTESIAN_POINT('Ctrl Pts',(24.2831842383794,-2.9064611776214,18.8));
#15732=CARTESIAN_POINT('Ctrl Pts',(24.1797502611478,-2.91229573971343,19.));
#15733=CARTESIAN_POINT('Ctrl Pts',(24.1797502611478,-2.91229573971343,18.8));
#15734=CARTESIAN_POINT('',(25.0105817888578,-2.83044008499694,19.));
#15735=CARTESIAN_POINT('',(24.1797502611478,-2.91229573971343,19.));
#15736=CARTESIAN_POINT('Ctrl Pts',(25.0105817888578,-2.83044008499694,19.));
#15737=CARTESIAN_POINT('Ctrl Pts',(24.8372395045298,-2.85371462904528,19.));
#15738=CARTESIAN_POINT('Ctrl Pts',(24.5611941855439,-2.89077903581123,19.));
#15739=CARTESIAN_POINT('Ctrl Pts',(24.2831842383794,-2.9064611776214,19.));
#15740=CARTESIAN_POINT('Ctrl Pts',(24.1797502611478,-2.91229573971343,19.));
#15741=CARTESIAN_POINT('',(25.0105817888578,-2.83044008499694,19.));
#15742=CARTESIAN_POINT('',(24.1797502611478,-2.91229573971343,19.));
#15743=CARTESIAN_POINT('Ctrl Pts',(25.7145412538846,-2.63398734814239,19.));
#15744=CARTESIAN_POINT('Ctrl Pts',(25.7145412538846,-2.63398734814239,18.8));
#15745=CARTESIAN_POINT('Ctrl Pts',(25.6181852956747,-2.67692001211042,19.));
#15746=CARTESIAN_POINT('Ctrl Pts',(25.6181852956747,-2.67692001211042,18.8));
#15747=CARTESIAN_POINT('Ctrl Pts',(25.3936723179821,-2.7769547209837,19.));
#15748=CARTESIAN_POINT('Ctrl Pts',(25.3936723179821,-2.7769547209837,18.8));
#15749=CARTESIAN_POINT('Ctrl Pts',(25.1497933486668,-2.81100399774035,19.));
#15750=CARTESIAN_POINT('Ctrl Pts',(25.1497933486668,-2.81100399774035,18.8));
#15751=CARTESIAN_POINT('Ctrl Pts',(25.0105817888578,-2.83044008499694,19.));
#15752=CARTESIAN_POINT('Ctrl Pts',(25.0105817888578,-2.83044008499694,18.8));
#15753=CARTESIAN_POINT('',(25.7145412538846,-2.63398734814239,19.));
#15754=CARTESIAN_POINT('Ctrl Pts',(25.7145412538846,-2.63398734814239,19.));
#15755=CARTESIAN_POINT('Ctrl Pts',(25.6181852956747,-2.67692001211042,19.));
#15756=CARTESIAN_POINT('Ctrl Pts',(25.3936723179821,-2.7769547209837,19.));
#15757=CARTESIAN_POINT('Ctrl Pts',(25.1497933486668,-2.81100399774035,19.));
#15758=CARTESIAN_POINT('Ctrl Pts',(25.0105817888578,-2.83044008499694,19.));
#15759=CARTESIAN_POINT('',(25.7145412538846,-2.63398734814239,19.));
#15760=CARTESIAN_POINT('Ctrl Pts',(26.3079889391263,-2.04462854153228,19.));
#15761=CARTESIAN_POINT('Ctrl Pts',(26.3079889391263,-2.04462854153228,18.8));
#15762=CARTESIAN_POINT('Ctrl Pts',(26.2288985326562,-2.16237305942595,19.));
#15763=CARTESIAN_POINT('Ctrl Pts',(26.2288985326562,-2.16237305942595,18.8));
#15764=CARTESIAN_POINT('Ctrl Pts',(26.0703766142662,-2.39836991023809,19.));
#15765=CARTESIAN_POINT('Ctrl Pts',(26.0703766142662,-2.39836991023809,18.8));
#15766=CARTESIAN_POINT('Ctrl Pts',(25.8333230702797,-2.55533561657017,19.));
#15767=CARTESIAN_POINT('Ctrl Pts',(25.8333230702797,-2.55533561657017,18.8));
#15768=CARTESIAN_POINT('Ctrl Pts',(25.7145412538846,-2.63398734814239,19.));
#15769=CARTESIAN_POINT('Ctrl Pts',(25.7145412538846,-2.63398734814239,18.8));
#15770=CARTESIAN_POINT('',(26.3079889391263,-2.04462854153228,19.));
#15771=CARTESIAN_POINT('Ctrl Pts',(26.3079889391263,-2.04462854153228,19.));
#15772=CARTESIAN_POINT('Ctrl Pts',(26.2288985326562,-2.16237305942595,19.));
#15773=CARTESIAN_POINT('Ctrl Pts',(26.0703766142662,-2.39836991023809,19.));
#15774=CARTESIAN_POINT('Ctrl Pts',(25.8333230702797,-2.55533561657017,19.));
#15775=CARTESIAN_POINT('Ctrl Pts',(25.7145412538846,-2.63398734814239,19.));
#15776=CARTESIAN_POINT('',(26.3079889391263,-2.04462854153228,19.));
#15777=CARTESIAN_POINT('Ctrl Pts',(26.5249069307645,-1.20561091190887,19.));
#15778=CARTESIAN_POINT('Ctrl Pts',(26.5249069307645,-1.20561091190887,18.8));
#15779=CARTESIAN_POINT('Ctrl Pts',(26.5166470136287,-1.35585931483233,19.));
#15780=CARTESIAN_POINT('Ctrl Pts',(26.5166470136287,-1.35585931483233,18.8));
#15781=CARTESIAN_POINT('Ctrl Pts',(26.5004650238067,-1.6502107092701,19.));
#15782=CARTESIAN_POINT('Ctrl Pts',(26.5004650238067,-1.6502107092701,18.8));
#15783=CARTESIAN_POINT('Ctrl Pts',(26.3712483806693,-1.9149986613062,19.));
#15784=CARTESIAN_POINT('Ctrl Pts',(26.3712483806693,-1.9149986613062,18.8));
#15785=CARTESIAN_POINT('Ctrl Pts',(26.3079889391263,-2.04462854153228,19.));
#15786=CARTESIAN_POINT('Ctrl Pts',(26.3079889391263,-2.04462854153228,18.8));
#15787=CARTESIAN_POINT('',(26.5249069307645,-1.20561091190887,19.));
#15788=CARTESIAN_POINT('Ctrl Pts',(26.5249069307645,-1.20561091190887,19.));
#15789=CARTESIAN_POINT('Ctrl Pts',(26.5166470136287,-1.35585931483233,19.));
#15790=CARTESIAN_POINT('Ctrl Pts',(26.5004650238067,-1.6502107092701,19.));
#15791=CARTESIAN_POINT('Ctrl Pts',(26.3712483806693,-1.9149986613062,19.));
#15792=CARTESIAN_POINT('Ctrl Pts',(26.3079889391263,-2.04462854153228,19.));
#15793=CARTESIAN_POINT('',(26.5249069307645,-1.20561091190887,19.));
#15794=CARTESIAN_POINT('Ctrl Pts',(26.2199981783231,-0.254041831556084,
19.));
#15795=CARTESIAN_POINT('Ctrl Pts',(26.2199981783231,-0.254041831556084,
18.8));
#15796=CARTESIAN_POINT('Ctrl Pts',(26.308881278234,-0.392271156193997,19.));
#15797=CARTESIAN_POINT('Ctrl Pts',(26.308881278234,-0.392271156193997,18.8));
#15798=CARTESIAN_POINT('Ctrl Pts',(26.4949674772942,-0.681668911743846,
19.));
#15799=CARTESIAN_POINT('Ctrl Pts',(26.4949674772942,-0.681668911743846,
18.8));
#15800=CARTESIAN_POINT('Ctrl Pts',(26.5146340129997,-1.02583431423146,19.));
#15801=CARTESIAN_POINT('Ctrl Pts',(26.5146340129997,-1.02583431423146,18.8));
#15802=CARTESIAN_POINT('Ctrl Pts',(26.5249069307645,-1.20561091190887,19.));
#15803=CARTESIAN_POINT('Ctrl Pts',(26.5249069307645,-1.20561091190887,18.8));
#15804=CARTESIAN_POINT('',(26.2199981783231,-0.254041831556084,19.));
#15805=CARTESIAN_POINT('Ctrl Pts',(26.2199981783231,-0.254041831556084,
19.));
#15806=CARTESIAN_POINT('Ctrl Pts',(26.308881278234,-0.392271156193997,19.));
#15807=CARTESIAN_POINT('Ctrl Pts',(26.4949674772942,-0.681668911743846,
19.));
#15808=CARTESIAN_POINT('Ctrl Pts',(26.5146340129997,-1.02583431423146,19.));
#15809=CARTESIAN_POINT('Ctrl Pts',(26.5249069307645,-1.20561091190887,19.));
#15810=CARTESIAN_POINT('',(26.2199981783231,-0.254041831556084,19.));
#15811=CARTESIAN_POINT('Ctrl Pts',(25.2684267137845,0.280064661440131,19.));
#15812=CARTESIAN_POINT('Ctrl Pts',(25.2684267137845,0.280064661440131,18.8));
#15813=CARTESIAN_POINT('Ctrl Pts',(25.4644547689333,0.22507445354087,19.));
#15814=CARTESIAN_POINT('Ctrl Pts',(25.4644547689333,0.22507445354087,18.8));
#15815=CARTESIAN_POINT('Ctrl Pts',(25.8260650669608,0.12363476190107,19.));
#15816=CARTESIAN_POINT('Ctrl Pts',(25.8260650669608,0.12363476190107,18.8));
#15817=CARTESIAN_POINT('Ctrl Pts',(26.0962704639449,-0.13542001395616,19.));
#15818=CARTESIAN_POINT('Ctrl Pts',(26.0962704639449,-0.13542001395616,18.8));
#15819=CARTESIAN_POINT('Ctrl Pts',(26.2199981783231,-0.254041831556084,
19.));
#15820=CARTESIAN_POINT('Ctrl Pts',(26.2199981783231,-0.254041831556084,
18.8));
#15821=CARTESIAN_POINT('',(25.2684267137845,0.280064661440131,19.));
#15822=CARTESIAN_POINT('Ctrl Pts',(25.2684267137845,0.280064661440131,19.));
#15823=CARTESIAN_POINT('Ctrl Pts',(25.4644547689333,0.22507445354087,19.));
#15824=CARTESIAN_POINT('Ctrl Pts',(25.8260650669608,0.12363476190107,19.));
#15825=CARTESIAN_POINT('Ctrl Pts',(26.0962704639449,-0.13542001395616,19.));
#15826=CARTESIAN_POINT('Ctrl Pts',(26.2199981783231,-0.254041831556084,
19.));
#15827=CARTESIAN_POINT('',(25.2684267137845,0.280064661440131,19.));
#15828=CARTESIAN_POINT('Ctrl Pts',(25.9150846575101,0.68115623706269,19.));
#15829=CARTESIAN_POINT('Ctrl Pts',(25.9150846575101,0.68115623706269,18.8));
#15830=CARTESIAN_POINT('Ctrl Pts',(25.8281607165371,0.599449038846496,19.));
#15831=CARTESIAN_POINT('Ctrl Pts',(25.8281607165371,0.599449038846496,18.8));
#15832=CARTESIAN_POINT('Ctrl Pts',(25.6399906742608,0.422572026937895,19.));
#15833=CARTESIAN_POINT('Ctrl Pts',(25.6399906742608,0.422572026937895,18.8));
#15834=CARTESIAN_POINT('Ctrl Pts',(25.3984104870383,0.32991784165738,19.));
#15835=CARTESIAN_POINT('Ctrl Pts',(25.3984104870383,0.32991784165738,18.8));
#15836=CARTESIAN_POINT('Ctrl Pts',(25.2684267137845,0.280064661440131,19.));
#15837=CARTESIAN_POINT('Ctrl Pts',(25.2684267137845,0.280064661440131,18.8));
#15838=CARTESIAN_POINT('',(25.9150846575101,0.68115623706269,19.));
#15839=CARTESIAN_POINT('Ctrl Pts',(25.9150846575101,0.68115623706269,19.));
#15840=CARTESIAN_POINT('Ctrl Pts',(25.8281607165371,0.599449038846496,19.));
#15841=CARTESIAN_POINT('Ctrl Pts',(25.6399906742608,0.422572026937895,19.));
#15842=CARTESIAN_POINT('Ctrl Pts',(25.3984104870383,0.32991784165738,19.));
#15843=CARTESIAN_POINT('Ctrl Pts',(25.2684267137845,0.280064661440131,19.));
#15844=CARTESIAN_POINT('',(25.9150846575101,0.68115623706269,19.));
#15845=CARTESIAN_POINT('Ctrl Pts',(26.2466009233793,1.59384341948914,19.));
#15846=CARTESIAN_POINT('Ctrl Pts',(26.2466009233793,1.59384341948914,18.8));
#15847=CARTESIAN_POINT('Ctrl Pts',(26.233606782977,1.42374962851408,19.));
#15848=CARTESIAN_POINT('Ctrl Pts',(26.233606782977,1.42374962851408,18.8));
#15849=CARTESIAN_POINT('Ctrl Pts',(26.2079900300172,1.08842536015154,19.));
#15850=CARTESIAN_POINT('Ctrl Pts',(26.2079900300172,1.08842536015154,18.8));
#15851=CARTESIAN_POINT('Ctrl Pts',(26.0117711736996,0.815593623191797,19.));
#15852=CARTESIAN_POINT('Ctrl Pts',(26.0117711736996,0.815593623191797,18.8));
#15853=CARTESIAN_POINT('Ctrl Pts',(25.9150846575101,0.68115623706269,19.));
#15854=CARTESIAN_POINT('Ctrl Pts',(25.9150846575101,0.68115623706269,18.8));
#15855=CARTESIAN_POINT('',(26.2466009233793,1.59384341948914,19.));
#15856=CARTESIAN_POINT('Ctrl Pts',(26.2466009233793,1.59384341948914,19.));
#15857=CARTESIAN_POINT('Ctrl Pts',(26.233606782977,1.42374962851408,19.));
#15858=CARTESIAN_POINT('Ctrl Pts',(26.2079900300172,1.08842536015154,19.));
#15859=CARTESIAN_POINT('Ctrl Pts',(26.0117711736996,0.815593623191797,19.));
#15860=CARTESIAN_POINT('Ctrl Pts',(25.9150846575101,0.68115623706269,19.));
#15861=CARTESIAN_POINT('',(26.2466009233793,1.59384341948914,19.));
#15862=CARTESIAN_POINT('Ctrl Pts',(25.7820709322294,2.65796335452485,19.));
#15863=CARTESIAN_POINT('Ctrl Pts',(25.7820709322294,2.65796335452485,18.8));
#15864=CARTESIAN_POINT('Ctrl Pts',(25.9175582316642,2.50611603997754,19.));
#15865=CARTESIAN_POINT('Ctrl Pts',(25.9175582316642,2.50611603997754,18.8));
#15866=CARTESIAN_POINT('Ctrl Pts',(26.1887222768487,2.20220908903217,19.));
#15867=CARTESIAN_POINT('Ctrl Pts',(26.1887222768487,2.20220908903217,18.8));
#15868=CARTESIAN_POINT('Ctrl Pts',(26.2272990574291,1.79672640494373,19.));
#15869=CARTESIAN_POINT('Ctrl Pts',(26.2272990574291,1.79672640494373,18.8));
#15870=CARTESIAN_POINT('Ctrl Pts',(26.2466009233793,1.59384341948914,19.));
#15871=CARTESIAN_POINT('Ctrl Pts',(26.2466009233793,1.59384341948914,18.8));
#15872=CARTESIAN_POINT('',(25.7820709322294,2.65796335452485,19.));
#15873=CARTESIAN_POINT('Ctrl Pts',(25.7820709322294,2.65796335452485,19.));
#15874=CARTESIAN_POINT('Ctrl Pts',(25.9175582316642,2.50611603997754,19.));
#15875=CARTESIAN_POINT('Ctrl Pts',(26.1887222768487,2.20220908903217,19.));
#15876=CARTESIAN_POINT('Ctrl Pts',(26.2272990574291,1.79672640494373,19.));
#15877=CARTESIAN_POINT('Ctrl Pts',(26.2466009233793,1.59384341948914,19.));
#15878=CARTESIAN_POINT('',(25.7820709322294,2.65796335452485,19.));
#15879=CARTESIAN_POINT('Ctrl Pts',(24.4498737428983,3.08770449870515,19.));
#15880=CARTESIAN_POINT('Ctrl Pts',(24.4498737428983,3.08770449870515,18.8));
#15881=CARTESIAN_POINT('Ctrl Pts',(24.7140292656076,3.07689755725598,19.));
#15882=CARTESIAN_POINT('Ctrl Pts',(24.7140292656076,3.07689755725598,18.8));
#15883=CARTESIAN_POINT('Ctrl Pts',(25.2001664128459,3.05700906265785,19.));
#15884=CARTESIAN_POINT('Ctrl Pts',(25.2001664128459,3.05700906265785,18.8));
#15885=CARTESIAN_POINT('Ctrl Pts',(25.5996550499175,2.78305651415345,19.));
#15886=CARTESIAN_POINT('Ctrl Pts',(25.5996550499175,2.78305651415345,18.8));
#15887=CARTESIAN_POINT('Ctrl Pts',(25.7820709322294,2.65796335452485,19.));
#15888=CARTESIAN_POINT('Ctrl Pts',(25.7820709322294,2.65796335452485,18.8));
#15889=CARTESIAN_POINT('',(24.4498737428983,3.08770449870515,19.));
#15890=CARTESIAN_POINT('Ctrl Pts',(24.4498737428983,3.08770449870515,19.));
#15891=CARTESIAN_POINT('Ctrl Pts',(24.7140292656076,3.07689755725598,19.));
#15892=CARTESIAN_POINT('Ctrl Pts',(25.2001664128459,3.05700906265785,19.));
#15893=CARTESIAN_POINT('Ctrl Pts',(25.5996550499175,2.78305651415345,19.));
#15894=CARTESIAN_POINT('Ctrl Pts',(25.7820709322294,2.65796335452485,19.));
#15895=CARTESIAN_POINT('',(24.4498737428983,3.08770449870515,19.));
#15896=CARTESIAN_POINT('Origin',(20.9792049501737,3.08770449870515,19.));
#15897=CARTESIAN_POINT('',(20.9792049501737,3.08770449870515,19.));
#15898=CARTESIAN_POINT('',(10.4896024750868,3.08770449870514,19.));
#15899=CARTESIAN_POINT('',(20.9792049501737,3.08770449870515,19.));
#15900=CARTESIAN_POINT('Origin',(20.9792049501737,-2.91229573971343,19.));
#15901=CARTESIAN_POINT('',(20.9792049501737,-2.91229573971343,19.));
#15902=CARTESIAN_POINT('',(20.9792049501737,-1.45614786985672,19.));
#15903=CARTESIAN_POINT('',(20.9792049501737,-2.91229573971343,19.));
#15904=CARTESIAN_POINT('Origin',(24.1797502611478,-2.91229573971343,19.));
#15905=CARTESIAN_POINT('',(12.0898751305739,-2.91229573971344,19.));
#15906=CARTESIAN_POINT('Origin',(-9.76977151886622,-0.685829203191525,19.));
#15907=CARTESIAN_POINT('',(-9.76977151886622,-0.685829203191525,19.));
#15908=CARTESIAN_POINT('',(-9.76977151886622,-2.91229573971344,19.));
#15909=CARTESIAN_POINT('',(-9.76977151886622,-0.342914601595762,19.));
#15910=CARTESIAN_POINT('',(-9.76977151886622,-0.685829203191525,19.));
#15911=CARTESIAN_POINT('',(-9.76977151886622,-2.91229573971344,19.));
#15912=CARTESIAN_POINT('Origin',(-8.75476402298609,-0.685829203191525,19.));
#15913=CARTESIAN_POINT('',(-8.75476402298609,-0.685829203191525,19.));
#15914=CARTESIAN_POINT('',(-4.37738201149305,-0.685829203191524,19.));
#15915=CARTESIAN_POINT('',(-8.75476402298609,-0.685829203191525,19.));
#15916=CARTESIAN_POINT('Ctrl Pts',(-7.08696049706141,-0.174233000341183,
19.));
#15917=CARTESIAN_POINT('Ctrl Pts',(-7.08696049706141,-0.174233000341183,
18.8));
#15918=CARTESIAN_POINT('Ctrl Pts',(-7.31012865870219,-0.322979112297598,
19.));
#15919=CARTESIAN_POINT('Ctrl Pts',(-7.31012865870219,-0.322979112297598,
18.8));
#15920=CARTESIAN_POINT('Ctrl Pts',(-7.81196000499196,-0.657459896069094,
19.));
#15921=CARTESIAN_POINT('Ctrl Pts',(-7.81196000499196,-0.657459896069094,
18.8));
#15922=CARTESIAN_POINT('Ctrl Pts',(-8.41815081207979,-0.675700392347055,
19.));
#15923=CARTESIAN_POINT('Ctrl Pts',(-8.41815081207979,-0.675700392347055,
18.8));
#15924=CARTESIAN_POINT('Ctrl Pts',(-8.75476402298609,-0.685829203191525,
19.));
#15925=CARTESIAN_POINT('Ctrl Pts',(-8.75476402298609,-0.685829203191525,
18.8));
#15926=CARTESIAN_POINT('',(-7.08696049706141,-0.174233000341183,19.));
#15927=CARTESIAN_POINT('Ctrl Pts',(-7.08696049706141,-0.174233000341183,
19.));
#15928=CARTESIAN_POINT('Ctrl Pts',(-7.31012865870219,-0.322979112297598,
19.));
#15929=CARTESIAN_POINT('Ctrl Pts',(-7.81196000499196,-0.657459896069094,
19.));
#15930=CARTESIAN_POINT('Ctrl Pts',(-8.41815081207979,-0.675700392347055,
19.));
#15931=CARTESIAN_POINT('Ctrl Pts',(-8.75476402298609,-0.685829203191525,
19.));
#15932=CARTESIAN_POINT('',(-7.08696049706141,-0.174233000341183,19.));
#15933=CARTESIAN_POINT('Ctrl Pts',(-6.54057663933436,1.24595793002533,19.));
#15934=CARTESIAN_POINT('Ctrl Pts',(-6.54057663933436,1.24595793002533,18.8));
#15935=CARTESIAN_POINT('Ctrl Pts',(-6.55792220297182,0.964949471433979,
19.));
#15936=CARTESIAN_POINT('Ctrl Pts',(-6.55792220297182,0.964949471433979,
18.8));
#15937=CARTESIAN_POINT('Ctrl Pts',(-6.59081232415662,0.432109925242364,
19.));
#15938=CARTESIAN_POINT('Ctrl Pts',(-6.59081232415662,0.432109925242364,
18.8));
#15939=CARTESIAN_POINT('Ctrl Pts',(-6.92772740152717,0.0203658438522503,
19.));
#15940=CARTESIAN_POINT('Ctrl Pts',(-6.92772740152717,0.0203658438522503,
18.8));
#15941=CARTESIAN_POINT('Ctrl Pts',(-7.08696049706141,-0.174233000341183,
19.));
#15942=CARTESIAN_POINT('Ctrl Pts',(-7.08696049706141,-0.174233000341183,
18.8));
#15943=CARTESIAN_POINT('',(-6.54057663933436,1.24595793002533,19.));
#15944=CARTESIAN_POINT('Ctrl Pts',(-6.54057663933436,1.24595793002533,19.));
#15945=CARTESIAN_POINT('Ctrl Pts',(-6.55792220297182,0.964949471433979,
19.));
#15946=CARTESIAN_POINT('Ctrl Pts',(-6.59081232415662,0.432109925242364,
19.));
#15947=CARTESIAN_POINT('Ctrl Pts',(-6.92772740152717,0.0203658438522503,
19.));
#15948=CARTESIAN_POINT('Ctrl Pts',(-7.08696049706141,-0.174233000341183,
19.));
#15949=CARTESIAN_POINT('',(-6.54057663933436,1.24595793002533,19.));
#15950=CARTESIAN_POINT('Ctrl Pts',(-7.04193991676966,2.60885031932282,19.));
#15951=CARTESIAN_POINT('Ctrl Pts',(-7.04193991676966,2.60885031932282,18.8));
#15952=CARTESIAN_POINT('Ctrl Pts',(-6.89589169007349,2.42342551734636,19.));
#15953=CARTESIAN_POINT('Ctrl Pts',(-6.89589169007349,2.42342551734636,18.8));
#15954=CARTESIAN_POINT('Ctrl Pts',(-6.58238229277935,2.02538975048998,19.));
#15955=CARTESIAN_POINT('Ctrl Pts',(-6.58238229277935,2.02538975048998,18.8));
#15956=CARTESIAN_POINT('Ctrl Pts',(-6.55513225693523,1.51733537756511,19.));
#15957=CARTESIAN_POINT('Ctrl Pts',(-6.55513225693523,1.51733537756511,18.8));
#15958=CARTESIAN_POINT('Ctrl Pts',(-6.54057663933436,1.24595793002533,19.));
#15959=CARTESIAN_POINT('Ctrl Pts',(-6.54057663933436,1.24595793002533,18.8));
#15960=CARTESIAN_POINT('',(-7.04193991676966,2.60885031932282,19.));
#15961=CARTESIAN_POINT('Ctrl Pts',(-7.04193991676966,2.60885031932282,19.));
#15962=CARTESIAN_POINT('Ctrl Pts',(-6.89589169007349,2.42342551734636,19.));
#15963=CARTESIAN_POINT('Ctrl Pts',(-6.58238229277935,2.02538975048998,19.));
#15964=CARTESIAN_POINT('Ctrl Pts',(-6.55513225693523,1.51733537756511,19.));
#15965=CARTESIAN_POINT('Ctrl Pts',(-6.54057663933436,1.24595793002533,19.));
#15966=CARTESIAN_POINT('',(-7.04193991676966,2.60885031932282,19.));
#15967=CARTESIAN_POINT('Ctrl Pts',(-8.55012578026453,3.08770449870514,19.));
#15968=CARTESIAN_POINT('Ctrl Pts',(-8.55012578026453,3.08770449870514,18.8));
#15969=CARTESIAN_POINT('Ctrl Pts',(-8.24660605513271,3.07734402147363,19.));
#15970=CARTESIAN_POINT('Ctrl Pts',(-8.24660605513271,3.07734402147363,18.8));
#15971=CARTESIAN_POINT('Ctrl Pts',(-7.69604918101569,3.05855106837491,19.));
#15972=CARTESIAN_POINT('Ctrl Pts',(-7.69604918101569,3.05855106837491,18.8));
#15973=CARTESIAN_POINT('Ctrl Pts',(-7.24453582782683,2.74813520326697,19.));
#15974=CARTESIAN_POINT('Ctrl Pts',(-7.24453582782683,2.74813520326697,18.8));
#15975=CARTESIAN_POINT('Ctrl Pts',(-7.04193991676966,2.60885031932282,19.));
#15976=CARTESIAN_POINT('Ctrl Pts',(-7.04193991676966,2.60885031932282,18.8));
#15977=CARTESIAN_POINT('',(-8.55012578026453,3.08770449870514,19.));
#15978=CARTESIAN_POINT('Ctrl Pts',(-8.55012578026453,3.08770449870514,19.));
#15979=CARTESIAN_POINT('Ctrl Pts',(-8.24660605513271,3.07734402147363,19.));
#15980=CARTESIAN_POINT('Ctrl Pts',(-7.69604918101569,3.05855106837491,19.));
#15981=CARTESIAN_POINT('Ctrl Pts',(-7.24453582782683,2.74813520326697,19.));
#15982=CARTESIAN_POINT('Ctrl Pts',(-7.04193991676966,2.60885031932282,19.));
#15983=CARTESIAN_POINT('',(-8.55012578026453,3.08770449870514,19.));
#15984=CARTESIAN_POINT('Origin',(-11.6319815541903,3.08770449870514,19.));
#15985=CARTESIAN_POINT('',(-11.6319815541903,3.08770449870514,19.));
#15986=CARTESIAN_POINT('',(-5.81599077709516,3.08770449870514,19.));
#15987=CARTESIAN_POINT('',(-11.6319815541903,3.08770449870514,19.));
#15988=CARTESIAN_POINT('Origin',(-11.6319815541903,-2.91229573971344,19.));
#15989=CARTESIAN_POINT('',(-11.6319815541903,-2.91229573971344,19.));
#15990=CARTESIAN_POINT('',(-11.6319815541903,-1.45614786985672,19.));
#15991=CARTESIAN_POINT('',(-11.6319815541903,-2.91229573971344,19.));
#15992=CARTESIAN_POINT('Origin',(-9.76977151886622,-2.91229573971344,19.));
#15993=CARTESIAN_POINT('',(-4.88488575943311,-2.91229573971344,19.));
#15994=CARTESIAN_POINT('Origin',(-18.6756382610003,-1.55349640137268,19.));
#15995=CARTESIAN_POINT('',(-18.6756382610003,-1.55349640137268,19.));
#15996=CARTESIAN_POINT('',(-18.6756382610003,-2.91229573971344,19.));
#15997=CARTESIAN_POINT('',(-18.6756382610003,-0.776748200686339,19.));
#15998=CARTESIAN_POINT('',(-18.6756382610003,-1.55349640137268,19.));
#15999=CARTESIAN_POINT('',(-18.6756382610003,-2.91229573971344,19.));
#16000=CARTESIAN_POINT('Origin',(-21.8761841680209,-1.55349640137268,19.));
#16001=CARTESIAN_POINT('',(-21.8761841680209,-1.55349640137268,19.));
#16002=CARTESIAN_POINT('',(-10.9380920840104,-1.55349640137268,19.));
#16003=CARTESIAN_POINT('',(-21.8761841680209,-1.55349640137268,19.));
#16004=CARTESIAN_POINT('Origin',(-21.8761841680209,-0.370685737195738,19.));
#16005=CARTESIAN_POINT('',(-21.8761841680209,-0.370685737195738,19.));
#16006=CARTESIAN_POINT('',(-21.8761841680209,-0.185342868597869,19.));
#16007=CARTESIAN_POINT('',(-21.8761841680209,-0.370685737195738,19.));
#16008=CARTESIAN_POINT('Origin',(-18.9907817269961,-0.370685737195737,19.));
#16009=CARTESIAN_POINT('',(-18.9907817269961,-0.370685737195737,19.));
#16010=CARTESIAN_POINT('',(-9.49539086349805,-0.370685737195736,19.));
#16011=CARTESIAN_POINT('',(-18.9907817269961,-0.370685737195737,19.));
#16012=CARTESIAN_POINT('Origin',(-18.9907817269961,0.853052456316226,19.));
#16013=CARTESIAN_POINT('',(-18.9907817269961,0.853052456316226,19.));
#16014=CARTESIAN_POINT('',(-18.9907817269961,0.426526228158113,19.));
#16015=CARTESIAN_POINT('',(-18.9907817269961,0.853052456316226,19.));
#16016=CARTESIAN_POINT('Origin',(-21.8761841680209,0.853052456316226,19.));
#16017=CARTESIAN_POINT('',(-21.8761841680209,0.853052456316226,19.));
#16018=CARTESIAN_POINT('',(-10.9380920840104,0.853052456316227,19.));
#16019=CARTESIAN_POINT('',(-21.8761841680209,0.853052456316226,19.));
#16020=CARTESIAN_POINT('Origin',(-21.8761841680209,1.80666746610092,19.));
#16021=CARTESIAN_POINT('',(-21.8761841680209,1.80666746610092,19.));
#16022=CARTESIAN_POINT('',(-21.8761841680209,0.903333733050462,19.));
#16023=CARTESIAN_POINT('',(-21.8761841680209,1.80666746610092,19.));
#16024=CARTESIAN_POINT('Origin',(-18.7656794215838,1.80666746610092,19.));
#16025=CARTESIAN_POINT('',(-18.7656794215838,1.80666746610092,19.));
#16026=CARTESIAN_POINT('',(-9.3828397107919,1.80666746610093,19.));
#16027=CARTESIAN_POINT('',(-18.7656794215838,1.80666746610092,19.));
#16028=CARTESIAN_POINT('Origin',(-18.7656794215838,3.08770449870514,19.));
#16029=CARTESIAN_POINT('',(-18.7656794215838,3.08770449870514,19.));
#16030=CARTESIAN_POINT('',(-18.7656794215838,1.54385224935257,19.));
#16031=CARTESIAN_POINT('',(-18.7656794215838,3.08770449870514,19.));
#16032=CARTESIAN_POINT('Origin',(-23.7343013759057,3.08770449870514,19.));
#16033=CARTESIAN_POINT('',(-23.7343013759057,3.08770449870514,19.));
#16034=CARTESIAN_POINT('',(-11.8671506879528,3.08770449870514,19.));
#16035=CARTESIAN_POINT('',(-23.7343013759057,3.08770449870514,19.));
#16036=CARTESIAN_POINT('Origin',(-23.7343013759057,-2.91229573971344,19.));
#16037=CARTESIAN_POINT('',(-23.7343013759057,-2.91229573971344,19.));
#16038=CARTESIAN_POINT('',(-23.7343013759057,-1.45614786985672,19.));
#16039=CARTESIAN_POINT('',(-23.7343013759057,-2.91229573971344,19.));
#16040=CARTESIAN_POINT('Origin',(-18.6756382610003,-2.91229573971344,19.));
#16041=CARTESIAN_POINT('',(-9.33781913050016,-2.91229573971344,19.));
#16042=CARTESIAN_POINT('Origin',(30.9201787914102,-6.79267731647205,18.8));
#16043=CARTESIAN_POINT('',(30.9201787914102,-5.39267731647204,19.));
#16044=CARTESIAN_POINT('',(30.9201787914102,-5.39267731647204,19.));
#16045=CARTESIAN_POINT('',(29.5201787914102,-6.79267731647205,19.));
#16046=CARTESIAN_POINT('Origin',(30.9201787914102,-6.79267731647205,19.));
#16047=CARTESIAN_POINT('',(29.5201787914102,-6.79267731647205,19.));
#16048=CARTESIAN_POINT('Origin',(29.7201787914102,-3.64633865823602,18.8));
#16049=CARTESIAN_POINT('',(29.5201787914102,-7.29267731647204,19.));
#16050=CARTESIAN_POINT('',(29.5201787914102,-3.64633865823602,19.));
#16051=CARTESIAN_POINT('',(29.5201787914102,-7.29267731647204,19.));
#16052=CARTESIAN_POINT('Origin',(30.9201787914102,-7.29267731647204,18.8));
#16053=CARTESIAN_POINT('',(30.9201787914102,-8.69267731647204,19.));
#16054=CARTESIAN_POINT('Origin',(30.9201787914102,-7.29267731647204,19.));
#16055=CARTESIAN_POINT('',(30.9201787914102,-8.69267731647204,19.));
#16056=CARTESIAN_POINT('Origin',(16.4600893957051,-8.49267731647202,18.8));
#16057=CARTESIAN_POINT('',(32.9201787914102,-8.69267731647205,19.));
#16058=CARTESIAN_POINT('',(16.4600893957051,-8.69267731647202,19.));
#16059=CARTESIAN_POINT('',(32.9201787914102,-8.29267731647205,18.6));
#16060=CARTESIAN_POINT('Origin',(32.9201787914102,-7.29267731647204,18.8));
#16061=CARTESIAN_POINT('',(34.3201787914102,-7.29267731647205,19.));
#16062=CARTESIAN_POINT('Origin',(32.9201787914102,-7.29267731647204,19.));
#16063=CARTESIAN_POINT('',(33.9201787914102,-7.29267731647204,18.6));
#16064=CARTESIAN_POINT('Origin',(34.1201787914102,-3.39633865823618,18.8));
#16065=CARTESIAN_POINT('',(34.3201787914102,-6.79267731647205,19.));
#16066=CARTESIAN_POINT('',(34.3201787914102,-3.39633865823618,19.));
#16067=CARTESIAN_POINT('',(33.9201787914102,-6.79267731647205,18.6));
#16068=CARTESIAN_POINT('Origin',(32.9201787914102,-6.79267731647205,18.8));
#16069=CARTESIAN_POINT('',(32.9201787914102,-5.39267731647204,19.));
#16070=CARTESIAN_POINT('Origin',(32.9201787914102,-6.79267731647205,19.));
#16071=CARTESIAN_POINT('',(32.9201787914102,-5.79267731647204,18.6));
#16072=CARTESIAN_POINT('Origin',(15.4600893957051,-5.59267731647205,18.8));
#16073=CARTESIAN_POINT('',(15.4600893957051,-5.39267731647205,19.));
#16074=CARTESIAN_POINT('Origin',(16.4675271089989,22.8940565585821,13.5));
#16075=CARTESIAN_POINT('',(36.938726794926,24.5755753066047,19.));
#16076=CARTESIAN_POINT('',(33.2720095037234,21.4955762555402,8.92577703889712));
#16077=CARTESIAN_POINT('',(23.4000588367299,24.5755753066047,19.));
#16078=CARTESIAN_POINT('',(16.4675271089989,24.5755753066047,19.));
#16079=CARTESIAN_POINT('',(25.4768462873037,22.8310984710502,13.2940733745418));
#16080=CARTESIAN_POINT('Origin',(25.401895125194,10.6062689052797,13.5));
#16081=CARTESIAN_POINT('',(23.4000588367299,13.0318965817022,19.));
#16082=CARTESIAN_POINT('',(23.4000588367299,10.6062689052797,19.));
#16083=CARTESIAN_POINT('',(24.5833498343092,14.0258469902656,15.7489347035068));
#16084=CARTESIAN_POINT('Origin',(13.7018657068291,14.7134153297248,13.5));
#16085=CARTESIAN_POINT('',(36.938726794926,13.0318965817022,19.));
#16086=CARTESIAN_POINT('',(13.7018657068291,13.0318965817022,19.));
#16087=CARTESIAN_POINT('',(34.0852942246387,15.4287461097112,11.1602584451992));
#16088=CARTESIAN_POINT('Origin',(34.9368905064619,8.19746703887373,13.5));
#16089=CARTESIAN_POINT('',(36.938726794926,8.19746703887373,19.));
#16090=CARTESIAN_POINT('Origin',(37.8855500048245,-37.6130228604585,18.6));
#16091=CARTESIAN_POINT('',(39.0855500048245,-37.6130228604585,19.));
#16092=CARTESIAN_POINT('',(39.0855500048245,-37.6130228604585,19.));
#16093=CARTESIAN_POINT('',(37.8855500048245,-38.8130228604585,19.));
#16094=CARTESIAN_POINT('Origin',(37.8855500048245,-37.6130228604585,19.));
#16095=CARTESIAN_POINT('',(37.8855500048245,-39.6130228604585,18.2));
#16096=CARTESIAN_POINT('Origin',(-18.9427750024123,-39.2130228604585,18.6));
#16097=CARTESIAN_POINT('',(-37.8855500048245,-38.8130228604585,19.));
#16098=CARTESIAN_POINT('',(-18.9427750024123,-38.8130228604585,19.));
#16099=CARTESIAN_POINT('',(-37.8855500048245,-39.6130228604585,18.2));
#16100=CARTESIAN_POINT('Origin',(-37.8855500048245,-37.6130228604585,18.6));
#16101=CARTESIAN_POINT('',(-39.0855500048245,-37.6130228604585,19.));
#16102=CARTESIAN_POINT('Origin',(-37.8855500048245,-37.6130228604585,19.));
#16103=CARTESIAN_POINT('',(-39.8855500048245,-37.6130228604585,18.2));
#16104=CARTESIAN_POINT('Origin',(-39.4855500048245,18.8065114302293,18.6));
#16105=CARTESIAN_POINT('',(-39.0855500048245,37.6130228604585,19.));
#16106=CARTESIAN_POINT('',(-39.0855500048245,18.8065114302293,19.));
#16107=CARTESIAN_POINT('',(-39.8855500048245,37.6130228604585,18.2));
#16108=CARTESIAN_POINT('Origin',(-37.8855500048245,37.6130228604585,18.6));
#16109=CARTESIAN_POINT('',(-37.8855500048245,38.8130228604585,19.));
#16110=CARTESIAN_POINT('Origin',(-37.8855500048245,37.6130228604585,19.));
#16111=CARTESIAN_POINT('',(-37.8855500048245,39.6130228604585,18.2));
#16112=CARTESIAN_POINT('Origin',(18.9427750024123,39.2130228604585,18.6));
#16113=CARTESIAN_POINT('',(37.8855500048245,38.8130228604585,19.));
#16114=CARTESIAN_POINT('',(18.9427750024123,38.8130228604585,19.));
#16115=CARTESIAN_POINT('',(37.8855500048245,39.6130228604585,18.2));
#16116=CARTESIAN_POINT('Origin',(37.8855500048245,37.6130228604585,18.6));
#16117=CARTESIAN_POINT('',(39.0855500048245,37.6130228604585,19.));
#16118=CARTESIAN_POINT('Origin',(37.8855500048245,37.6130228604585,19.));
#16119=CARTESIAN_POINT('',(39.8855500048245,37.6130228604585,18.2));
#16120=CARTESIAN_POINT('Origin',(39.4855500048245,-18.8065114302293,18.6));
#16121=CARTESIAN_POINT('',(39.0855500048245,-18.8065114302293,19.));
#16122=CARTESIAN_POINT('Origin',(29.1079505494803,27.9837472601141,18.5));
#16123=CARTESIAN_POINT('',(32.0696870895877,27.9837472601141,19.));
#16124=CARTESIAN_POINT('Origin',(29.1079505494803,27.9837472601141,19.));
#16125=CARTESIAN_POINT('',(31.5696870895877,27.9837472601141,18.5));
#16126=CARTESIAN_POINT('Origin',(30.9201787914102,-1.49267731647205,18.8));
#16127=CARTESIAN_POINT('',(30.9201787914102,-0.0926773164720443,19.));
#16128=CARTESIAN_POINT('',(30.9201787914102,-0.0926773164720443,19.));
#16129=CARTESIAN_POINT('',(29.5201787914102,-1.49267731647205,19.));
#16130=CARTESIAN_POINT('Origin',(30.9201787914102,-1.49267731647205,19.));
#16131=CARTESIAN_POINT('',(29.5201787914102,-1.49267731647205,19.));
#16132=CARTESIAN_POINT('Origin',(29.7201787914102,-0.99633865823602,18.8));
#16133=CARTESIAN_POINT('',(29.5201787914102,-1.99267731647204,19.));
#16134=CARTESIAN_POINT('',(29.5201787914102,-0.99633865823602,19.));
#16135=CARTESIAN_POINT('',(29.5201787914102,-1.99267731647204,19.));
#16136=CARTESIAN_POINT('Origin',(30.9201787914102,-1.99267731647204,18.8));
#16137=CARTESIAN_POINT('',(30.9201787914102,-3.39267731647204,19.));
#16138=CARTESIAN_POINT('Origin',(30.9201787914102,-1.99267731647204,19.));
#16139=CARTESIAN_POINT('',(30.9201787914102,-3.39267731647204,19.));
#16140=CARTESIAN_POINT('Origin',(16.4600893957051,-3.19267731647202,18.8));
#16141=CARTESIAN_POINT('',(32.9201787914102,-3.39267731647205,19.));
#16142=CARTESIAN_POINT('',(16.4600893957051,-3.39267731647202,19.));
#16143=CARTESIAN_POINT('',(32.9201787914102,-2.99267731647205,18.6));
#16144=CARTESIAN_POINT('Origin',(32.9201787914102,-1.99267731647204,18.8));
#16145=CARTESIAN_POINT('',(34.3201787914102,-1.99267731647205,19.));
#16146=CARTESIAN_POINT('Origin',(32.9201787914102,-1.99267731647204,19.));
#16147=CARTESIAN_POINT('',(33.9201787914102,-1.99267731647204,18.6));
#16148=CARTESIAN_POINT('Origin',(34.1201787914102,-0.746338658236177,18.8));
#16149=CARTESIAN_POINT('',(34.3201787914102,-1.49267731647205,19.));
#16150=CARTESIAN_POINT('',(34.3201787914102,-0.746338658236179,19.));
#16151=CARTESIAN_POINT('',(33.9201787914102,-1.49267731647205,18.6));
#16152=CARTESIAN_POINT('Origin',(32.9201787914102,-1.49267731647205,18.8));
#16153=CARTESIAN_POINT('',(32.9201787914102,-0.0926773164720432,19.));
#16154=CARTESIAN_POINT('Origin',(32.9201787914102,-1.49267731647205,19.));
#16155=CARTESIAN_POINT('',(32.9201787914102,-0.492677316472043,18.6));
#16156=CARTESIAN_POINT('Origin',(15.4600893957051,-0.292677316472053,18.8));
#16157=CARTESIAN_POINT('',(15.4600893957051,-0.0926773164720529,19.));
#16158=CARTESIAN_POINT('Origin',(-4.5205478303401,19.8037359441534,18.7));
#16159=CARTESIAN_POINT('',(-4.5205478303401,18.2037359441534,19.));
#16160=CARTESIAN_POINT('',(-4.5205478303401,18.2037359441534,19.));
#16161=CARTESIAN_POINT('',(-6.1205478303401,19.8037359441534,19.));
#16162=CARTESIAN_POINT('',(-6.1205478303401,19.8037359441534,19.));
#16163=CARTESIAN_POINT('Origin',(-4.5205478303401,19.8037359441534,19.));
#16164=CARTESIAN_POINT('Origin',(8.35066402047988,18.5037359441534,18.7));
#16165=CARTESIAN_POINT('',(15.7013280409598,18.2037359441534,19.));
#16166=CARTESIAN_POINT('',(8.35066402047988,18.2037359441534,19.));
#16167=CARTESIAN_POINT('',(15.7013280409598,18.2037359441534,19.));
#16168=CARTESIAN_POINT('Origin',(15.7013280409598,19.8037359441534,18.7));
#16169=CARTESIAN_POINT('',(17.3013280409598,19.8037359441534,19.));
#16170=CARTESIAN_POINT('',(17.3013280409598,19.8037359441534,19.));
#16171=CARTESIAN_POINT('Origin',(15.7013280409598,19.8037359441534,19.));
#16172=CARTESIAN_POINT('Origin',(17.0013280409598,14.9552074147668,18.7));
#16173=CARTESIAN_POINT('',(17.3013280409598,28.9104148295335,19.));
#16174=CARTESIAN_POINT('',(17.3013280409598,14.9552074147668,19.));
#16175=CARTESIAN_POINT('',(16.7013280409598,28.9104148295335,18.4));
#16176=CARTESIAN_POINT('Origin',(15.7013280409598,28.9104148295335,18.7));
#16177=CARTESIAN_POINT('',(15.7013280409598,30.5104148295335,19.));
#16178=CARTESIAN_POINT('',(15.7013280409598,29.9104148295335,18.4));
#16179=CARTESIAN_POINT('Origin',(15.7013280409598,28.9104148295335,19.));
#16180=CARTESIAN_POINT('Origin',(-2.76027391517005,30.2104148295335,18.7));
#16181=CARTESIAN_POINT('',(-4.5205478303401,30.5104148295335,19.));
#16182=CARTESIAN_POINT('',(-2.76027391517005,30.5104148295335,19.));
#16183=CARTESIAN_POINT('',(-4.5205478303401,29.9104148295335,18.4));
#16184=CARTESIAN_POINT('Origin',(-4.5205478303401,28.9104148295335,18.7));
#16185=CARTESIAN_POINT('',(-6.1205478303401,28.9104148295335,19.));
#16186=CARTESIAN_POINT('',(-5.5205478303401,28.9104148295335,18.4));
#16187=CARTESIAN_POINT('Origin',(-4.5205478303401,28.9104148295335,19.));
#16188=CARTESIAN_POINT('Origin',(-5.8205478303401,9.40186797207672,18.7));
#16189=CARTESIAN_POINT('',(-6.1205478303401,9.40186797207672,19.));
#16190=CARTESIAN_POINT('Origin',(-31.827221066359,11.1713514360636,18.8));
#16191=CARTESIAN_POINT('',(-30.427221066359,11.1713514360636,19.));
#16192=CARTESIAN_POINT('',(-30.427221066359,11.1713514360636,19.));
#16193=CARTESIAN_POINT('',(-31.827221066359,12.5713514360636,19.));
#16194=CARTESIAN_POINT('Origin',(-31.827221066359,11.1713514360636,19.));
#16195=CARTESIAN_POINT('',(-31.827221066359,12.5713514360636,19.));
#16196=CARTESIAN_POINT('Origin',(-17.6820936042118,12.3713514360636,18.8));
#16197=CARTESIAN_POINT('',(-35.3641872084237,12.5713514360636,19.));
#16198=CARTESIAN_POINT('',(-17.6820936042118,12.5713514360636,19.));
#16199=CARTESIAN_POINT('',(-35.3641872084237,12.5713514360636,19.));
#16200=CARTESIAN_POINT('Origin',(-35.3641872084236,11.1713514360636,18.8));
#16201=CARTESIAN_POINT('',(-36.7641872084236,11.1713514360636,19.));
#16202=CARTESIAN_POINT('Origin',(-35.3641872084236,11.1713514360636,19.));
#16203=CARTESIAN_POINT('',(-36.7641872084236,11.1713514360636,19.));
#16204=CARTESIAN_POINT('Origin',(-36.5641872084236,1.18445070710173,18.8));
#16205=CARTESIAN_POINT('',(-36.7641872084236,2.36890141420346,19.));
#16206=CARTESIAN_POINT('',(-36.7641872084236,1.18445070710173,19.));
#16207=CARTESIAN_POINT('',(-36.3641872084236,2.36890141420346,18.6));
#16208=CARTESIAN_POINT('Origin',(-35.3641872084237,2.36890141420346,18.8));
#16209=CARTESIAN_POINT('',(-35.3641872084236,0.968901414203465,19.));
#16210=CARTESIAN_POINT('Origin',(-35.3641872084237,2.36890141420346,19.));
#16211=CARTESIAN_POINT('',(-35.3641872084236,1.36890141420347,18.6));
#16212=CARTESIAN_POINT('Origin',(-15.9136105331795,1.16890141420347,18.8));
#16213=CARTESIAN_POINT('',(-31.827221066359,0.968901414203464,19.));
#16214=CARTESIAN_POINT('',(-15.9136105331795,0.968901414203465,19.));
#16215=CARTESIAN_POINT('',(-31.827221066359,1.36890141420347,18.6));
#16216=CARTESIAN_POINT('Origin',(-31.827221066359,2.36890141420346,18.8));
#16217=CARTESIAN_POINT('',(-30.427221066359,2.36890141420346,19.));
#16218=CARTESIAN_POINT('Origin',(-31.827221066359,2.36890141420346,19.));
#16219=CARTESIAN_POINT('',(-30.827221066359,2.36890141420346,18.6));
#16220=CARTESIAN_POINT('Origin',(-30.627221066359,5.58567571803181,18.8));
#16221=CARTESIAN_POINT('',(-30.427221066359,5.58567571803181,19.));
#16222=CARTESIAN_POINT('Origin',(-31.827221066359,-28.6055686620939,19.));
#16223=CARTESIAN_POINT('Origin',(-31.827221066359,-28.6055686620939,18.6));
#16224=CARTESIAN_POINT('',(-30.827221066359,-28.6055686620939,19.));
#16225=CARTESIAN_POINT('Origin',(-15.9136105331795,-29.8055686620939,18.8));
#16226=CARTESIAN_POINT('',(-31.827221066359,-30.0055686620939,19.));
#16227=CARTESIAN_POINT('',(-15.9136105331795,-30.0055686620939,19.));
#16228=CARTESIAN_POINT('',(-31.827221066359,-29.6055686620939,18.6));
#16229=CARTESIAN_POINT('Origin',(-30.827221066359,-1.08835690851125,19.));
#16230=CARTESIAN_POINT('Origin',(-31.827221066359,-1.08835690851125,18.8));
#16231=CARTESIAN_POINT('Origin',(-31.827221066359,-1.08835690851125,19.));
#16232=CARTESIAN_POINT('Origin',(0.,0.,19.));
#16233=CARTESIAN_POINT('Origin',(-31.827221066359,-28.6055686620939,19.));
#16234=CARTESIAN_POINT('Origin',(-31.827221066359,-28.6055686620939,18.8));
#16235=CARTESIAN_POINT('',(0.,0.,0.));
#16236=CARTESIAN_POINT('',(0.,0.,0.));
#16237=UNCERTAINTY_MEASURE_WITH_UNIT(LENGTH_MEASURE(0.01),#16245,
'DISTANCE_ACCURACY_VALUE',
'Maximum model space distance between geometric entities at asserted c
onnectivities');
#16238=UNCERTAINTY_MEASURE_WITH_UNIT(LENGTH_MEASURE(0.01),#16245,
'DISTANCE_ACCURACY_VALUE',
'Maximum model space distance between geometric entities at asserted c
onnectivities');
#16239=UNCERTAINTY_MEASURE_WITH_UNIT(LENGTH_MEASURE(0.01),#16245,
'DISTANCE_ACCURACY_VALUE',
'Maximum model space distance between geometric entities at asserted c
onnectivities');
#16240=UNCERTAINTY_MEASURE_WITH_UNIT(LENGTH_MEASURE(0.01),#16245,
'DISTANCE_ACCURACY_VALUE',
'Maximum model space distance between geometric entities at asserted c
onnectivities');
#16241=(
GEOMETRIC_REPRESENTATION_CONTEXT(3)
GLOBAL_UNCERTAINTY_ASSIGNED_CONTEXT((#16237))
GLOBAL_UNIT_ASSIGNED_CONTEXT((#16245,#16247,#16248))
REPRESENTATION_CONTEXT('','3D')
);
#16242=(
GEOMETRIC_REPRESENTATION_CONTEXT(3)
GLOBAL_UNCERTAINTY_ASSIGNED_CONTEXT((#16238))
GLOBAL_UNIT_ASSIGNED_CONTEXT((#16245,#16247,#16248))
REPRESENTATION_CONTEXT('','3D')
);
#16243=(
GEOMETRIC_REPRESENTATION_CONTEXT(3)
GLOBAL_UNCERTAINTY_ASSIGNED_CONTEXT((#16239))
GLOBAL_UNIT_ASSIGNED_CONTEXT((#16245,#16247,#16248))
REPRESENTATION_CONTEXT('','3D')
);
#16244=(
GEOMETRIC_REPRESENTATION_CONTEXT(3)
GLOBAL_UNCERTAINTY_ASSIGNED_CONTEXT((#16240))
GLOBAL_UNIT_ASSIGNED_CONTEXT((#16245,#16247,#16248))
REPRESENTATION_CONTEXT('','3D')
);
#16245=(
LENGTH_UNIT()
NAMED_UNIT(*)
SI_UNIT(.MILLI.,.METRE.)
);
#16246=(
LENGTH_UNIT()
NAMED_UNIT(*)
SI_UNIT($,.METRE.)
);
#16247=(
NAMED_UNIT(*)
PLANE_ANGLE_UNIT()
SI_UNIT($,.RADIAN.)
);
#16248=(
NAMED_UNIT(*)
SI_UNIT($,.STERADIAN.)
SOLID_ANGLE_UNIT()
);
#16249=SHAPE_DEFINITION_REPRESENTATION(#16252,#16257);
#16250=SHAPE_DEFINITION_REPRESENTATION(#16253,#16258);
#16251=SHAPE_DEFINITION_REPRESENTATION(#16254,#16259);
#16252=PRODUCT_DEFINITION_SHAPE('',$,#16261);
#16253=PRODUCT_DEFINITION_SHAPE('',$,#16262);
#16254=PRODUCT_DEFINITION_SHAPE('',$,#16263);
#16255=PRODUCT_DEFINITION_SHAPE($,$,#19);
#16256=PRODUCT_DEFINITION_SHAPE($,$,#20);
#16257=SHAPE_REPRESENTATION('',(#9153,#9757),#16241);
#16258=SHAPE_REPRESENTATION('',(#9154,#9756),#16242);
#16259=SHAPE_REPRESENTATION('',(#9155),#16243);
#16260=PRODUCT_DEFINITION_CONTEXT('part definition',#16271,'design');
#16261=PRODUCT_DEFINITION('ESP32-EVB(Rev.K)','ESP32-EVB(Rev.K) v21',#16264,
#16260);
#16262=PRODUCT_DEFINITION('base','base',#16265,#16260);
#16263=PRODUCT_DEFINITION('lid','lid',#16266,#16260);
#16264=PRODUCT_DEFINITION_FORMATION('',$,#16273);
#16265=PRODUCT_DEFINITION_FORMATION('',$,#16274);
#16266=PRODUCT_DEFINITION_FORMATION('',$,#16275);
#16267=PRODUCT_RELATED_PRODUCT_CATEGORY('ESP32-EVB(Rev.K) v21',
'ESP32-EVB(Rev.K) v21',(#16273));
#16268=PRODUCT_RELATED_PRODUCT_CATEGORY('base','base',(#16274));
#16269=PRODUCT_RELATED_PRODUCT_CATEGORY('lid','lid',(#16275));
#16270=APPLICATION_PROTOCOL_DEFINITION('international standard',
'automotive_design',2009,#16271);
#16271=APPLICATION_CONTEXT(
'Core Data for Automotive Mechanical Design Process');
#16272=PRODUCT_CONTEXT('part definition',#16271,'mechanical');
#16273=PRODUCT('ESP32-EVB(Rev.K)','ESP32-EVB(Rev.K) v21',$,(#16272));
#16274=PRODUCT('base','base',$,(#16272));
#16275=PRODUCT('lid','lid',$,(#16272));
#16276=PRESENTATION_STYLE_ASSIGNMENT((#16281));
#16277=PRESENTATION_STYLE_ASSIGNMENT((#16282));
#16278=PRESENTATION_STYLE_ASSIGNMENT((#16283));
#16279=PRESENTATION_STYLE_ASSIGNMENT((#16284));
#16280=PRESENTATION_STYLE_ASSIGNMENT((#16285));
#16281=SURFACE_STYLE_USAGE(.BOTH.,#16286);
#16282=SURFACE_STYLE_USAGE(.BOTH.,#16287);
#16283=SURFACE_STYLE_USAGE(.BOTH.,#16288);
#16284=SURFACE_STYLE_USAGE(.BOTH.,#16289);
#16285=SURFACE_STYLE_USAGE(.BOTH.,#16290);
#16286=SURFACE_SIDE_STYLE('',(#16291));
#16287=SURFACE_SIDE_STYLE('',(#16292));
#16288=SURFACE_SIDE_STYLE('',(#16293));
#16289=SURFACE_SIDE_STYLE('',(#16294));
#16290=SURFACE_SIDE_STYLE('',(#16295));
#16291=SURFACE_STYLE_FILL_AREA(#16296);
#16292=SURFACE_STYLE_FILL_AREA(#16297);
#16293=SURFACE_STYLE_FILL_AREA(#16298);
#16294=SURFACE_STYLE_FILL_AREA(#16299);
#16295=SURFACE_STYLE_FILL_AREA(#16300);
#16296=FILL_AREA_STYLE('Opaque(245,245,246)',(#16301));
#16297=FILL_AREA_STYLE('Plate',(#16302));
#16298=FILL_AREA_STYLE('Steel - Satin',(#16303));
#16299=FILL_AREA_STYLE('Opaque(25,25,25)',(#16304));
#16300=FILL_AREA_STYLE('Glass - Heavy Color (Blue)',(#16305));
#16301=FILL_AREA_STYLE_COLOUR('Opaque(245,245,246)',#16306);
#16302=FILL_AREA_STYLE_COLOUR('Plate',#16307);
#16303=FILL_AREA_STYLE_COLOUR('Steel - Satin',#16308);
#16304=FILL_AREA_STYLE_COLOUR('Opaque(25,25,25)',#16309);
#16305=FILL_AREA_STYLE_COLOUR('Glass - Heavy Color (Blue)',#16310);
#16306=COLOUR_RGB('Opaque(245,245,246)',0.96078431372549,0.96078431372549,
0.964705882352941);
#16307=COLOUR_RGB('Plate',1.,0.996078431372549,0.996078431372549);
#16308=COLOUR_RGB('Steel - Satin',0.627450980392157,0.627450980392157,0.627450980392157);
#16309=COLOUR_RGB('Opaque(25,25,25)',0.0980392156862745,0.0980392156862745,
0.0980392156862745);
#16310=COLOUR_RGB('Glass - Heavy Color (Blue)',0.423529411764706,0.768627450980392,
0.854901960784314);
ENDSEC;
END-ISO-10303-21;
